code	parent	level	unit	name
01		1	thành phố	Hà Nội
001	01	2	quận	Ba Đình
00001	001	3	phường	Phúc Xá
00004	001	3	phường	Trúc Bạch
00006	001	3	phường	Vĩnh Phúc
00007	001	3	phường	Cống Vị
00008	001	3	phường	Liễu Giai
00013	001	3	phường	Quán Thánh
00016	001	3	phường	Ngọc Hà
00019	001	3	phường	Điện Biên
00022	001	3	phường	Đội Cấn
00025	001	3	phường	Ngọc Khánh
00028	001	3	phường	Kim Mã
00031	001	3	phường	Giảng Võ
00034	001	3	phường	Thành Công
002	01	2	quận	Hoàn Kiếm
00037	002	3	phường	Phúc Tân
00040	002	3	phường	Đồng Xuân
00043	002	3	phường	Hàng Mã
00046	002	3	phường	Hàng Buồm
00049	002	3	phường	Hàng Đào
00052	002	3	phường	Hàng Bồ
00055	002	3	phường	Cửa Đông
00058	002	3	phường	Lý Thái Tổ
00061	002	3	phường	Hàng Bạc
00064	002	3	phường	Hàng Gai
00067	002	3	phường	Chương Dương
00070	002	3	phường	Hàng Trống
00073	002	3	phường	Cửa Nam
00076	002	3	phường	Hàng Bông
00079	002	3	phường	Tràng Tiền
00082	002	3	phường	Trần Hưng Đạo
00085	002	3	phường	Phan Chu Trinh
00088	002	3	phường	Hàng Bài
003	01	2	quận	Tây Hồ
00091	003	3	phường	Phú Thượng
00094	003	3	phường	Nhật Tân
00097	003	3	phường	Tứ Liên
00100	003	3	phường	Quảng An
00103	003	3	phường	Xuân La
00106	003	3	phường	Yên Phụ
00109	003	3	phường	Bưởi
00112	003	3	phường	Thụy Khuê
004	01	2	quận	Long Biên
00115	004	3	phường	Thượng Thanh
00118	004	3	phường	Ngọc Thụy
00121	004	3	phường	Giang Biên
00124	004	3	phường	Đức Giang
00127	004	3	phường	Việt Hưng
00130	004	3	phường	Gia Thụy
00133	004	3	phường	Ngọc Lâm
00136	004	3	phường	Phúc Lợi
00139	004	3	phường	Bồ Đề
00145	004	3	phường	Long Biên
00148	004	3	phường	Thạch Bàn
00151	004	3	phường	Phúc Đồng
00154	004	3	phường	Cự Khối
005	01	2	quận	Cầu Giấy
00157	005	3	phường	Nghĩa Đô
00160	005	3	phường	Nghĩa Tân
00163	005	3	phường	Mai Dịch
00166	005	3	phường	Dịch Vọng
00167	005	3	phường	Dịch Vọng Hậu
00169	005	3	phường	Quan Hoa
00172	005	3	phường	Yên Hoà
00175	005	3	phường	Trung Hoà
006	01	2	quận	Đống Đa
00178	006	3	phường	Cát Linh
00181	006	3	phường	Văn Miếu - Quốc Tử Giám
00187	006	3	phường	Láng Thượng
00190	006	3	phường	Ô Chợ Dừa
00193	006	3	phường	Văn Chương
00196	006	3	phường	Hàng Bột
00199	006	3	phường	Láng Hạ
00202	006	3	phường	Khâm Thiên
00205	006	3	phường	Thổ Quan
00208	006	3	phường	Nam Đồng
00214	006	3	phường	Quang Trung
00217	006	3	phường	Trung Liệt
00226	006	3	phường	Phương Liên - Trung Tự
00229	006	3	phường	Kim Liên
00232	006	3	phường	Phương Mai
00235	006	3	phường	Thịnh Quang
00238	006	3	phường	Khương Thượng
007	01	2	quận	Hai Bà Trưng
00241	007	3	phường	Nguyễn Du
00244	007	3	phường	Bạch Đằng
00247	007	3	phường	Phạm Đình Hổ
00256	007	3	phường	Lê Đại Hành
00259	007	3	phường	Đồng Nhân
00262	007	3	phường	Phố Huế
00268	007	3	phường	Thanh Lương
00271	007	3	phường	Thanh Nhàn
00277	007	3	phường	Bách Khoa
00280	007	3	phường	Đồng Tâm
00283	007	3	phường	Vĩnh Tuy
00289	007	3	phường	Quỳnh Mai
00292	007	3	phường	Bạch Mai
00295	007	3	phường	Minh Khai
00298	007	3	phường	Trương Định
008	01	2	quận	Hoàng Mai
00301	008	3	phường	Thanh Trì
00304	008	3	phường	Vĩnh Hưng
00307	008	3	phường	Định Công
00310	008	3	phường	Mai Động
00313	008	3	phường	Tương Mai
00316	008	3	phường	Đại Kim
00319	008	3	phường	Tân Mai
00322	008	3	phường	Hoàng Văn Thụ
00325	008	3	phường	Giáp Bát
00328	008	3	phường	Lĩnh Nam
00331	008	3	phường	Thịnh Liệt
00334	008	3	phường	Trần Phú
00337	008	3	phường	Hoàng Liệt
00340	008	3	phường	Yên Sở
009	01	2	quận	Thanh Xuân
00343	009	3	phường	Nhân Chính
00346	009	3	phường	Thượng Đình
00349	009	3	phường	Khương Trung
00352	009	3	phường	Khương Mai
00355	009	3	phường	Thanh Xuân Trung
00358	009	3	phường	Phương Liệt
00364	009	3	phường	Khương Đình
00367	009	3	phường	Thanh Xuân Bắc
00373	009	3	phường	Hạ Đình
016	01	2	huyện	Sóc Sơn
00376	016	3	thị trấn	Sóc Sơn
00379	016	3	xã	Bắc Sơn
00382	016	3	xã	Minh Trí
00385	016	3	xã	Hồng Kỳ
00388	016	3	xã	Nam Sơn
00391	016	3	xã	Trung Giã
00394	016	3	xã	Tân Hưng
00397	016	3	xã	Minh Phú
00400	016	3	xã	Phù Linh
00403	016	3	xã	Bắc Phú
00406	016	3	xã	Tân Minh
00409	016	3	xã	Quang Tiến
00412	016	3	xã	Hiền Ninh
00415	016	3	xã	Tân Dân
00418	016	3	xã	Tiên Dược
00421	016	3	xã	Việt Long
00424	016	3	xã	Xuân Giang
00427	016	3	xã	Mai Đình
00430	016	3	xã	Đức Hoà
00433	016	3	xã	Thanh Xuân
00436	016	3	xã	Đông Xuân
00439	016	3	xã	Kim Lũ
00442	016	3	xã	Phú Cường
00445	016	3	xã	Phú Minh
00448	016	3	xã	Phù Lỗ
00451	016	3	xã	Xuân Thu
017	01	2	huyện	Đông Anh
00454	017	3	thị trấn	Đông Anh
00457	017	3	xã	Xuân Nộn
00460	017	3	xã	Thuỵ Lâm
00463	017	3	xã	Bắc Hồng
00466	017	3	xã	Nguyên Khê
00469	017	3	xã	Nam Hồng
00472	017	3	xã	Tiên Dương
00475	017	3	xã	Vân Hà
00478	017	3	xã	Uy Nỗ
00481	017	3	xã	Vân Nội
00484	017	3	xã	Liên Hà
00487	017	3	xã	Việt Hùng
00490	017	3	xã	Kim Nỗ
00493	017	3	xã	Kim Chung
00496	017	3	xã	Dục Tú
00499	017	3	xã	Đại Mạch
00502	017	3	xã	Vĩnh Ngọc
00505	017	3	xã	Cổ Loa
00508	017	3	xã	Hải Bối
00511	017	3	xã	Xuân Canh
00514	017	3	xã	Võng La
00517	017	3	xã	Tàm Xá
00520	017	3	xã	Mai Lâm
00523	017	3	xã	Đông Hội
018	01	2	huyện	Gia Lâm
00526	018	3	thị trấn	Yên Viên
00529	018	3	xã	Yên Thường
00532	018	3	xã	Yên Viên
00535	018	3	xã	Ninh Hiệp
00541	018	3	xã	Thiên Đức
00544	018	3	xã	Phù Đổng
00550	018	3	xã	Lệ Chi
00553	018	3	xã	Cổ Bi
00556	018	3	xã	Đặng Xá
00562	018	3	xã	Phú Sơn
00565	018	3	thị trấn	Trâu Quỳ
00568	018	3	xã	Dương Quang
00571	018	3	xã	Dương Xá
00577	018	3	xã	Đa Tốn
00580	018	3	xã	Kiêu Kỵ
00583	018	3	xã	Bát Tràng
00589	018	3	xã	Kim Đức
019	01	2	quận	Nam Từ Liêm
00592	019	3	phường	Cầu Diễn
00622	019	3	phường	Xuân Phương
00623	019	3	phường	Phương Canh
00625	019	3	phường	Mỹ Đình 1
00626	019	3	phường	Mỹ Đình 2
00628	019	3	phường	Tây Mỗ
00631	019	3	phường	Mễ Trì
00632	019	3	phường	Phú Đô
00634	019	3	phường	Đại Mỗ
00637	019	3	phường	Trung Văn
020	01	2	huyện	Thanh Trì
00640	020	3	thị trấn	Văn Điển
00643	020	3	xã	Tân Triều
00646	020	3	xã	Thanh Liệt
00649	020	3	xã	Tả Thanh Oai
00652	020	3	xã	Hữu Hoà
00655	020	3	xã	Tam Hiệp
00658	020	3	xã	Tứ Hiệp
00661	020	3	xã	Yên Mỹ
00664	020	3	xã	Vĩnh Quỳnh
00667	020	3	xã	Ngũ Hiệp
00670	020	3	xã	Duyên Hà
00673	020	3	xã	Ngọc Hồi
00676	020	3	xã	Vạn Phúc
00679	020	3	xã	Đại áng
00682	020	3	xã	Liên Ninh
00685	020	3	xã	Đông Mỹ
021	01	2	quận	Bắc Từ Liêm
00595	021	3	phường	Thượng Cát
00598	021	3	phường	Liên Mạc
00601	021	3	phường	Đông Ngạc
00602	021	3	phường	Đức Thắng
00604	021	3	phường	Thụy Phương
00607	021	3	phường	Tây Tựu
00610	021	3	phường	Xuân Đỉnh
00611	021	3	phường	Xuân Tảo
00613	021	3	phường	Minh Khai
00616	021	3	phường	Cổ Nhuế 1
00617	021	3	phường	Cổ Nhuế 2
00619	021	3	phường	Phú Diễn
00620	021	3	phường	Phúc Diễn
250	01	2	huyện	Mê Linh
08973	250	3	thị trấn	Chi Đông
08974	250	3	xã	Đại Thịnh
08977	250	3	xã	Kim Hoa
08980	250	3	xã	Thạch Đà
08983	250	3	xã	Tiến Thắng
08986	250	3	xã	Tự Lập
08989	250	3	thị trấn	Quang Minh
08992	250	3	xã	Thanh Lâm
08995	250	3	xã	Tam Đồng
08998	250	3	xã	Liên Mạc
09004	250	3	xã	Chu Phan
09007	250	3	xã	Tiến Thịnh
09010	250	3	xã	Mê Linh
09013	250	3	xã	Văn Khê
09016	250	3	xã	Hoàng Kim
09019	250	3	xã	Tiền Phong
09022	250	3	xã	Tráng Việt
268	01	2	quận	Hà Đông
09538	268	3	phường	Quang Trung
09541	268	3	phường	Mộ Lao
09542	268	3	phường	Văn Quán
09544	268	3	phường	Vạn Phúc
09551	268	3	phường	La Khê
09552	268	3	phường	Phú La
09553	268	3	phường	Phúc La
09556	268	3	phường	Hà Cầu
09562	268	3	phường	Yên Nghĩa
09565	268	3	phường	Kiến Hưng
09568	268	3	phường	Phú Lãm
09571	268	3	phường	Phú Lương
09886	268	3	phường	Dương Nội
10117	268	3	phường	Đồng Mai
10123	268	3	phường	Biên Giang
269	01	2	thị xã	Sơn Tây
09574	269	3	phường	Ngô Quyền
09577	269	3	phường	Phú Thịnh
09586	269	3	phường	Sơn Lộc
09589	269	3	phường	Xuân Khanh
09592	269	3	xã	Đường Lâm
09595	269	3	phường	Viên Sơn
09598	269	3	xã	Xuân Sơn
09601	269	3	phường	Trung Hưng
09604	269	3	xã	Thanh Mỹ
09607	269	3	phường	Trung Sơn Trầm
09610	269	3	xã	Kim Sơn
09613	269	3	xã	Sơn Đông
09616	269	3	xã	Cổ Đông
271	01	2	huyện	Ba Vì
09619	271	3	thị trấn	Tây Đằng
09625	271	3	xã	Phú Cường
09628	271	3	xã	Cổ Đô
09634	271	3	xã	Vạn Thắng
09640	271	3	xã	Phong Vân
09643	271	3	xã	Phú Đông
09646	271	3	xã	Phú Hồng
09649	271	3	xã	Phú Châu
09652	271	3	xã	Thái Hòa
09655	271	3	xã	Đồng Thái
09658	271	3	xã	Phú Sơn
09661	271	3	xã	Minh Châu
09664	271	3	xã	Vật Lại
09667	271	3	xã	Chu Minh
09670	271	3	xã	Tòng Bạt
09673	271	3	xã	Cẩm Lĩnh
09676	271	3	xã	Sơn Đà
09679	271	3	xã	Đông Quang
09682	271	3	xã	Tiên Phong
09685	271	3	xã	Thụy An
09688	271	3	xã	Cam Thượng
09691	271	3	xã	Thuần Mỹ
09694	271	3	xã	Tản Lĩnh
09697	271	3	xã	Ba Trại
09700	271	3	xã	Minh Quang
09703	271	3	xã	Ba Vì
09706	271	3	xã	Vân Hòa
09709	271	3	xã	Yên Bài
09712	271	3	xã	Khánh Thượng
272	01	2	huyện	Phúc Thọ
09715	272	3	thị trấn	Phúc Thọ
09721	272	3	xã	Vân Phúc
09724	272	3	xã	Nam Hà
09727	272	3	xã	Xuân Đình
09733	272	3	xã	Sen Phương
09739	272	3	xã	Võng Xuyên
09742	272	3	xã	Tích Lộc
09745	272	3	xã	Long Thượng
09751	272	3	xã	Hát Môn
09757	272	3	xã	Thanh Đa
09760	272	3	xã	Trạch Mỹ Lộc
09763	272	3	xã	Phúc Hòa
09766	272	3	xã	Ngọc Tảo
09769	272	3	xã	Phụng Thượng
09772	272	3	xã	Tam Thuấn
09775	272	3	xã	Tam Hiệp
09778	272	3	xã	Hiệp Thuận
09781	272	3	xã	Liên Hiệp
273	01	2	huyện	Đan Phượng
09784	273	3	thị trấn	Phùng
09787	273	3	xã	Trung Châu
09790	273	3	xã	Thọ An
09793	273	3	xã	Thọ Xuân
09796	273	3	xã	Hồng Hà
09799	273	3	xã	Liên Hồng
09802	273	3	xã	Liên Hà
09805	273	3	xã	Hạ Mỗ
09808	273	3	xã	Liên Trung
09811	273	3	xã	Phương Đình
09814	273	3	xã	Thượng Mỗ
09817	273	3	xã	Tân Hội
09820	273	3	xã	Tân Lập
09823	273	3	xã	Đan Phượng
09826	273	3	xã	Đồng Tháp
09829	273	3	xã	Song Phượng
274	01	2	huyện	Hoài Đức
09832	274	3	thị trấn	Trạm Trôi
09835	274	3	xã	Đức Thượng
09838	274	3	xã	Minh Khai
09841	274	3	xã	Dương Liễu
09844	274	3	xã	Di Trạch
09847	274	3	xã	Đức Giang
09850	274	3	xã	Cát Quế
09853	274	3	xã	Kim Chung
09856	274	3	xã	Yên Sở
09859	274	3	xã	Sơn Đồng
09862	274	3	xã	Vân Canh
09865	274	3	xã	Đắc Sở
09868	274	3	xã	Lại Yên
09871	274	3	xã	Tiền Yên
09874	274	3	xã	Song Phương
09877	274	3	xã	An Khánh
09880	274	3	xã	An Thượng
09883	274	3	xã	Vân Côn
09889	274	3	xã	La Phù
09892	274	3	xã	Đông La
275	01	2	huyện	Quốc Oai
04939	275	3	xã	Đông Xuân
09895	275	3	thị trấn	Quốc Oai
09898	275	3	xã	Sài Sơn
09904	275	3	xã	Phượng Sơn
09907	275	3	xã	Ngọc Liệp
09910	275	3	xã	Ngọc Mỹ
09916	275	3	xã	Thạch Thán
09919	275	3	xã	Đồng Quang
09922	275	3	xã	Phú Cát
09925	275	3	xã	Tuyết Nghĩa
09928	275	3	xã	Liệp Nghĩa
09931	275	3	xã	Cộng Hòa
09934	275	3	xã	Hưng Đạo
09940	275	3	xã	Phú Mãn
09943	275	3	xã	Cấn Hữu
09949	275	3	xã	Hòa Thạch
09952	275	3	xã	Đông Yên
276	01	2	huyện	Thạch Thất
04927	276	3	xã	Yên Trung
04930	276	3	xã	Yên Bình
04936	276	3	xã	Tiến Xuân
09955	276	3	thị trấn	Liên Quan
09958	276	3	xã	Đại Đồng
09961	276	3	xã	Cẩm Yên
09964	276	3	xã	Lại Thượng
09967	276	3	xã	Phú Kim
09970	276	3	xã	Hương Ngải
09973	276	3	xã	Lam Sơn
09976	276	3	xã	Kim Quan
09982	276	3	xã	Bình Yên
09988	276	3	xã	Thạch Hoà
09991	276	3	xã	Cần Kiệm
09997	276	3	xã	Phùng Xá
10000	276	3	xã	Tân Xã
10003	276	3	xã	Thạch Xá
10006	276	3	xã	Quang Trung
10009	276	3	xã	Hạ Bằng
10012	276	3	xã	Đồng Trúc
277	01	2	huyện	Chương Mỹ
10015	277	3	thị trấn	Chúc Sơn
10018	277	3	thị trấn	Xuân Mai
10021	277	3	xã	Phụng Châu
10024	277	3	xã	Tiên Phương
10027	277	3	xã	Đông Sơn
10030	277	3	xã	Đông Phương Yên
10033	277	3	xã	Phú Nghĩa
10039	277	3	xã	Trường Yên
10042	277	3	xã	Ngọc Hòa
10045	277	3	xã	Thủy Xuân Tiên
10048	277	3	xã	Thanh Bình
10051	277	3	xã	Trung Hòa
10054	277	3	xã	Đại Yên
10057	277	3	xã	Thụy Hương
10060	277	3	xã	Tốt Động
10063	277	3	xã	Lam Điền
10066	277	3	xã	Tân Tiến
10069	277	3	xã	Nam Phương Tiến
10072	277	3	xã	Hợp Đồng
10075	277	3	xã	Hoàng Văn Thụ
10078	277	3	xã	Hoàng Diệu
10081	277	3	xã	Hữu Văn
10084	277	3	xã	Quảng Bị
10087	277	3	xã	Mỹ Lương
10090	277	3	xã	Thượng Vực
10096	277	3	xã	Hồng Phú
10099	277	3	xã	Trần Phú
10102	277	3	xã	Văn Võ
10105	277	3	xã	Đồng Lạc
10108	277	3	xã	Hòa Phú
278	01	2	huyện	Thanh Oai
10114	278	3	thị trấn	Kim Bài
10120	278	3	xã	Cự Khê
10126	278	3	xã	Bích Hòa
10129	278	3	xã	Mỹ Hưng
10132	278	3	xã	Cao Viên
10135	278	3	xã	Bình Minh
10138	278	3	xã	Tam Hưng
10141	278	3	xã	Thanh Cao
10144	278	3	xã	Thanh Thùy
10147	278	3	xã	Thanh Mai
10150	278	3	xã	Thanh Văn
10153	278	3	xã	Đỗ Động
10156	278	3	xã	Kim An
10159	278	3	xã	Kim Thư
10162	278	3	xã	Phương Trung
10165	278	3	xã	Tân Ước
10168	278	3	xã	Dân Hòa
10171	278	3	xã	Liên Châu
10174	278	3	xã	Cao Xuân Dương
10180	278	3	xã	Hồng Dương
279	01	2	huyện	Thường Tín
10183	279	3	thị trấn	Thường Tín
10186	279	3	xã	Ninh Sở
10189	279	3	xã	Nhị Khê
10192	279	3	xã	Duyên Thái
10195	279	3	xã	Khánh Hà
10198	279	3	xã	Hòa Bình
10201	279	3	xã	Văn Bình
10204	279	3	xã	Hiền Giang
10207	279	3	xã	Hồng Vân
10210	279	3	xã	Vân Tảo
10213	279	3	xã	Liên Phương
10216	279	3	xã	Văn Phú
10219	279	3	xã	Tự Nhiên
10222	279	3	xã	Tiền Phong
10225	279	3	xã	Hà Hồi
10231	279	3	xã	Nguyễn Trãi
10234	279	3	xã	Quất Động
10237	279	3	xã	Chương Dương
10240	279	3	xã	Tân Minh
10243	279	3	xã	Lê Lợi
10246	279	3	xã	Thắng Lợi
10249	279	3	xã	Dũng Tiến
10255	279	3	xã	Nghiêm Xuyên
10258	279	3	xã	Tô Hiệu
10261	279	3	xã	Văn Tự
10264	279	3	xã	Vạn Nhất
10267	279	3	xã	Minh Cường
280	01	2	huyện	Phú Xuyên
10270	280	3	thị trấn	Phú Minh
10273	280	3	thị trấn	Phú Xuyên
10276	280	3	xã	Hồng Minh
10279	280	3	xã	Phượng Dực
10282	280	3	xã	Nam Tiến
10291	280	3	xã	Văn Hoàng
10294	280	3	xã	Phú Túc
10300	280	3	xã	Hồng Thái
10303	280	3	xã	Hoàng Long
10312	280	3	xã	Nam Phong
10315	280	3	xã	Tân Dân
10318	280	3	xã	Quang Hà
10321	280	3	xã	Chuyên Mỹ
10324	280	3	xã	Khai Thái
10327	280	3	xã	Phúc Tiến
10330	280	3	xã	Vân Từ
10333	280	3	xã	Tri Thủy
10336	280	3	xã	Đại Xuyên
10339	280	3	xã	Phú Yên
10342	280	3	xã	Bạch Hạ
10345	280	3	xã	Quang Lãng
10348	280	3	xã	Châu Can
10351	280	3	xã	Minh Tân
281	01	2	huyện	Ứng Hòa
10354	281	3	thị trấn	Vân Đình
10363	281	3	xã	Hoa Viên
10366	281	3	xã	Quảng Phú Cầu
10369	281	3	xã	Trường Thịnh
10375	281	3	xã	Liên Bạt
10378	281	3	xã	Cao Sơn Tiến
10384	281	3	xã	Phương Tú
10387	281	3	xã	Trung Tú
10390	281	3	xã	Đồng Tân
10393	281	3	xã	Tảo Dương Văn
10396	281	3	xã	Thái Hòa
10399	281	3	xã	Minh Đức
10402	281	3	xã	Trầm Lộng
10411	281	3	xã	Kim Đường
10417	281	3	xã	Hòa Phú
10423	281	3	xã	Đại Hùng
10426	281	3	xã	Đông Lỗ
10429	281	3	xã	Phù Lưu
10432	281	3	xã	Đại Cường
10435	281	3	xã	Bình Lưu Quang
282	01	2	huyện	Mỹ Đức
10441	282	3	thị trấn	Đại Nghĩa
10444	282	3	xã	Đồng Tâm
10447	282	3	xã	Thượng Lâm
10450	282	3	xã	Tuy Lai
10453	282	3	xã	Phúc Lâm
10459	282	3	xã	Mỹ Xuyên
10462	282	3	xã	An Mỹ
10465	282	3	xã	Hồng Sơn
10468	282	3	xã	Lê Thanh
10471	282	3	xã	Xuy Xá
10474	282	3	xã	Phùng Xá
10477	282	3	xã	Phù Lưu Tế
10480	282	3	xã	Đại Hưng
10483	282	3	xã	Vạn Tín
10489	282	3	xã	Hương Sơn
10492	282	3	xã	Hùng Tiến
10495	282	3	xã	An Tiến
10498	282	3	xã	Hợp Tiến
10501	282	3	xã	Hợp Thanh
10504	282	3	xã	An Phú
02		1	tỉnh	Hà Giang
024	02	2	thành phố	Hà Giang
00688	024	3	phường	Quang Trung
00691	024	3	phường	Trần Phú
00692	024	3	phường	Ngọc Hà
00694	024	3	phường	Nguyễn Trãi
00697	024	3	phường	Minh Khai
00700	024	3	xã	Ngọc Đường
00946	024	3	xã	Phương Độ
00949	024	3	xã	Phương Thiện
026	02	2	huyện	Đồng Văn
00712	026	3	thị trấn	Phó Bảng
00715	026	3	xã	Lũng Cú
00718	026	3	xã	Má Lé
00721	026	3	thị trấn	Đồng Văn
00724	026	3	xã	Lũng Táo
00727	026	3	xã	Phố Là
00730	026	3	xã	Thài Phìn Tủng
00733	026	3	xã	Sủng Là
00736	026	3	xã	Xà Phìn
00739	026	3	xã	Tả Phìn
00742	026	3	xã	Tả Lủng
00745	026	3	xã	Phố Cáo
00748	026	3	xã	Sính Lủng
00751	026	3	xã	Sảng Tủng
00754	026	3	xã	Lũng Thầu
00757	026	3	xã	Hố Quáng Phìn
00760	026	3	xã	Vần Chải
00763	026	3	xã	Lũng Phìn
00766	026	3	xã	Sủng Trái
027	02	2	huyện	Mèo Vạc
00769	027	3	thị trấn	Mèo Vạc
00772	027	3	xã	Thượng Phùng
00775	027	3	xã	Pải Lủng
00778	027	3	xã	Xín Cái
00781	027	3	xã	Pả Vi
00784	027	3	xã	Giàng Chu Phìn
00787	027	3	xã	Sủng Trà
00790	027	3	xã	Sủng Máng
00793	027	3	xã	Sơn Vĩ
00796	027	3	xã	Tả Lủng
00799	027	3	xã	Cán Chu Phìn
00802	027	3	xã	Lũng Pù
00805	027	3	xã	Lũng Chinh
00808	027	3	xã	Tát Ngà
00811	027	3	xã	Nậm Ban
00814	027	3	xã	Khâu Vai
00815	027	3	xã	Niêm Tòng
00817	027	3	xã	Niêm Sơn
028	02	2	huyện	Yên Minh
00820	028	3	thị trấn	Yên Minh
00823	028	3	xã	Thắng Mố
00826	028	3	xã	Phú Lũng
00829	028	3	xã	Sủng Tráng
00832	028	3	xã	Bạch Đích
00835	028	3	xã	Na Khê
00838	028	3	xã	Sủng Thài
00841	028	3	xã	Hữu Vinh
00844	028	3	xã	Lao Và Chải
00847	028	3	xã	Mậu Duệ
00850	028	3	xã	Đông Minh
00853	028	3	xã	Mậu Long
00856	028	3	xã	Ngam La
00859	028	3	xã	Ngọc Long
00862	028	3	xã	Đường Thượng
00865	028	3	xã	Lũng Hồ
00868	028	3	xã	Du Tiến
00871	028	3	xã	Du Già
029	02	2	huyện	Quản Bạ
00874	029	3	thị trấn	Tam Sơn
00877	029	3	xã	Bát Đại Sơn
00880	029	3	xã	Nghĩa Thuận
00883	029	3	xã	Cán Tỷ
00886	029	3	xã	Cao Mã Pờ
00889	029	3	xã	Thanh Vân
00892	029	3	xã	Tùng Vài
00895	029	3	xã	Đông Hà
00898	029	3	xã	Quản Bạ
00901	029	3	xã	Lùng Tám
00904	029	3	xã	Quyết Tiến
00907	029	3	xã	Tả Ván
00910	029	3	xã	Thái An
030	02	2	huyện	Vị Xuyên
00703	030	3	xã	Kim Thạch
00706	030	3	xã	Phú Linh
00709	030	3	xã	Kim Linh
00913	030	3	thị trấn	Vị Xuyên
00916	030	3	thị trấn	Nông Trường Việt Lâm
00919	030	3	xã	Minh Tân
00922	030	3	xã	Thuận Hoà
00925	030	3	xã	Tùng Bá
00928	030	3	xã	Thanh Thủy
00931	030	3	xã	Thanh Đức
00934	030	3	xã	Phong Quang
00937	030	3	xã	Xín Chải
00940	030	3	xã	Phương Tiến
00943	030	3	xã	Lao Chải
00952	030	3	xã	Cao Bồ
00955	030	3	xã	Đạo Đức
00958	030	3	xã	Thượng Sơn
00961	030	3	xã	Linh Hồ
00964	030	3	xã	Quảng Ngần
00967	030	3	xã	Việt Lâm
00970	030	3	xã	Ngọc Linh
00973	030	3	xã	Ngọc Minh
00976	030	3	xã	Bạch Ngọc
00979	030	3	xã	Trung Thành
031	02	2	huyện	Bắc Mê
00982	031	3	xã	Minh Sơn
00985	031	3	xã	Giáp Trung
00988	031	3	xã	Yên Định
00991	031	3	thị trấn	Yên Phú
00994	031	3	xã	Minh Ngọc
00997	031	3	xã	Yên Phong
01000	031	3	xã	Lạc Nông
01003	031	3	xã	Phú Nam
01006	031	3	xã	Yên Cường
01009	031	3	xã	Thượng Tân
01012	031	3	xã	Đường Âm
01015	031	3	xã	Đường Hồng
01018	031	3	xã	Phiêng Luông
032	02	2	huyện	Hoàng Su Phì
01021	032	3	thị trấn	Vinh Quang
01024	032	3	xã	Bản Máy
01027	032	3	xã	Thàng Tín
01030	032	3	xã	Thèn Chu Phìn
01033	032	3	xã	Pố Lồ
01036	032	3	xã	Bản Phùng
01039	032	3	xã	Túng Sán
01042	032	3	xã	Chiến Phố
01045	032	3	xã	Đản Ván
01048	032	3	xã	Tụ Nhân
01051	032	3	xã	Tân Tiến
01054	032	3	xã	Nàng Đôn
01057	032	3	xã	Pờ Ly Ngài
01060	032	3	xã	Sán Xả Hồ
01063	032	3	xã	Bản Luốc
01066	032	3	xã	Ngàm Đăng Vài
01069	032	3	xã	Bản Nhùng
01072	032	3	xã	Tả Sử Choóng
01075	032	3	xã	Nậm Dịch
01081	032	3	xã	Hồ Thầu
01084	032	3	xã	Nam Sơn
01087	032	3	xã	Nậm Tỵ
01090	032	3	xã	Thông Nguyên
01093	032	3	xã	Nậm Khòa
033	02	2	huyện	Xín Mần
01096	033	3	thị trấn	Cốc Pài
01099	033	3	xã	Nàn Xỉn
01102	033	3	xã	Bản Díu
01105	033	3	xã	Chí Cà
01108	033	3	xã	Xín Mần
01114	033	3	xã	Thèn Phàng
01117	033	3	xã	Trung Thịnh
01120	033	3	xã	Pà Vầy Sủ
01123	033	3	xã	Cốc Rế
01126	033	3	xã	Thu Tà
01129	033	3	xã	Nàn Ma
01132	033	3	xã	Tả Nhìu
01135	033	3	xã	Bản Ngò
01138	033	3	xã	Chế Là
01141	033	3	xã	Nấm Dẩn
01144	033	3	xã	Quảng Nguyên
01147	033	3	xã	Nà Chì
01150	033	3	xã	Khuôn Lùng
034	02	2	huyện	Bắc Quang
01153	034	3	thị trấn	Việt Quang
01156	034	3	thị trấn	Vĩnh Tuy
01159	034	3	xã	Tân Lập
01162	034	3	xã	Tân Thành
01165	034	3	xã	Đồng Tiến
01168	034	3	xã	Đồng Tâm
01171	034	3	xã	Tân Quang
01174	034	3	xã	Thượng Bình
01177	034	3	xã	Hữu Sản
01180	034	3	xã	Kim Ngọc
01183	034	3	xã	Việt Vinh
01186	034	3	xã	Bằng Hành
01189	034	3	xã	Quang Minh
01192	034	3	xã	Liên Hiệp
01195	034	3	xã	Vô Điếm
01198	034	3	xã	Việt Hồng
01201	034	3	xã	Hùng An
01204	034	3	xã	Đức Xuân
01207	034	3	xã	Tiên Kiều
01210	034	3	xã	Vĩnh Hảo
01213	034	3	xã	Vĩnh Phúc
01216	034	3	xã	Đồng Yên
01219	034	3	xã	Đông Thành
035	02	2	huyện	Quang Bình
01222	035	3	xã	Xuân Minh
01225	035	3	xã	Tiên Nguyên
01228	035	3	xã	Tân Nam
01231	035	3	xã	Bản Rịa
01234	035	3	xã	Yên Thành
01237	035	3	thị trấn	Yên Bình
01240	035	3	xã	Tân Trịnh
01243	035	3	xã	Tân Bắc
01246	035	3	xã	Bằng Lang
01249	035	3	xã	Yên Hà
01252	035	3	xã	Hương Sơn
01255	035	3	xã	Xuân Giang
01258	035	3	xã	Nà Khương
01261	035	3	xã	Tiên Yên
01264	035	3	xã	Vĩ Thượng
04		1	tỉnh	Cao Bằng
040	04	2	thành phố	Cao Bằng
01267	040	3	phường	Sông Hiến
01270	040	3	phường	Sông Bằng
01273	040	3	phường	Hợp Giang
01276	040	3	phường	Tân Giang
01279	040	3	phường	Ngọc Xuân
01282	040	3	phường	Đề Thám
01285	040	3	phường	Hoà Chung
01288	040	3	phường	Duyệt Trung
01693	040	3	xã	Vĩnh Quang
01705	040	3	xã	Hưng Đạo
01720	040	3	xã	Chu Trinh
042	04	2	huyện	Bảo Lâm
01290	042	3	thị trấn	Pác Miầu
01291	042	3	xã	Đức Hạnh
01294	042	3	xã	Lý Bôn
01296	042	3	xã	Nam Cao
01297	042	3	xã	Nam Quang
01300	042	3	xã	Vĩnh Quang
01303	042	3	xã	Quảng Lâm
01304	042	3	xã	Thạch Lâm
01309	042	3	xã	Vĩnh Phong
01312	042	3	xã	Mông Ân
01315	042	3	xã	Thái Học
01316	042	3	xã	Thái Sơn
01318	042	3	xã	Yên Thổ
043	04	2	huyện	Bảo Lạc
01321	043	3	thị trấn	Bảo Lạc
01324	043	3	xã	Cốc Pàng
01327	043	3	xã	Thượng Hà
01330	043	3	xã	Cô Ba
01333	043	3	xã	Bảo Toàn
01336	043	3	xã	Khánh Xuân
01339	043	3	xã	Xuân Trường
01342	043	3	xã	Hồng Trị
01343	043	3	xã	Kim Cúc
01345	043	3	xã	Phan Thanh
01348	043	3	xã	Hồng An
01351	043	3	xã	Hưng Đạo
01352	043	3	xã	Hưng Thịnh
01354	043	3	xã	Huy Giáp
01357	043	3	xã	Đình Phùng
01359	043	3	xã	Sơn Lập
01360	043	3	xã	Sơn Lộ
045	04	2	huyện	Hà Quảng
01363	045	3	thị trấn	Thông Nông
01366	045	3	xã	Cần Yên
01367	045	3	xã	Cần Nông
01372	045	3	xã	Lương Thông
01375	045	3	xã	Đa Thông
01378	045	3	xã	Ngọc Động
01381	045	3	xã	Yên Sơn
01384	045	3	xã	Lương Can
01387	045	3	xã	Thanh Long
01392	045	3	thị trấn	Xuân Hòa
01393	045	3	xã	Lũng Nặm
01399	045	3	xã	Trường Hà
01402	045	3	xã	Cải Viên
01411	045	3	xã	Nội Thôn
01414	045	3	xã	Tổng Cọt
01417	045	3	xã	Sóc Hà
01420	045	3	xã	Thượng Thôn
01429	045	3	xã	Hồng Sỹ
01432	045	3	xã	Quý Quân
01435	045	3	xã	Mã Ba
01438	045	3	xã	Ngọc Đào
047	04	2	huyện	Trùng Khánh
01447	047	3	thị trấn	Trà Lĩnh
01453	047	3	xã	Tri Phương
01456	047	3	xã	Quang Hán
01462	047	3	xã	Xuân Nội
01465	047	3	xã	Quang Trung
01468	047	3	xã	Quang Vinh
01471	047	3	xã	Cao Chương
01477	047	3	thị trấn	Trùng Khánh
01480	047	3	xã	Ngọc Khê
01481	047	3	xã	Ngọc Côn
01483	047	3	xã	Phong Nậm
01489	047	3	xã	Đình Phong
01495	047	3	xã	Đàm Thuỷ
01498	047	3	xã	Khâm Thành
01501	047	3	xã	Chí Viễn
01504	047	3	xã	Lăng Hiếu
01507	047	3	xã	Phong Châu
01516	047	3	xã	Trung Phúc
01519	047	3	xã	Cao Thăng
01522	047	3	xã	Đức Hồng
01525	047	3	xã	Đoài Dương
048	04	2	huyện	Hạ Lang
01534	048	3	xã	Minh Long
01537	048	3	xã	Lý Quốc
01540	048	3	xã	Thắng Lợi
01543	048	3	xã	Đồng Loan
01546	048	3	xã	Đức Quang
01549	048	3	xã	Kim Loan
01552	048	3	xã	Quang Long
01555	048	3	xã	An Lạc
01558	048	3	thị trấn	Thanh Nhật
01561	048	3	xã	Vinh Quý
01564	048	3	xã	Thống Nhất
01567	048	3	xã	Cô Ngân
01573	048	3	xã	Thị Hoa
049	04	2	huyện	Quảng Hòa
01474	049	3	xã	Quốc Toản
01576	049	3	thị trấn	Quảng Uyên
01579	049	3	xã	Phi Hải
01582	049	3	xã	Quảng Hưng
01594	049	3	xã	Độc Lập
01597	049	3	xã	Cai Bộ
01603	049	3	xã	Phúc Sen
01606	049	3	xã	Chí Thảo
01609	049	3	xã	Tự Do
01615	049	3	xã	Hồng Quang
01618	049	3	xã	Ngọc Động
01624	049	3	xã	Hạnh Phúc
01627	049	3	thị trấn	Tà Lùng
01630	049	3	xã	Bế Văn Đàn
01636	049	3	xã	Cách Linh
01639	049	3	xã	Đại Sơn
01645	049	3	xã	Tiên Thành
01648	049	3	thị trấn	Hoà Thuận
01651	049	3	xã	Mỹ Hưng
051	04	2	huyện	Hoà An
01654	051	3	thị trấn	Nước Hai
01657	051	3	xã	Dân Chủ
01660	051	3	xã	Nam Tuấn
01666	051	3	xã	Đại Tiến
01669	051	3	xã	Đức Long
01672	051	3	xã	Ngũ Lão
01675	051	3	xã	Trương Lương
01687	051	3	xã	Hồng Việt
01696	051	3	xã	Hoàng Tung
01699	051	3	xã	Nguyễn Huệ
01702	051	3	xã	Quang Trung
01708	051	3	xã	Bạch Đằng
01711	051	3	xã	Bình Dương
01714	051	3	xã	Lê Chung
01723	051	3	xã	Hồng Nam
052	04	2	huyện	Nguyên Bình
01726	052	3	thị trấn	Nguyên Bình
01729	052	3	thị trấn	Tĩnh Túc
01732	052	3	xã	Yên Lạc
01735	052	3	xã	Triệu Nguyên
01738	052	3	xã	Ca Thành
01744	052	3	xã	Vũ Nông
01747	052	3	xã	Minh Tâm
01750	052	3	xã	Thể Dục
01756	052	3	xã	Mai Long
01762	052	3	xã	Vũ Minh
01765	052	3	xã	Hoa Thám
01768	052	3	xã	Phan Thanh
01771	052	3	xã	Quang Thành
01774	052	3	xã	Tam Kim
01777	052	3	xã	Thành Công
01780	052	3	xã	Thịnh Vượng
01783	052	3	xã	Hưng Đạo
053	04	2	huyện	Thạch An
01786	053	3	thị trấn	Đông Khê
01789	053	3	xã	Canh Tân
01792	053	3	xã	Kim Đồng
01795	053	3	xã	Minh Khai
01801	053	3	xã	Đức Thông
01804	053	3	xã	Thái Cường
01807	053	3	xã	Vân Trình
01810	053	3	xã	Thụy Hùng
01813	053	3	xã	Quang Trọng
01816	053	3	xã	Trọng Con
01819	053	3	xã	Lê Lai
01822	053	3	xã	Đức Long
01828	053	3	xã	Lê Lợi
01831	053	3	xã	Đức Xuân
06		1	tỉnh	Bắc Kạn
058	06	2	thành phố	Bắc Kạn
01834	058	3	phường	Nguyễn Thị Minh Khai
01837	058	3	phường	Sông Cầu
01840	058	3	phường	Đức Xuân
01843	058	3	phường	Phùng Chí Kiên
01846	058	3	phường	Huyền Tụng
01849	058	3	xã	Dương Quang
01852	058	3	xã	Nông Thượng
01855	058	3	phường	Xuất Hóa
060	06	2	huyện	Pác Nặm
01858	060	3	xã	Bằng Thành
01861	060	3	xã	Nhạn Môn
01864	060	3	xã	Bộc Bố
01867	060	3	xã	Công Bằng
01870	060	3	xã	Giáo Hiệu
01873	060	3	xã	Xuân La
01876	060	3	xã	An Thắng
01879	060	3	xã	Cổ Linh
01882	060	3	xã	Nghiên Loan
01885	060	3	xã	Cao Tân
061	06	2	huyện	Ba Bể
01888	061	3	thị trấn	Chợ Rã
01891	061	3	xã	Bành Trạch
01894	061	3	xã	Phúc Lộc
01897	061	3	xã	Hà Hiệu
01900	061	3	xã	Cao Thượng
01906	061	3	xã	Khang Ninh
01909	061	3	xã	Nam Mẫu
01912	061	3	xã	Thượng Giáo
01915	061	3	xã	Địa Linh
01918	061	3	xã	Yến Dương
01921	061	3	xã	Chu Hương
01924	061	3	xã	Quảng Khê
01927	061	3	xã	Mỹ Phương
01930	061	3	xã	Hoàng Trĩ
01933	061	3	xã	Đồng Phúc
062	06	2	huyện	Ngân Sơn
01936	062	3	thị trấn	Nà Phặc
01939	062	3	xã	Thượng Ân
01942	062	3	xã	Bằng Vân
01945	062	3	xã	Cốc Đán
01948	062	3	xã	Trung Hoà
01951	062	3	xã	Đức Vân
01954	062	3	thị trấn	Vân Tùng
01957	062	3	xã	Thượng Quan
01960	062	3	xã	Hiệp Lực
01963	062	3	xã	Thuần Mang
063	06	2	huyện	Bạch Thông
01969	063	3	thị trấn	Phủ Thông
01975	063	3	xã	Vi Hương
01978	063	3	xã	Sĩ Bình
01981	063	3	xã	Vũ Muộn
01984	063	3	xã	Đôn Phong
01990	063	3	xã	Lục Bình
01993	063	3	xã	Tân Tú
01999	063	3	xã	Nguyên Phúc
02002	063	3	xã	Cao Sơn
02005	063	3	xã	Quân Hà
02008	063	3	xã	Cẩm Giàng
02011	063	3	xã	Mỹ Thanh
02014	063	3	xã	Dương Phong
02017	063	3	xã	Quang Thuận
064	06	2	huyện	Chợ Đồn
02020	064	3	thị trấn	Bằng Lũng
02023	064	3	xã	Xuân Lạc
02026	064	3	xã	Nam Cường
02029	064	3	xã	Đồng Lạc
02032	064	3	xã	Tân Lập
02035	064	3	xã	Bản Thi
02038	064	3	xã	Quảng Bạch
02041	064	3	xã	Bằng Phúc
02044	064	3	xã	Yên Thịnh
02047	064	3	xã	Yên Thượng
02050	064	3	xã	Phương Viên
02053	064	3	xã	Ngọc Phái
02059	064	3	xã	Đồng Thắng
02062	064	3	xã	Lương Bằng
02065	064	3	xã	Bằng Lãng
02068	064	3	xã	Đại Sảo
02071	064	3	xã	Nghĩa Tá
02077	064	3	xã	Yên Mỹ
02080	064	3	xã	Bình Trung
02083	064	3	xã	Yên Phong
065	06	2	huyện	Chợ Mới
02086	065	3	thị trấn	Đồng Tâm
02089	065	3	xã	Tân Sơn
02092	065	3	xã	Thanh Vận
02095	065	3	xã	Mai Lạp
02098	065	3	xã	Hoà Mục
02101	065	3	xã	Thanh Mai
02104	065	3	xã	Cao Kỳ
02107	065	3	xã	Nông Hạ
02110	065	3	xã	Yên Cư
02113	065	3	xã	Thanh Thịnh
02116	065	3	xã	Yên Hân
02122	065	3	xã	Như Cố
02125	065	3	xã	Bình Văn
02131	065	3	xã	Quảng Chu
066	06	2	huyện	Na Rì
02137	066	3	xã	Văn Vũ
02140	066	3	xã	Văn Lang
02143	066	3	xã	Lương Thượng
02146	066	3	xã	Kim Hỷ
02152	066	3	xã	Cường Lợi
02155	066	3	thị trấn	Yến Lạc
02158	066	3	xã	Kim Lư
02161	066	3	xã	Sơn Thành
02170	066	3	xã	Văn Minh
02173	066	3	xã	Côn Minh
02176	066	3	xã	Cư Lễ
02179	066	3	xã	Trần Phú
02185	066	3	xã	Quang Phong
02188	066	3	xã	Dương Sơn
02191	066	3	xã	Xuân Dương
02194	066	3	xã	Đổng Xá
02197	066	3	xã	Liêm Thuỷ
08		1	tỉnh	Tuyên Quang
070	08	2	thành phố	Tuyên Quang
02200	070	3	phường	Phan Thiết
02203	070	3	phường	Minh Xuân
02206	070	3	phường	Tân Quang
02209	070	3	xã	Tràng Đà
02212	070	3	phường	Nông Tiến
02215	070	3	phường	Ỷ La
02216	070	3	phường	Tân Hà
02218	070	3	phường	Hưng Thành
02497	070	3	xã	Kim Phú
02503	070	3	xã	An Khang
02509	070	3	phường	Mỹ Lâm
02512	070	3	phường	An Tường
02515	070	3	xã	Lưỡng Vượng
02521	070	3	xã	Thái Long
02524	070	3	phường	Đội Cấn
071	08	2	huyện	Lâm Bình
02233	071	3	xã	Phúc Yên
02242	071	3	xã	Xuân Lập
02251	071	3	xã	Khuôn Hà
02266	071	3	thị trấn	Lăng Can
02269	071	3	xã	Thượng Lâm
02290	071	3	xã	Bình An
02293	071	3	xã	Hồng Quang
02296	071	3	xã	Thổ Bình
02299	071	3	xã	Phúc Sơn
02302	071	3	xã	Minh Quang
072	08	2	huyện	Na Hang
02221	072	3	thị trấn	Na Hang
02227	072	3	xã	Sinh Long
02230	072	3	xã	Thượng Giáp
02239	072	3	xã	Thượng Nông
02245	072	3	xã	Côn Lôn
02248	072	3	xã	Yên Hoa
02254	072	3	xã	Hồng Thái
02260	072	3	xã	Đà Vị
02263	072	3	xã	Khau Tinh
02275	072	3	xã	Sơn Phú
02281	072	3	xã	Năng Khả
02284	072	3	xã	Thanh Tương
073	08	2	huyện	Chiêm Hóa
02287	073	3	thị trấn	Vĩnh Lộc
02305	073	3	xã	Trung Hà
02308	073	3	xã	Tân Mỹ
02311	073	3	xã	Hà Lang
02314	073	3	xã	Hùng Mỹ
02317	073	3	xã	Yên Lập
02320	073	3	xã	Tân An
02323	073	3	xã	Bình Phú
02326	073	3	xã	Xuân Quang
02329	073	3	xã	Ngọc Hội
02332	073	3	xã	Phú Bình
02335	073	3	xã	Hòa Phú
02338	073	3	xã	Phúc Thịnh
02341	073	3	xã	Kiên Đài
02344	073	3	xã	Tân Thịnh
02347	073	3	xã	Trung Hòa
02350	073	3	xã	Kim Bình
02353	073	3	xã	Hòa An
02356	073	3	xã	Vinh Quang
02359	073	3	xã	Tri Phú
02362	073	3	xã	Nhân Lý
02365	073	3	xã	Yên Nguyên
02368	073	3	xã	Linh Phú
02371	073	3	xã	Bình Nhân
074	08	2	huyện	Hàm Yên
02374	074	3	thị trấn	Tân Yên
02377	074	3	xã	Yên Thuận
02380	074	3	xã	Bạch Xa
02383	074	3	xã	Minh Khương
02386	074	3	xã	Yên Lâm
02389	074	3	xã	Minh Dân
02392	074	3	xã	Phù Lưu
02395	074	3	xã	Minh Hương
02398	074	3	xã	Yên Phú
02401	074	3	xã	Tân Thành
02404	074	3	xã	Bình Xa
02407	074	3	xã	Thái Sơn
02410	074	3	xã	Nhân Mục
02413	074	3	xã	Thành Long
02416	074	3	xã	Bằng Cốc
02419	074	3	xã	Thái Hòa
02422	074	3	xã	Đức Ninh
02425	074	3	xã	Hùng Đức
075	08	2	huyện	Yên Sơn
02431	075	3	xã	Quí Quân
02434	075	3	xã	Lực Hành
02437	075	3	xã	Kiến Thiết
02440	075	3	xã	Trung Minh
02443	075	3	xã	Chiêu Yên
02446	075	3	xã	Trung Trực
02449	075	3	xã	Xuân Vân
02452	075	3	xã	Phúc Ninh
02455	075	3	xã	Hùng Lợi
02458	075	3	xã	Trung Sơn
02461	075	3	xã	Tân Tiến
02464	075	3	xã	Tứ Quận
02467	075	3	xã	Đạo Viện
02470	075	3	xã	Tân Long
02473	075	3	thị trấn	Yên Sơn
02476	075	3	xã	Kim Quan
02479	075	3	xã	Lang Quán
02482	075	3	xã	Phú Thịnh
02485	075	3	xã	Công Đa
02488	075	3	xã	Trung Môn
02491	075	3	xã	Chân Sơn
02494	075	3	xã	Thái Bình
02500	075	3	xã	Tiến Bộ
02506	075	3	xã	Mỹ Bằng
02518	075	3	xã	Hoàng Khai
02527	075	3	xã	Nhữ Hán
02530	075	3	xã	Nhữ Khê
02533	075	3	xã	Đội Bình
076	08	2	huyện	Sơn Dương
02536	076	3	thị trấn	Sơn Dương
02539	076	3	xã	Trung Yên
02542	076	3	xã	Minh Thanh
02545	076	3	xã	Tân Trào
02548	076	3	xã	Vĩnh Lợi
02551	076	3	xã	Thượng Ấm
02554	076	3	xã	Bình Yên
02557	076	3	xã	Lương Thiện
02560	076	3	xã	Tú Thịnh
02563	076	3	xã	Cấp Tiến
02566	076	3	xã	Hợp Thành
02569	076	3	xã	Phúc Ứng
02572	076	3	xã	Đông Thọ
02575	076	3	xã	Kháng Nhật
02578	076	3	xã	Hợp Hòa
02584	076	3	xã	Quyết Thắng
02587	076	3	xã	Đồng Quý
02590	076	3	xã	Tân Thanh
02596	076	3	xã	Văn Phú
02599	076	3	xã	Chi Thiết
02602	076	3	xã	Đông Lợi
02605	076	3	xã	Thiện Kế
02608	076	3	xã	Hồng Sơn
02611	076	3	xã	Phú Lương
02614	076	3	xã	Ninh Lai
02617	076	3	xã	Đại Phú
02620	076	3	xã	Sơn Nam
02623	076	3	xã	Hào Phú
02626	076	3	xã	Tam Đa
02632	076	3	xã	Trường Sinh
10		1	tỉnh	Lào Cai
080	10	2	thành phố	Lào Cai
02635	080	3	phường	Duyên Hải
02641	080	3	phường	Lào Cai
02644	080	3	phường	Cốc Lếu
02647	080	3	phường	Kim Tân
02650	080	3	phường	Bắc Lệnh
02653	080	3	phường	Pom Hán
02656	080	3	phường	Xuân Tăng
02658	080	3	phường	Bình Minh
02659	080	3	xã	Thống Nhất
02662	080	3	xã	Đồng Tuyển
02665	080	3	xã	Vạn Hoà
02668	080	3	phường	Bắc Cường
02671	080	3	phường	Nam Cường
02674	080	3	xã	Cam Đường
02677	080	3	xã	Tả Phời
02680	080	3	xã	Hợp Thành
02746	080	3	xã	Cốc San
082	10	2	huyện	Bát Xát
02683	082	3	thị trấn	Bát Xát
02686	082	3	xã	A Mú Sung
02689	082	3	xã	Nậm Chạc
02692	082	3	xã	A Lù
02695	082	3	xã	Trịnh Tường
02701	082	3	xã	Y Tý
02704	082	3	xã	Cốc Mỳ
02707	082	3	xã	Dền Sáng
02710	082	3	xã	Bản Vược
02713	082	3	xã	Sàng Ma Sáo
02716	082	3	xã	Bản Qua
02719	082	3	xã	Mường Vi
02722	082	3	xã	Dền Thàng
02725	082	3	xã	Bản Xèo
02728	082	3	xã	Mường Hum
02731	082	3	xã	Trung Lèng Hồ
02734	082	3	xã	Quang Kim
02737	082	3	xã	Pa Cheo
02740	082	3	xã	Nậm Pung
02743	082	3	xã	Phìn Ngan
02749	082	3	xã	Tòng Sành
083	10	2	huyện	Mường Khương
02752	083	3	xã	Pha Long
02755	083	3	xã	Tả Ngải Chồ
02758	083	3	xã	Tung Chung Phố
02761	083	3	thị trấn	Mường Khương
02764	083	3	xã	Dìn Chin
02767	083	3	xã	Tả Gia Khâu
02770	083	3	xã	Nậm Chảy
02773	083	3	xã	Nấm Lư
02776	083	3	xã	Lùng Khấu Nhin
02779	083	3	xã	Thanh Bình
02782	083	3	xã	Cao Sơn
02785	083	3	xã	Lùng Vai
02788	083	3	xã	Bản Lầu
02791	083	3	xã	La Pan Tẩn
02794	083	3	xã	Tả Thàng
02797	083	3	xã	Bản Sen
084	10	2	huyện	Si Ma Cai
02800	084	3	xã	Nàn Sán
02803	084	3	xã	Thào Chư Phìn
02806	084	3	xã	Bản Mế
02809	084	3	thị trấn	Si Ma Cai
02812	084	3	xã	Sán Chải
02818	084	3	xã	Lùng Thẩn
02821	084	3	xã	Cán Cấu
02824	084	3	xã	Sín Chéng
02827	084	3	xã	Quan Hồ Thẩn
02836	084	3	xã	Nàn Xín
085	10	2	huyện	Bắc Hà
02839	085	3	thị trấn	Bắc Hà
02842	085	3	xã	Lùng Cải
02848	085	3	xã	Lùng Phình
02851	085	3	xã	Tả Van Chư
02854	085	3	xã	Tả Củ Tỷ
02857	085	3	xã	Thải Giàng Phố
02863	085	3	xã	Hoàng Thu Phố
02866	085	3	xã	Bản Phố
02869	085	3	xã	Bản Liền
02875	085	3	xã	Na Hối
02878	085	3	xã	Cốc Ly
02881	085	3	xã	Nậm Mòn
02884	085	3	xã	Nậm Đét
02887	085	3	xã	Nậm Khánh
02890	085	3	xã	Bảo Nhai
02893	085	3	xã	Nậm Lúc
02896	085	3	xã	Cốc Lầu
02899	085	3	xã	Bản Cái
086	10	2	huyện	Bảo Thắng
02902	086	3	thị trấn	N.T Phong Hải
02905	086	3	thị trấn	Phố Lu
02908	086	3	thị trấn	Tằng Loỏng
02911	086	3	xã	Bản Phiệt
02914	086	3	xã	Bản Cầm
02917	086	3	xã	Thái Niên
02920	086	3	xã	Phong Niên
02923	086	3	xã	Gia Phú
02926	086	3	xã	Xuân Quang
02929	086	3	xã	Sơn Hải
02932	086	3	xã	Xuân Giao
02935	086	3	xã	Trì Quang
02938	086	3	xã	Sơn Hà
02944	086	3	xã	Phú Nhuận
087	10	2	huyện	Bảo Yên
02947	087	3	thị trấn	Phố Ràng
02950	087	3	xã	Tân Tiến
02953	087	3	xã	Nghĩa Đô
02956	087	3	xã	Vĩnh Yên
02959	087	3	xã	Điện Quan
02962	087	3	xã	Xuân Hoà
02965	087	3	xã	Tân Dương
02968	087	3	xã	Thượng Hà
02971	087	3	xã	Kim Sơn
02974	087	3	xã	Cam Cọn
02977	087	3	xã	Minh Tân
02980	087	3	xã	Xuân Thượng
02983	087	3	xã	Việt Tiến
02986	087	3	xã	Yên Sơn
02989	087	3	xã	Bảo Hà
02992	087	3	xã	Lương Sơn
02998	087	3	xã	Phúc Khánh
088	10	2	thị xã	Sa Pa
03001	088	3	phường	Sa Pa
03002	088	3	phường	Sa Pả
03003	088	3	phường	Ô Quý Hồ
03004	088	3	xã	Ngũ Chỉ Sơn
03006	088	3	phường	Phan Si Păng
03010	088	3	xã	Trung Chải
03013	088	3	xã	Tả Phìn
03016	088	3	phường	Hàm Rồng
03019	088	3	xã	Hoàng Liên
03022	088	3	xã	Thanh Bình
03028	088	3	phường	Cầu Mây
03037	088	3	xã	Mường Hoa
03040	088	3	xã	Tả Van
03043	088	3	xã	Mường Bo
03046	088	3	xã	Bản Hồ
03052	088	3	xã	Liên Minh
089	10	2	huyện	Văn Bàn
03055	089	3	thị trấn	Khánh Yên
03061	089	3	xã	Võ Lao
03064	089	3	xã	Sơn Thuỷ
03067	089	3	xã	Nậm Mả
03070	089	3	xã	Tân Thượng
03073	089	3	xã	Nậm Rạng
03076	089	3	xã	Nậm Chầy
03079	089	3	xã	Tân An
03082	089	3	xã	Khánh Yên Thượng
03085	089	3	xã	Nậm Xé
03088	089	3	xã	Dần Thàng
03091	089	3	xã	Chiềng Ken
03094	089	3	xã	Làng Giàng
03097	089	3	xã	Hoà Mạc
03100	089	3	xã	Khánh Yên Trung
03103	089	3	xã	Khánh Yên Hạ
03106	089	3	xã	Dương Quỳ
03109	089	3	xã	Nậm Tha
03112	089	3	xã	Minh Lương
03115	089	3	xã	Thẩm Dương
03118	089	3	xã	Liêm Phú
03121	089	3	xã	Nậm Xây
11		1	tỉnh	Điện Biên
094	11	2	thành phố	Điện Biên Phủ
03124	094	3	phường	Noong Bua
03127	094	3	phường	Him Lam
03130	094	3	phường	Thanh Bình
03133	094	3	phường	Tân Thanh
03136	094	3	phường	Mường Thanh
03139	094	3	phường	Nam Thanh
03142	094	3	phường	Thanh Trường
03145	094	3	xã	Thanh Minh
03316	094	3	xã	Nà Tấu
03317	094	3	xã	Nà Nhạn
03325	094	3	xã	Mường Phăng
03326	094	3	xã	Pá Khoang
095	11	2	thị xã	Mường Lay
03148	095	3	phường	Sông Đà
03151	095	3	phường	Na Lay
03184	095	3	xã	Lay Nưa
096	11	2	huyện	Mường Nhé
03154	096	3	xã	Sín Thầu
03155	096	3	xã	Sen Thượng
03157	096	3	xã	Chung Chải
03158	096	3	xã	Leng Su Sìn
03159	096	3	xã	Pá Mỳ
03160	096	3	xã	Mường Nhé
03161	096	3	xã	Nậm Vì
03162	096	3	xã	Nậm Kè
03163	096	3	xã	Mường Toong
03164	096	3	xã	Quảng Lâm
03177	096	3	xã	Huổi Lếnh
097	11	2	huyện	Mường Chà
03172	097	3	thị trấn	Mường Chà
03178	097	3	xã	Xá Tổng
03181	097	3	xã	Mường Tùng
03190	097	3	xã	Hừa Ngài
03191	097	3	xã	Huổi Mí
03193	097	3	xã	Pa Ham
03194	097	3	xã	Nậm Nèn
03196	097	3	xã	Huổi Lèng
03197	097	3	xã	Sa Lông
03200	097	3	xã	Ma Thì Hồ
03201	097	3	xã	Na Sang
03202	097	3	xã	Mường Mươn
098	11	2	huyện	Tủa Chùa
03217	098	3	thị trấn	Tủa Chùa
03220	098	3	xã	Huổi Só
03223	098	3	xã	Xín Chải
03226	098	3	xã	Tả Sìn Thàng
03229	098	3	xã	Lao Xả Phình
03232	098	3	xã	Tả Phìn
03235	098	3	xã	Tủa Thàng
03238	098	3	xã	Trung Thu
03241	098	3	xã	Sính Phình
03244	098	3	xã	Sáng Nhè
03247	098	3	xã	Mường Đun
03250	098	3	xã	Mường Báng
099	11	2	huyện	Tuần Giáo
03253	099	3	thị trấn	Tuần Giáo
03259	099	3	xã	Phình Sáng
03260	099	3	xã	Rạng Đông
03262	099	3	xã	Mùn Chung
03263	099	3	xã	Nà Tòng
03265	099	3	xã	Ta Ma
03268	099	3	xã	Mường Mùn
03269	099	3	xã	Pú Xi
03271	099	3	xã	Pú Nhung
03274	099	3	xã	Quài Nưa
03277	099	3	xã	Mường Thín
03280	099	3	xã	Tỏa Tình
03283	099	3	xã	Nà Sáy
03284	099	3	xã	Mường Khong
03289	099	3	xã	Quài Cang
03295	099	3	xã	Quài Tở
03298	099	3	xã	Chiềng Sinh
03299	099	3	xã	Chiềng Đông
03304	099	3	xã	Tênh Phông
100	11	2	huyện	Điện Biên
03319	100	3	xã	Mường Pồn
03322	100	3	xã	Thanh Nưa
03323	100	3	xã	Hua Thanh
03328	100	3	xã	Thanh Luông
03331	100	3	xã	Thanh Hưng
03334	100	3	xã	Thanh Xương
03337	100	3	xã	Thanh Chăn
03340	100	3	xã	Pa Thơm
03343	100	3	xã	Thanh An
03346	100	3	xã	Thanh Yên
03349	100	3	xã	Noong Luống
03352	100	3	xã	Noọng Hẹt
03355	100	3	xã	Sam Mứn
03356	100	3	xã	Pom Lót
03358	100	3	xã	Núa Ngam
03359	100	3	xã	Hẹ Muông
03361	100	3	xã	Na Ư
03364	100	3	xã	Mường Nhà
03365	100	3	xã	Na Tông
03367	100	3	xã	Mường Lói
03368	100	3	xã	Phu Luông
101	11	2	huyện	Điện Biên Đông
03203	101	3	thị trấn	Điện Biên Đông
03205	101	3	xã	Na Son
03208	101	3	xã	Phì Nhừ
03211	101	3	xã	Chiềng Sơ
03214	101	3	xã	Mường Luân
03370	101	3	xã	Pú Nhi
03371	101	3	xã	Nong U
03373	101	3	xã	Xa Dung
03376	101	3	xã	Keo Lôm
03379	101	3	xã	Luân Giới
03382	101	3	xã	Phình Giàng
03383	101	3	xã	Pú Hồng
03384	101	3	xã	Tìa Dình
03385	101	3	xã	Háng Lìa
102	11	2	huyện	Mường Ảng
03256	102	3	thị trấn	Mường Ảng
03286	102	3	xã	Mường Đăng
03287	102	3	xã	Ngối Cáy
03292	102	3	xã	Ẳng Tở
03301	102	3	xã	Búng Lao
03302	102	3	xã	Xuân Lao
03307	102	3	xã	Ẳng Nưa
03310	102	3	xã	Ẳng Cang
03312	102	3	xã	Nặm Lịch
03313	102	3	xã	Mường Lạn
103	11	2	huyện	Nậm Pồ
03156	103	3	xã	Nậm Tin
03165	103	3	xã	Pa Tần
03166	103	3	xã	Chà Cang
03167	103	3	xã	Na Cô Sa
03168	103	3	xã	Nà Khoa
03169	103	3	xã	Nà Hỳ
03170	103	3	xã	Nà Bủng
03171	103	3	xã	Nậm Nhừ
03173	103	3	xã	Nậm Chua
03174	103	3	xã	Nậm Khăn
03175	103	3	xã	Chà Tở
03176	103	3	xã	Vàng Đán
03187	103	3	xã	Chà Nưa
03198	103	3	xã	Phìn Hồ
03199	103	3	xã	Si Pa Phìn
12		1	tỉnh	Lai Châu
105	12	2	thành phố	Lai Châu
03386	105	3	phường	Quyết Thắng
03387	105	3	phường	Tân Phong
03388	105	3	phường	Quyết Tiến
03389	105	3	phường	Đoàn Kết
03403	105	3	xã	Sùng Phài
03408	105	3	phường	Đông Phong
03409	105	3	xã	San Thàng
106	12	2	huyện	Tam Đường
03390	106	3	thị trấn	Tam Đường
03394	106	3	xã	Thèn Sin
03400	106	3	xã	Tả Lèng
03405	106	3	xã	Giang Ma
03406	106	3	xã	Hồ Thầu
03412	106	3	xã	Bình Lư
03413	106	3	xã	Sơn Bình
03415	106	3	xã	Nùng Nàng
03418	106	3	xã	Bản Giang
03421	106	3	xã	Bản Hon
03424	106	3	xã	Bản Bo
03427	106	3	xã	Nà Tăm
03430	106	3	xã	Khun Há
107	12	2	huyện	Mường Tè
03433	107	3	thị trấn	Mường Tè
03436	107	3	xã	Thu Lũm
03439	107	3	xã	Ka Lăng
03440	107	3	xã	Tá Bạ
03442	107	3	xã	Pa ủ
03445	107	3	xã	Mường Tè
03448	107	3	xã	Pa Vệ Sử
03451	107	3	xã	Mù Cả
03454	107	3	xã	Bum Tở
03457	107	3	xã	Nậm Khao
03463	107	3	xã	Tà Tổng
03466	107	3	xã	Bum Nưa
03467	107	3	xã	Vàng San
03469	107	3	xã	Kan Hồ
108	12	2	huyện	Sìn Hồ
03478	108	3	thị trấn	Sìn Hồ
03487	108	3	xã	Chăn Nưa
03493	108	3	xã	Pa Tần
03496	108	3	xã	Phìn Hồ
03499	108	3	xã	Hồng Thu
03505	108	3	xã	Phăng Sô Lin
03508	108	3	xã	Ma Quai
03509	108	3	xã	Lùng Thàng
03511	108	3	xã	Tả Phìn
03514	108	3	xã	Sà Dề Phìn
03517	108	3	xã	Nậm Tăm
03520	108	3	xã	Tả Ngảo
03523	108	3	xã	Pu Sam Cáp
03526	108	3	xã	Nậm Cha
03527	108	3	xã	Pa Khoá
03529	108	3	xã	Làng Mô
03532	108	3	xã	Noong Hẻo
03535	108	3	xã	Nậm Mạ
03538	108	3	xã	Căn Co
03541	108	3	xã	Tủa Sín Chải
03544	108	3	xã	Nậm Cuổi
03547	108	3	xã	Nậm Hăn
109	12	2	huyện	Phong Thổ
03391	109	3	xã	Lả Nhì Thàng
03490	109	3	xã	Huổi Luông
03549	109	3	thị trấn	Phong Thổ
03550	109	3	xã	Sì Lở Lầu
03553	109	3	xã	Mồ Sì San
03559	109	3	xã	Pa Vây Sử
03562	109	3	xã	Vàng Ma Chải
03565	109	3	xã	Tông Qua Lìn
03568	109	3	xã	Mù Sang
03571	109	3	xã	Dào San
03574	109	3	xã	Ma Ly Pho
03577	109	3	xã	Bản Lang
03580	109	3	xã	Hoang Thèn
03583	109	3	xã	Khổng Lào
03586	109	3	xã	Nậm Xe
03589	109	3	xã	Mường So
03592	109	3	xã	Sin Suối Hồ
110	12	2	huyện	Than Uyên
03595	110	3	thị trấn	Than Uyên
03618	110	3	xã	Phúc Than
03619	110	3	xã	Mường Than
03625	110	3	xã	Mường Mít
03628	110	3	xã	Pha Mu
03631	110	3	xã	Mường Cang
03632	110	3	xã	Hua Nà
03634	110	3	xã	Tà Hừa
03637	110	3	xã	Mường Kim
03638	110	3	xã	Tà Mung
03640	110	3	xã	Tà Gia
03643	110	3	xã	Khoen On
111	12	2	huyện	Tân Uyên
03598	111	3	thị trấn	Tân Uyên
03601	111	3	xã	Mường Khoa
03602	111	3	xã	Phúc Khoa
03604	111	3	xã	Thân Thuộc
03605	111	3	xã	Trung Đồng
03607	111	3	xã	Hố Mít
03610	111	3	xã	Nậm Cần
03613	111	3	xã	Nậm Sỏ
03616	111	3	xã	Pắc Ta
03622	111	3	xã	Tà Mít
112	12	2	huyện	Nậm Nhùn
03434	112	3	thị trấn	Nậm Nhùn
03460	112	3	xã	Hua Bun
03472	112	3	xã	Mường Mô
03473	112	3	xã	Nậm Chà
03474	112	3	xã	Nậm Manh
03475	112	3	xã	Nậm Hàng
03481	112	3	xã	Lê Lợi
03484	112	3	xã	Pú Đao
03488	112	3	xã	Nậm Pì
03502	112	3	xã	Nậm Ban
03503	112	3	xã	Trung Chải
14		1	tỉnh	Sơn La
116	14	2	thành phố	Sơn La
03646	116	3	phường	Chiềng Lề
03649	116	3	phường	Tô Hiệu
03652	116	3	phường	Quyết Thắng
03655	116	3	phường	Quyết Tâm
03658	116	3	xã	Chiềng Cọ
03661	116	3	xã	Chiềng Đen
03664	116	3	xã	Chiềng Xôm
03667	116	3	phường	Chiềng An
03670	116	3	phường	Chiềng Cơi
03673	116	3	xã	Chiềng Ngần
03676	116	3	xã	Hua La
03679	116	3	phường	Chiềng Sinh
118	14	2	huyện	Quỳnh Nhai
03682	118	3	xã	Mường Chiên
03685	118	3	xã	Cà Nàng
03688	118	3	xã	Chiềng Khay
03694	118	3	xã	Mường Giôn
03697	118	3	xã	Pá Ma Pha Khinh
03700	118	3	xã	Chiềng Ơn
03703	118	3	thị trấn	Mường Giàng
03706	118	3	xã	Chiềng Bằng
03709	118	3	xã	Mường Sại
03712	118	3	xã	Nậm ét
03718	118	3	xã	Chiềng Khoang
119	14	2	huyện	Thuận Châu
03721	119	3	thị trấn	Thuận Châu
03724	119	3	xã	Phổng Lái
03727	119	3	xã	Mường é
03730	119	3	xã	Chiềng Pha
03733	119	3	xã	Chiềng La
03736	119	3	xã	Chiềng Ngàm
03739	119	3	xã	Liệp Tè
03742	119	3	xã	é Tòng
03745	119	3	xã	Phổng Lập
03748	119	3	xã	Phổng Ly
03754	119	3	xã	Noong Lay
03757	119	3	xã	Mường Khiêng
03760	119	3	xã	Mường Bám
03763	119	3	xã	Long Hẹ
03766	119	3	xã	Chiềng Bôm
03769	119	3	xã	Thôm Mòn
03772	119	3	xã	Tông Lạnh
03775	119	3	xã	Tông Cọ
03778	119	3	xã	Bó Mười
03781	119	3	xã	Co Mạ
03784	119	3	xã	Púng Tra
03787	119	3	xã	Chiềng Pấc
03790	119	3	xã	Nậm Lầu
03793	119	3	xã	Bon Phặng
03796	119	3	xã	Co Tòng
03799	119	3	xã	Muổi Nọi
03802	119	3	xã	Pá Lông
03805	119	3	xã	Bản Lầm
120	14	2	huyện	Mường La
03808	120	3	thị trấn	Ít Ong
03811	120	3	xã	Nậm Giôn
03814	120	3	xã	Chiềng Lao
03817	120	3	xã	Hua Trai
03820	120	3	xã	Ngọc Chiến
03823	120	3	xã	Mường Trai
03826	120	3	xã	Nậm Păm
03829	120	3	xã	Chiềng Muôn
03832	120	3	xã	Chiềng Ân
03835	120	3	xã	Pi Toong
03838	120	3	xã	Chiềng Công
03841	120	3	xã	Tạ Bú
03844	120	3	xã	Chiềng San
03847	120	3	xã	Mường Bú
03850	120	3	xã	Chiềng Hoa
03853	120	3	xã	Mường Chùm
121	14	2	huyện	Bắc Yên
03856	121	3	thị trấn	Bắc Yên
03859	121	3	xã	Phiêng Ban
03862	121	3	xã	Hang Chú
03865	121	3	xã	Xím Vàng
03868	121	3	xã	Tà Xùa
03869	121	3	xã	Háng Đồng
03871	121	3	xã	Pắc Ngà
03874	121	3	xã	Làng Chếu
03877	121	3	xã	Chim Vàn
03880	121	3	xã	Mường Khoa
03883	121	3	xã	Song Pe
03886	121	3	xã	Hồng Ngài
03889	121	3	xã	Tạ Khoa
03890	121	3	xã	Hua Nhàn
03892	121	3	xã	Phiêng Côn
03895	121	3	xã	Chiềng Sại
122	14	2	huyện	Phù Yên
03901	122	3	xã	Suối Tọ
03904	122	3	xã	Mường Thải
03907	122	3	xã	Mường Cơi
03910	122	3	thị trấn	Quang Huy
03916	122	3	xã	Huy Thượng
03919	122	3	xã	Tân Lang
03922	122	3	xã	Gia Phù
03925	122	3	xã	Tường Phù
03928	122	3	xã	Huy Hạ
03931	122	3	xã	Huy Tân
03934	122	3	xã	Mường Lang
03937	122	3	xã	Suối Bau
03940	122	3	xã	Huy Tường
03943	122	3	xã	Mường Do
03946	122	3	xã	Sập Xa
03949	122	3	xã	Tường Thượng
03952	122	3	xã	Tường Tiến
03955	122	3	xã	Tường Phong
03958	122	3	xã	Tường Hạ
03961	122	3	xã	Kim Bon
03964	122	3	xã	Mường Bang
03967	122	3	xã	Đá Đỏ
03970	122	3	xã	Tân Phong
03973	122	3	xã	Nam Phong
03976	122	3	xã	Bắc Phong
123	14	2	thị xã	Mộc Châu
03979	123	3	phường	Mộc Sơn
03980	123	3	phường	Mộc Lỵ
03982	123	3	phường	Thảo Nguyên
03983	123	3	phường	Bình Minh
03984	123	3	phường	Cờ Đỏ
03985	123	3	xã	Chiềng Sơn
03997	123	3	xã	Tân Yên
04000	123	3	xã	Đoàn Kết
04012	123	3	xã	Chiềng Hắc
04015	123	3	xã	Chiềng Chung
04024	123	3	xã	Chiềng Khừa
04027	123	3	phường	Mường Sang
04030	123	3	phường	Đông Sang
04033	123	3	phường	Vân Sơn
04045	123	3	xã	Lóng Sập
124	14	2	huyện	Yên Châu
04063	124	3	xã	Chiềng Đông
04066	124	3	xã	Sặp Vạt
04069	124	3	xã	Chiềng Sàng
04072	124	3	xã	Chiềng Pằn
04075	124	3	thị trấn	Yên Châu
04078	124	3	xã	Chiềng Hặc
04081	124	3	xã	Mường Lựm
04084	124	3	xã	Chiềng On
04087	124	3	xã	Yên Sơn
04090	124	3	xã	Chiềng Khoi
04093	124	3	xã	Tú Nang
04096	124	3	xã	Lóng Phiêng
04099	124	3	xã	Phiêng Khoài
04102	124	3	xã	Chiềng Tương
125	14	2	huyện	Mai Sơn
04105	125	3	thị trấn	Hát Lót
04108	125	3	xã	Chiềng Sung
04111	125	3	xã	Mường Bằng
04114	125	3	xã	Chiềng Chăn
04117	125	3	xã	Mương Chanh
04120	125	3	xã	Chiềng Ban
04123	125	3	xã	Chiềng Mung
04126	125	3	xã	Mường Bon
04129	125	3	xã	Chiềng Chung
04132	125	3	xã	Chiềng Mai
04135	125	3	xã	Hát Lót
04136	125	3	xã	Nà Pó
04138	125	3	xã	Cò  Nòi
04141	125	3	xã	Chiềng Nơi
04144	125	3	xã	Phiêng Cằm
04147	125	3	xã	Chiềng Dong
04150	125	3	xã	Chiềng Kheo
04153	125	3	xã	Chiềng Ve
04156	125	3	xã	Chiềng Lương
04159	125	3	xã	Phiêng Pằn
04162	125	3	xã	Nà Ơt
04165	125	3	xã	Tà Hộc
126	14	2	huyện	Sông Mã
04168	126	3	thị trấn	Sông Mã
04171	126	3	xã	Bó Sinh
04174	126	3	xã	Pú Pẩu
04177	126	3	xã	Chiềng Phung
04180	126	3	xã	Chiềng En
04183	126	3	xã	Mường Lầm
04186	126	3	xã	Nậm Ty
04189	126	3	xã	Đứa Mòn
04192	126	3	xã	Yên Hưng
04195	126	3	xã	Chiềng Sơ
04198	126	3	xã	Nà Nghịu
04201	126	3	xã	Nậm Mằn
04204	126	3	xã	Chiềng Khoong
04207	126	3	xã	Chiềng Cang
04210	126	3	xã	Huổi Một
04213	126	3	xã	Mường Sai
04216	126	3	xã	Mường Cai
04219	126	3	xã	Mường Hung
04222	126	3	xã	Chiềng Khương
127	14	2	huyện	Sốp Cộp
04225	127	3	xã	Sam Kha
04228	127	3	xã	Púng Bánh
04231	127	3	xã	Sốp Cộp
04234	127	3	xã	Dồm Cang
04237	127	3	xã	Nậm Lạnh
04240	127	3	xã	Mường Lèo
04243	127	3	xã	Mường Và
04246	127	3	xã	Mường Lạn
128	14	2	huyện	Vân Hồ
03994	128	3	xã	Suối Bàng
04006	128	3	xã	Song Khủa
04009	128	3	xã	Liên Hoà
04018	128	3	xã	Tô Múa
04021	128	3	xã	Mường Tè
04036	128	3	xã	Chiềng Khoa
04039	128	3	xã	Mường Men
04042	128	3	xã	Quang Minh
04048	128	3	xã	Vân Hồ
04051	128	3	xã	Lóng Luông
04054	128	3	xã	Chiềng Yên
04056	128	3	xã	Chiềng Xuân
04057	128	3	xã	Xuân Nha
04058	128	3	xã	Tân Xuân
15		1	tỉnh	Yên Bái
132	15	2	thành phố	Yên Bái
04249	132	3	phường	Yên Thịnh
04252	132	3	phường	Yên Ninh
04255	132	3	phường	Minh Tân
04258	132	3	phường	Nguyễn Thái Học
04261	132	3	phường	Đồng Tâm
04264	132	3	phường	Hồng Hà
04270	132	3	xã	Minh Bảo
04273	132	3	phường	Nam Cường
04276	132	3	xã	Tuy Lộc
04279	132	3	xã	Tân Thịnh
04540	132	3	xã	Âu Lâu
04543	132	3	xã	Giới Phiên
04546	132	3	phường	Hợp Minh
04558	132	3	xã	Văn Phú
133	15	2	thị xã	Nghĩa Lộ
04282	133	3	phường	Pú Trạng
04285	133	3	phường	Trung Tâm
04288	133	3	phường	Tân An
04291	133	3	phường	Cầu Thia
04294	133	3	xã	Nghĩa Lợi
04297	133	3	xã	Nghĩa Phúc
04300	133	3	xã	Nghĩa An
04624	133	3	xã	Nghĩa Lộ
04660	133	3	xã	Sơn A
04663	133	3	xã	Phù Nham
04675	133	3	xã	Thanh Lương
04678	133	3	xã	Hạnh Sơn
04681	133	3	xã	Phúc Sơn
04684	133	3	xã	Thạch Lương
135	15	2	huyện	Lục Yên
04303	135	3	thị trấn	Yên Thế
04306	135	3	xã	Tân Phượng
04309	135	3	xã	Lâm Thượng
04312	135	3	xã	Khánh Thiện
04315	135	3	xã	Minh Chuẩn
04318	135	3	xã	Mai Sơn
04321	135	3	xã	Khai Trung
04324	135	3	xã	Mường Lai
04327	135	3	xã	An Lạc
04330	135	3	xã	Minh Xuân
04333	135	3	xã	Tô Mậu
04336	135	3	xã	Tân Lĩnh
04339	135	3	xã	Yên Thắng
04342	135	3	xã	Khánh Hoà
04345	135	3	xã	Vĩnh Lạc
04348	135	3	xã	Liễu Đô
04351	135	3	xã	Động Quan
04354	135	3	xã	Tân Lập
04357	135	3	xã	Minh Tiến
04360	135	3	xã	Trúc Lâu
04363	135	3	xã	Phúc Lợi
04366	135	3	xã	Phan Thanh
04369	135	3	xã	An Phú
04372	135	3	xã	Trung Tâm
136	15	2	huyện	Văn Yên
04375	136	3	thị trấn	Mậu A
04378	136	3	xã	Lang Thíp
04381	136	3	xã	Lâm Giang
04384	136	3	xã	Châu Quế Thượng
04387	136	3	xã	Châu Quế Hạ
04390	136	3	xã	An Bình
04393	136	3	xã	Quang Minh
04396	136	3	xã	Đông An
04399	136	3	xã	Đông Cuông
04402	136	3	xã	Phong Dụ Hạ
04405	136	3	xã	Mậu Đông
04408	136	3	xã	Ngòi A
04411	136	3	xã	Xuân Tầm
04414	136	3	xã	Tân Hợp
04417	136	3	xã	An Thịnh
04420	136	3	xã	Yên Thái
04423	136	3	xã	Phong Dụ Thượng
04426	136	3	xã	Yên Hợp
04429	136	3	xã	Đại Sơn
04435	136	3	xã	Đại Phác
04438	136	3	xã	Yên Phú
04441	136	3	xã	Xuân Ái
04447	136	3	xã	Viễn Sơn
04450	136	3	xã	Mỏ Vàng
04453	136	3	xã	Nà Hẩu
137	15	2	huyện	Mù Căng Chải
04456	137	3	thị trấn	Mù Căng Chải
04459	137	3	xã	Hồ Bốn
04462	137	3	xã	Nậm Có
04465	137	3	xã	Khao Mang
04468	137	3	xã	Mồ Dề
04471	137	3	xã	Chế Cu Nha
04474	137	3	xã	Lao Chải
04477	137	3	xã	Kim Nọi
04480	137	3	xã	Cao Phạ
04483	137	3	xã	La Pán Tẩn
04486	137	3	xã	Dế Su Phình
04489	137	3	xã	Chế Tạo
04492	137	3	xã	Púng Luông
04495	137	3	xã	Nậm Khắt
138	15	2	huyện	Trấn Yên
04498	138	3	thị trấn	Cổ Phúc
04501	138	3	xã	Tân Đồng
04504	138	3	xã	Báo Đáp
04510	138	3	xã	Thành Thịnh
04513	138	3	xã	Hòa Cuông
04516	138	3	xã	Minh Quán
04519	138	3	xã	Quy Mông
04522	138	3	xã	Cường Thịnh
04525	138	3	xã	Kiên Thành
04531	138	3	xã	Y Can
04537	138	3	xã	Lương Thịnh
04564	138	3	xã	Việt Cường
04567	138	3	xã	Minh Quân
04570	138	3	xã	Hồng Ca
04573	138	3	xã	Hưng Thịnh
04576	138	3	xã	Hưng Khánh
04579	138	3	xã	Việt Hồng
04582	138	3	xã	Vân Hội
139	15	2	huyện	Trạm Tấu
04585	139	3	thị trấn	Trạm Tấu
04588	139	3	xã	Túc Đán
04591	139	3	xã	Pá Lau
04594	139	3	xã	Xà Hồ
04597	139	3	xã	Phình Hồ
04600	139	3	xã	Trạm Tấu
04603	139	3	xã	Tà Si Láng
04606	139	3	xã	Pá Hu
04609	139	3	xã	Làng Nhì
04612	139	3	xã	Bản Công
04615	139	3	xã	Bản Mù
04618	139	3	xã	Hát Lìu
140	15	2	huyện	Văn Chấn
04621	140	3	thị trấn	NT Liên Sơn
04627	140	3	thị trấn	NT Trần Phú
04630	140	3	xã	Tú Lệ
04633	140	3	xã	Nậm Búng
04636	140	3	xã	Gia Hội
04639	140	3	xã	Sùng Đô
04642	140	3	xã	Nậm Mười
04645	140	3	xã	An Lương
04648	140	3	xã	Nậm Lành
04651	140	3	xã	Sơn Lương
04654	140	3	xã	Suối Quyền
04657	140	3	xã	Suối Giàng
04666	140	3	xã	Nghĩa Sơn
04669	140	3	xã	Suối Bu
04672	140	3	thị trấn	Sơn Thịnh
04687	140	3	xã	Đại Lịch
04690	140	3	xã	Đồng Khê
04693	140	3	xã	Cát Thịnh
04696	140	3	xã	Tân Thịnh
04699	140	3	xã	Chấn Thịnh
04702	140	3	xã	Bình Thuận
04705	140	3	xã	Thượng Bằng La
04708	140	3	xã	Minh An
04711	140	3	xã	Nghĩa Tâm
141	15	2	huyện	Yên Bình
04714	141	3	thị trấn	Yên Bình
04717	141	3	thị trấn	Thác Bà
04720	141	3	xã	Xuân Long
04726	141	3	xã	Cảm Nhân
04729	141	3	xã	Ngọc Chấn
04732	141	3	xã	Tân Nguyên
04735	141	3	xã	Phúc Ninh
04738	141	3	xã	Bảo Ái
04741	141	3	xã	Mỹ Gia
04744	141	3	xã	Xuân Lai
04747	141	3	xã	Mông Sơn
04750	141	3	xã	Cảm Ân
04753	141	3	xã	Yên Thành
04756	141	3	xã	Tân Hương
04759	141	3	xã	Phúc An
04762	141	3	xã	Bạch Hà
04765	141	3	xã	Vũ Linh
04768	141	3	xã	Đại Đồng
04771	141	3	xã	Vĩnh Kiên
04777	141	3	xã	Thịnh Hưng
04780	141	3	xã	Hán Đà
04783	141	3	xã	Phú Thịnh
04786	141	3	xã	Đại Minh
17		1	tỉnh	Hoà Bình
148	17	2	thành phố	Hòa Bình
04789	148	3	phường	Thái Bình
04792	148	3	phường	Tân Hòa
04795	148	3	phường	Thịnh Lang
04798	148	3	phường	Hữu Nghị
04801	148	3	phường	Tân Thịnh
04804	148	3	phường	Đồng Tiến
04807	148	3	phường	Phương Lâm
04813	148	3	xã	Yên Mông
04816	148	3	phường	Quỳnh Lâm
04819	148	3	phường	Dân Chủ
04825	148	3	xã	Hòa Bình
04828	148	3	phường	Thống Nhất
04894	148	3	phường	Kỳ Sơn
04897	148	3	xã	Thịnh Minh
04903	148	3	xã	Hợp Thành
04906	148	3	xã	Quang Tiến
04912	148	3	xã	Mông Hóa
04918	148	3	phường	Trung Minh
04921	148	3	xã	Độc Lập
150	17	2	huyện	Đà Bắc
04831	150	3	thị trấn	Đà Bắc
04834	150	3	xã	Nánh Nghê
04840	150	3	xã	Giáp Đắt
04846	150	3	xã	Mường Chiềng
04849	150	3	xã	Tân Pheo
04852	150	3	xã	Đồng Chum
04855	150	3	xã	Tân Minh
04858	150	3	xã	Đoàn Kết
04861	150	3	xã	Đồng Ruộng
04867	150	3	xã	Tú Lý
04870	150	3	xã	Trung Thành
04873	150	3	xã	Yên Hòa
04876	150	3	xã	Cao Sơn
04879	150	3	xã	Toàn Sơn
04885	150	3	xã	Hiền Lương
04888	150	3	xã	Tiền Phong
04891	150	3	xã	Vầy Nưa
152	17	2	huyện	Lương Sơn
04924	152	3	thị trấn	Lương Sơn
04942	152	3	xã	Lâm Sơn
04945	152	3	xã	Hòa Sơn
04951	152	3	xã	Tân Vinh
04954	152	3	xã	Nhuận Trạch
04957	152	3	xã	Cao Sơn
04960	152	3	xã	Cư Yên
04969	152	3	xã	Liên Sơn
05008	152	3	xã	Cao Dương
05041	152	3	xã	Thanh Sơn
05047	152	3	xã	Thanh Cao
153	17	2	huyện	Kim Bôi
04978	153	3	thị trấn	Bo
04984	153	3	xã	Đú Sáng
04987	153	3	xã	Hùng Sơn
04990	153	3	xã	Bình Sơn
04999	153	3	xã	Tú Sơn
05005	153	3	xã	Vĩnh Tiến
05014	153	3	xã	Đông Bắc
05017	153	3	xã	Xuân Thủy
05026	153	3	xã	Vĩnh Đồng
05035	153	3	xã	Kim Lập
05038	153	3	xã	Hợp Tiến
05065	153	3	xã	Kim Bôi
05068	153	3	xã	Nam Thượng
05077	153	3	xã	Cuối Hạ
05080	153	3	xã	Sào Báy
05083	153	3	xã	Mi Hòa
05086	153	3	xã	Nuông Dăm
154	17	2	huyện	Cao Phong
05089	154	3	thị trấn	Cao Phong
05092	154	3	xã	Bình Thanh
05095	154	3	xã	Thung Nai
05098	154	3	xã	Bắc Phong
05101	154	3	xã	Thu Phong
05104	154	3	xã	Hợp Phong
05110	154	3	xã	Tây Phong
05116	154	3	xã	Dũng Phong
05119	154	3	xã	Nam Phong
05125	154	3	xã	Thạch Yên
155	17	2	huyện	Tân Lạc
05128	155	3	thị trấn	Mãn Đức
05134	155	3	xã	Suối Hoa
05137	155	3	xã	Phú Vinh
05140	155	3	xã	Phú Cường
05143	155	3	xã	Mỹ Hòa
05152	155	3	xã	Quyết Chiến
05158	155	3	xã	Phong Phú
05164	155	3	xã	Tử Nê
05167	155	3	xã	Thanh Hối
05170	155	3	xã	Ngọc Mỹ
05173	155	3	xã	Đông Lai
05176	155	3	xã	Vân Sơn
05182	155	3	xã	Nhân Mỹ
05191	155	3	xã	Lỗ Sơn
05194	155	3	xã	Ngổ Luông
05197	155	3	xã	Gia Mô
156	17	2	huyện	Mai Châu
04882	156	3	xã	Tân Thành
05200	156	3	thị trấn	Mai Châu
05206	156	3	xã	Sơn Thủy
05209	156	3	xã	Pà Cò
05212	156	3	xã	Hang Kia
05221	156	3	xã	Đồng Tân
05224	156	3	xã	Cun Pheo
05227	156	3	xã	Bao La
05233	156	3	xã	Tòng Đậu
05242	156	3	xã	Nà Phòn
05245	156	3	xã	Săm Khóe
05248	156	3	xã	Chiềng Châu
05251	156	3	xã	Mai Hạ
05254	156	3	xã	Thành Sơn
05257	156	3	xã	Mai Hịch
05263	156	3	xã	Vạn Mai
157	17	2	huyện	Lạc Sơn
05266	157	3	thị trấn	Vụ Bản
05269	157	3	xã	Quý Hòa
05272	157	3	xã	Miền Đồi
05275	157	3	xã	Mỹ Thành
05278	157	3	xã	Tuân Đạo
05281	157	3	xã	Văn Nghĩa
05284	157	3	xã	Văn Sơn
05287	157	3	xã	Tân Lập
05290	157	3	xã	Nhân Nghĩa
05293	157	3	xã	Thượng Cốc
05299	157	3	xã	Quyết Thắng
05302	157	3	xã	Xuất Hóa
05305	157	3	xã	Yên Phú
05308	157	3	xã	Bình Hẻm
05320	157	3	xã	Định Cư
05323	157	3	xã	Chí Đạo
05329	157	3	xã	Ngọc Sơn
05332	157	3	xã	Hương Nhượng
05335	157	3	xã	Vũ Bình
05338	157	3	xã	Tự Do
05341	157	3	xã	Yên Nghiệp
05344	157	3	xã	Tân Mỹ
05347	157	3	xã	Ân Nghĩa
05350	157	3	xã	Ngọc Lâu
158	17	2	huyện	Yên Thủy
05353	158	3	thị trấn	Hàng Trạm
05356	158	3	xã	Lạc Sỹ
05362	158	3	xã	Lạc Lương
05365	158	3	xã	Bảo Hiệu
05368	158	3	xã	Đa Phúc
05371	158	3	xã	Hữu Lợi
05374	158	3	xã	Lạc Thịnh
05380	158	3	xã	Đoàn Kết
05383	158	3	xã	Phú Lai
05386	158	3	xã	Yên Trị
05389	158	3	xã	Ngọc Lương
159	17	2	huyện	Lạc Thủy
04981	159	3	thị trấn	Ba Hàng Đồi
05392	159	3	thị trấn	Chi Nê
05395	159	3	xã	Phú Nghĩa
05398	159	3	xã	Phú Thành
05404	159	3	xã	Hưng Thi
05413	159	3	xã	Khoan Dụ
05419	159	3	xã	Đồng Tâm
05422	159	3	xã	Yên Bồng
05425	159	3	xã	Thống Nhất
05428	159	3	xã	An Bình
19		1	tỉnh	Thái Nguyên
164	19	2	thành phố	Thái Nguyên
05431	164	3	phường	Quán Triều
05434	164	3	phường	Quang Vinh
05437	164	3	phường	Túc Duyên
05440	164	3	phường	Hoàng Văn Thụ
05443	164	3	phường	Trưng Vương
05446	164	3	phường	Quang Trung
05449	164	3	phường	Phan Đình Phùng
05452	164	3	phường	Tân Thịnh
05455	164	3	phường	Thịnh Đán
05458	164	3	phường	Đồng Quang
05461	164	3	phường	Gia Sàng
05464	164	3	phường	Tân Lập
05467	164	3	phường	Cam Giá
05470	164	3	phường	Phú Xá
05473	164	3	phường	Hương Sơn
05476	164	3	phường	Trung Thành
05479	164	3	phường	Tân Thành
05482	164	3	phường	Tân Long
05485	164	3	xã	Phúc Hà
05488	164	3	xã	Phúc Xuân
05491	164	3	xã	Quyết Thắng
05494	164	3	xã	Phúc Trìu
05497	164	3	xã	Thịnh Đức
05500	164	3	phường	Tích Lương
05503	164	3	xã	Tân Cương
05653	164	3	xã	Sơn Cẩm
05659	164	3	phường	Chùa Hang
05695	164	3	xã	Cao Ngạn
05701	164	3	xã	Linh Sơn
05710	164	3	phường	Đồng Bẩm
05713	164	3	xã	Huống Thượng
05914	164	3	xã	Đồng Liên
165	19	2	thành phố	Sông Công
05506	165	3	phường	Lương Sơn
05509	165	3	phường	Châu Sơn
05512	165	3	phường	Mỏ Chè
05515	165	3	phường	Cải Đan
05518	165	3	phường	Thắng Lợi
05521	165	3	phường	Phố Cò
05527	165	3	xã	Tân Quang
05528	165	3	phường	Bách Quang
05530	165	3	xã	Bình Sơn
05533	165	3	xã	Bá Xuyên
167	19	2	huyện	Định Hóa
05539	167	3	xã	Linh Thông
05542	167	3	xã	Lam Vỹ
05545	167	3	xã	Quy Kỳ
05548	167	3	xã	Tân Thịnh
05551	167	3	xã	Kim Phượng
05554	167	3	xã	Bảo Linh
05560	167	3	xã	Phúc Chu
05563	167	3	xã	Tân Dương
05566	167	3	xã	Phượng Tiến
05569	167	3	thị trấn	Chợ Chu
05572	167	3	xã	Đồng Thịnh
05575	167	3	xã	Định Biên
05578	167	3	xã	Thanh Định
05581	167	3	xã	Trung Hội
05584	167	3	xã	Trung Lương
05587	167	3	xã	Bình Yên
05590	167	3	xã	Điềm Mặc
05593	167	3	xã	Phú Tiến
05596	167	3	xã	Bộc Nhiêu
05599	167	3	xã	Sơn Phú
05602	167	3	xã	Phú Đình
05605	167	3	xã	Bình Thành
168	19	2	huyện	Phú Lương
05611	168	3	thị trấn	Đu
05614	168	3	xã	Yên Ninh
05617	168	3	xã	Yên Trạch
05620	168	3	xã	Yên Đổ
05623	168	3	xã	Yên Lạc
05626	168	3	xã	Ôn Lương
05629	168	3	xã	Động Đạt
05632	168	3	xã	Phủ Lý
05635	168	3	xã	Phú Đô
05638	168	3	xã	Hợp Thành
05641	168	3	xã	Tức Tranh
05644	168	3	thị trấn	Giang Tiên
05647	168	3	xã	Vô Tranh
05650	168	3	xã	Cổ Lũng
169	19	2	huyện	Đồng Hỷ
05656	169	3	thị trấn	Sông Cầu
05662	169	3	thị trấn	Trại Cau
05665	169	3	xã	Văn Lăng
05668	169	3	xã	Tân Long
05671	169	3	xã	Hòa Bình
05674	169	3	xã	Quang Sơn
05677	169	3	xã	Minh Lập
05680	169	3	xã	Văn Hán
05683	169	3	xã	Hóa Trung
05686	169	3	xã	Khe Mo
05689	169	3	xã	Cây Thị
05692	169	3	thị trấn	Hóa Thượng
05698	169	3	xã	Hợp Tiến
05707	169	3	xã	Nam Hòa
170	19	2	huyện	Võ Nhai
05716	170	3	thị trấn	Đình Cả
05719	170	3	xã	Sảng Mộc
05722	170	3	xã	Nghinh Tường
05725	170	3	xã	Thần Xa
05728	170	3	xã	Vũ Chấn
05731	170	3	xã	Thượng Nung
05734	170	3	xã	Phú Thượng
05737	170	3	xã	Cúc Đường
05740	170	3	xã	La Hiên
05743	170	3	xã	Lâu Thượng
05746	170	3	xã	Tràng Xá
05749	170	3	xã	Phương Giao
05752	170	3	xã	Liên Minh
05755	170	3	xã	Dân Tiến
05758	170	3	xã	Bình Long
171	19	2	huyện	Đại Từ
05761	171	3	thị trấn	Hùng Sơn
05767	171	3	xã	Phúc Lương
05770	171	3	xã	Minh Tiến
05773	171	3	xã	Yên Lãng
05776	171	3	xã	Đức Lương
05779	171	3	xã	Phú Cường
05785	171	3	xã	Phú Lạc
05788	171	3	xã	Tân Linh
05791	171	3	xã	Phú Thịnh
05794	171	3	xã	Phục Linh
05797	171	3	xã	Phú Xuyên
05800	171	3	xã	Bản Ngoại
05803	171	3	xã	Tiên Hội
05809	171	3	xã	Cù Vân
05812	171	3	xã	Hà Thượng
05815	171	3	xã	La Bằng
05818	171	3	xã	Hoàng Nông
05821	171	3	xã	Khôi Kỳ
05824	171	3	xã	An Khánh
05827	171	3	xã	Tân Thái
05830	171	3	xã	Bình Thuận
05833	171	3	xã	Lục Ba
05836	171	3	xã	Mỹ Yên
05842	171	3	xã	Văn Yên
05845	171	3	xã	Vạn Phú
05848	171	3	xã	Cát Nê
05851	171	3	thị trấn	Quân Chu
172	19	2	thành phố	Phổ Yên
05854	172	3	phường	Bãi Bông
05857	172	3	phường	Bắc Sơn
05860	172	3	phường	Ba Hàng
05863	172	3	xã	Phúc Tân
05866	172	3	xã	Phúc Thuận
05869	172	3	phường	Hồng Tiến
05872	172	3	xã	Minh Đức
05875	172	3	phường	Đắc Sơn
05878	172	3	phường	Đồng Tiến
05881	172	3	xã	Thành Công
05884	172	3	phường	Tiên Phong
05887	172	3	xã	Vạn Phái
05890	172	3	phường	Nam Tiến
05893	172	3	phường	Tân Hương
05896	172	3	phường	Đông Cao
05899	172	3	phường	Trung Thành
05902	172	3	phường	Tân Phú
05905	172	3	phường	Thuận Thành
173	19	2	huyện	Phú Bình
05908	173	3	thị trấn	Hương Sơn
05911	173	3	xã	Bàn Đạt
05917	173	3	xã	Tân Khánh
05920	173	3	xã	Tân Kim
05923	173	3	xã	Tân Thành
05926	173	3	xã	Đào Xá
05929	173	3	xã	Bảo Lý
05932	173	3	xã	Thượng Đình
05935	173	3	xã	Tân Hòa
05938	173	3	xã	Nhã Lộng
05941	173	3	xã	Điềm Thụy
05944	173	3	xã	Xuân Phương
05947	173	3	xã	Tân Đức
05950	173	3	xã	Úc Kỳ
05953	173	3	xã	Lương Phú
05956	173	3	xã	Nga My
05959	173	3	xã	Kha Sơn
05962	173	3	xã	Thanh Ninh
05965	173	3	xã	Dương Thành
05968	173	3	xã	Hà Châu
20		1	tỉnh	Lạng Sơn
178	20	2	thành phố	Lạng Sơn
05971	178	3	phường	Hoàng Văn Thụ
05974	178	3	phường	Tam Thanh
05977	178	3	phường	Vĩnh Trại
05980	178	3	phường	Đông Kinh
05983	178	3	phường	Chi Lăng
05986	178	3	xã	Hoàng Đồng
05989	178	3	xã	Quảng Lạc
05992	178	3	xã	Mai Pha
180	20	2	huyện	Tràng Định
05998	180	3	xã	Khánh Long
06001	180	3	xã	Đoàn Kết
06004	180	3	xã	Quốc Khánh
06010	180	3	xã	Cao Minh
06013	180	3	xã	Chí Minh
06016	180	3	xã	Tri Phương
06019	180	3	xã	Tân Tiến
06022	180	3	xã	Tân Yên
06025	180	3	xã	Đội Cấn
06028	180	3	xã	Tân Minh
06031	180	3	xã	Kim Đồng
06034	180	3	xã	Chi Lăng
06037	180	3	xã	Trung Thành
06040	180	3	thị trấn	Thất Khê
06043	180	3	xã	Đào Viên
06046	180	3	xã	Đề Thám
06049	180	3	xã	Kháng Chiến
06055	180	3	xã	Hùng Sơn
06058	180	3	xã	Quốc Việt
06061	180	3	xã	Hùng Việt
181	20	2	huyện	Bình Gia
06067	181	3	xã	Hưng Đạo
06070	181	3	xã	Vĩnh Yên
06073	181	3	xã	Hoa Thám
06076	181	3	xã	Quý Hòa
06079	181	3	xã	Hồng Phong
06082	181	3	xã	Yên Lỗ
06085	181	3	xã	Thiện Hòa
06088	181	3	xã	Quang Trung
06091	181	3	xã	Thiện Thuật
06094	181	3	xã	Minh Khai
06097	181	3	xã	Thiện Long
06100	181	3	xã	Hoàng Văn Thụ
06103	181	3	xã	Hòa Bình
06106	181	3	xã	Mông Ân
06109	181	3	xã	Tân Hòa
06112	181	3	thị trấn	Bình Gia
06115	181	3	xã	Hồng Thái
06118	181	3	xã	Bình La
06121	181	3	xã	Tân Văn
182	20	2	huyện	Văn Lãng
06124	182	3	thị trấn	Na Sầm
06127	182	3	xã	Trùng Khánh
06133	182	3	xã	Bắc La
06136	182	3	xã	Thụy Hùng
06139	182	3	xã	Bắc Hùng
06142	182	3	xã	Tân Tác
06148	182	3	xã	Thanh Long
06151	182	3	xã	Hội Hoan
06154	182	3	xã	Bắc Việt
06157	182	3	xã	Hoàng Việt
06160	182	3	xã	Gia Miễn
06163	182	3	xã	Thành Hòa
06166	182	3	xã	Tân Thanh
06172	182	3	xã	Tân Mỹ
06175	182	3	xã	Hồng Thái
06178	182	3	xã	 Hoàng Văn Thụ
06181	182	3	xã	Nhạc Kỳ
183	20	2	huyện	Cao Lộc
06184	183	3	thị trấn	Đồng Đăng
06187	183	3	thị trấn	Cao Lộc
06190	183	3	xã	Bảo Lâm
06193	183	3	xã	Thanh Lòa
06196	183	3	xã	Cao Lâu
06199	183	3	xã	Thạch Đạn
06202	183	3	xã	Xuất Lễ
06205	183	3	xã	Hồng Phong
06208	183	3	xã	Thụy Hùng
06211	183	3	xã	Lộc Yên
06214	183	3	xã	Phú Xá
06217	183	3	xã	Bình Trung
06220	183	3	xã	Hải Yến
06223	183	3	xã	Hòa Cư
06226	183	3	xã	Hợp Thành
06232	183	3	xã	Công Sơn
06235	183	3	xã	Gia Cát
06238	183	3	xã	Mẫu Sơn
06241	183	3	xã	Xuân Long
06244	183	3	xã	Tân Liên
06247	183	3	xã	Yên Trạch
06250	183	3	xã	Tân Thành
184	20	2	huyện	Văn Quan
06253	184	3	thị trấn	Văn Quan
06256	184	3	xã	Trấn Ninh
06268	184	3	xã	Liên Hội
06274	184	3	xã	Hòa Bình
06277	184	3	xã	Tú Xuyên
06280	184	3	xã	Điềm He
06283	184	3	xã	An Sơn
06286	184	3	xã	Khánh Khê
06292	184	3	xã	Lương Năng
06298	184	3	xã	Bình Phúc
06307	184	3	xã	Tân Đoàn
06313	184	3	xã	Tri Lễ
06316	184	3	xã	Tràng Phái
06319	184	3	xã	Yên Phúc
06322	184	3	xã	Hữu Lễ
185	20	2	huyện	Bắc Sơn
06325	185	3	thị trấn	Bắc Sơn
06328	185	3	xã	Long Đống
06331	185	3	xã	Vạn Thủy
06337	185	3	xã	Đồng ý
06340	185	3	xã	Tân Tri
06343	185	3	xã	Bắc Quỳnh
06349	185	3	xã	Hưng Vũ
06352	185	3	xã	Tân Lập
06355	185	3	xã	Vũ Sơn
06358	185	3	xã	Chiêu Vũ
06361	185	3	xã	Tân Hương
06364	185	3	xã	Chiến Thắng
06367	185	3	xã	Vũ Lăng
06370	185	3	xã	Trấn Yên
06373	185	3	xã	Vũ Lễ
06376	185	3	xã	Nhất Hòa
06379	185	3	xã	Tân Thành
06382	185	3	xã	Nhất Tiến
186	20	2	huyện	Hữu Lũng
06385	186	3	thị trấn	Hữu Lũng
06388	186	3	xã	Hữu Liên
06391	186	3	xã	Yên Bình
06394	186	3	xã	Quyết Thắng
06397	186	3	xã	Hòa Bình
06400	186	3	xã	Yên Thịnh
06403	186	3	xã	Yên Sơn
06406	186	3	xã	Thiện Tân
06412	186	3	xã	Yên Vượng
06415	186	3	xã	Minh Tiến
06418	186	3	xã	Nhật Tiến
06421	186	3	xã	Thanh Sơn
06424	186	3	xã	Đồng Tân
06427	186	3	xã	Cai Kinh
06430	186	3	xã	Hòa Lạc
06433	186	3	xã	Vân Nham
06436	186	3	xã	Đồng Tiến
06442	186	3	xã	Tân Thành
06445	186	3	xã	Hòa Sơn
06448	186	3	xã	Minh Sơn
06451	186	3	xã	Hồ Sơn
06457	186	3	xã	Minh Hòa
06460	186	3	xã	Hòa Thắng
187	20	2	huyện	Chi Lăng
06463	187	3	thị trấn	Đồng Mỏ
06466	187	3	thị trấn	Chi Lăng
06469	187	3	xã	Vân An
06472	187	3	xã	Vân Thủy
06475	187	3	xã	Gia Lộc
06478	187	3	xã	Bắc Thủy
06481	187	3	xã	Chiến Thắng
06484	187	3	xã	Mai Sao
06487	187	3	xã	Bằng Hữu
06490	187	3	xã	Thượng Cường
06493	187	3	xã	Bằng Mạc
06496	187	3	xã	Nhân Lý
06499	187	3	xã	Lâm Sơn
06502	187	3	xã	Liên Sơn
06505	187	3	xã	Vạn Linh
06508	187	3	xã	Hòa Bình
06514	187	3	xã	Hữu Kiên
06517	187	3	xã	Quan Sơn
06520	187	3	xã	Y Tịch
06523	187	3	xã	Chi Lăng
188	20	2	huyện	Lộc Bình
06526	188	3	thị trấn	Na Dương
06529	188	3	thị trấn	Lộc Bình
06532	188	3	xã	Mẫu Sơn
06541	188	3	xã	Yên Khoái
06544	188	3	xã	Khánh Xuân
06547	188	3	xã	Tú Mịch
06550	188	3	xã	Hữu Khánh
06553	188	3	xã	Đồng Bục
06559	188	3	xã	Tam Gia
06562	188	3	xã	Tú Đoạn
06565	188	3	xã	Khuất Xá
06577	188	3	xã	Thống Nhất
06589	188	3	xã	Sàn Viên
06592	188	3	xã	Đông Quan
06595	188	3	xã	Minh Hiệp
06598	188	3	xã	Hữu Lân
06601	188	3	xã	Lợi Bác
06604	188	3	xã	Nam Quan
06607	188	3	xã	Xuân Dương
06610	188	3	xã	Ái Quốc
189	20	2	huyện	Đình Lập
06613	189	3	thị trấn	Đình Lập
06616	189	3	thị trấn	NT Thái Bình
06619	189	3	xã	Bắc Xa
06622	189	3	xã	Bính Xá
06625	189	3	xã	Kiên Mộc
06628	189	3	xã	Đình Lập
06631	189	3	xã	Thái Bình
06634	189	3	xã	Cường Lợi
06637	189	3	xã	Châu Sơn
06640	189	3	xã	Lâm Ca
06643	189	3	xã	Đồng Thắng
06646	189	3	xã	Bắc Lãng
22		1	tỉnh	Quảng Ninh
193	22	2	thành phố	Hạ Long
06649	193	3	phường	Hà Khánh
06652	193	3	phường	Hà Phong
06655	193	3	phường	Hà Khẩu
06658	193	3	phường	Cao Xanh
06661	193	3	phường	Giếng Đáy
06664	193	3	phường	Hà Tu
06667	193	3	phường	Hà Trung
06670	193	3	phường	Hà Lầm
06673	193	3	phường	Bãi Cháy
06676	193	3	phường	Cao Thắng
06679	193	3	phường	Hùng Thắng
06685	193	3	phường	Trần Hưng Đạo
06688	193	3	phường	Hồng Hải
06691	193	3	phường	Hồng Gai
06694	193	3	phường	Bạch Đằng
06697	193	3	phường	Hồng Hà
06700	193	3	phường	Tuần Châu
06703	193	3	phường	Việt Hưng
06706	193	3	phường	Đại Yên
07030	193	3	phường	Hoành Bồ
07033	193	3	xã	Kỳ Thượng
07036	193	3	xã	Đồng Sơn
07039	193	3	xã	Tân Dân
07042	193	3	xã	Đồng Lâm
07045	193	3	xã	Hòa Bình
07048	193	3	xã	Vũ Oai
07051	193	3	xã	Dân Chủ
07054	193	3	xã	Quảng La
07057	193	3	xã	Bằng Cả
07060	193	3	xã	Thống Nhất
07063	193	3	xã	Sơn Dương
07066	193	3	xã	Lê Lợi
194	22	2	thành phố	Móng Cái
06709	194	3	phường	Ka Long
06712	194	3	phường	Trần Phú
06715	194	3	phường	Ninh Dương
06721	194	3	phường	Trà Cổ
06724	194	3	xã	Hải Sơn
06727	194	3	xã	Bắc Sơn
06730	194	3	xã	Hải Đông
06733	194	3	xã	Hải Tiến
06736	194	3	phường	Hải Yên
06739	194	3	xã	Quảng Nghĩa
06742	194	3	phường	Hải Hoà
06745	194	3	xã	Hải Xuân
06748	194	3	xã	Vạn Ninh
06751	194	3	phường	Bình Ngọc
06754	194	3	xã	Vĩnh Trung
06757	194	3	xã	Vĩnh Thực
195	22	2	thành phố	Cẩm Phả
06760	195	3	phường	Mông Dương
06763	195	3	phường	Cửa Ông
06766	195	3	phường	Cẩm Sơn
06769	195	3	phường	Cẩm Đông
06772	195	3	phường	Cẩm Phú
06775	195	3	phường	Cẩm Tây
06778	195	3	phường	Quang Hanh
06781	195	3	phường	Cẩm Thịnh
06784	195	3	phường	Cẩm Thủy
06787	195	3	phường	Cẩm Thạch
06790	195	3	phường	Cẩm Thành
06793	195	3	phường	Cẩm Trung
06796	195	3	phường	Cẩm Bình
06799	195	3	xã	Hải Hòa
06805	195	3	xã	Dương Huy
196	22	2	thành phố	Uông Bí
06808	196	3	phường	Vàng Danh
06811	196	3	phường	Thanh Sơn
06814	196	3	phường	Bắc Sơn
06817	196	3	phường	Quang Trung
06820	196	3	phường	Trưng Vương
06823	196	3	phường	Nam Khê
06826	196	3	phường	Yên Thanh
06829	196	3	xã	Thượng Yên Công
06832	196	3	phường	Phương Đông
06835	196	3	phường	Phương Nam
198	22	2	huyện	Bình Liêu
06838	198	3	thị trấn	Bình Liêu
06841	198	3	xã	Hoành Mô
06844	198	3	xã	Đồng Tâm
06847	198	3	xã	Đồng Văn
06853	198	3	xã	Vô Ngại
06856	198	3	xã	Lục Hồn
06859	198	3	xã	Húc Động
199	22	2	huyện	Tiên Yên
06862	199	3	thị trấn	Tiên Yên
06865	199	3	xã	Hà Lâu
06868	199	3	xã	Đại Dực
06871	199	3	xã	Phong Dụ
06874	199	3	xã	Điền Xá
06877	199	3	xã	Đông Ngũ
06880	199	3	xã	Yên Than
06883	199	3	xã	Đông Hải
06886	199	3	xã	Hải Lạng
06889	199	3	xã	Tiên Lãng
06892	199	3	xã	Đồng Rui
200	22	2	huyện	Đầm Hà
06895	200	3	thị trấn	Đầm Hà
06898	200	3	xã	Quảng Lâm
06901	200	3	xã	Quảng An
06904	200	3	xã	Tân Bình
06910	200	3	xã	Dực Yên
06913	200	3	xã	Quảng Tân
06916	200	3	xã	Đầm Hà
06917	200	3	xã	Tân Lập
06919	200	3	xã	Đại Bình
201	22	2	huyện	Hải Hà
06922	201	3	thị trấn	Quảng Hà
06925	201	3	xã	Quảng Đức
06928	201	3	xã	Quảng Sơn
06931	201	3	xã	Quảng Thành
06937	201	3	xã	Quảng Thịnh
06940	201	3	xã	Quảng Minh
06943	201	3	xã	Quảng Chính
06946	201	3	xã	Quảng Long
06949	201	3	xã	Đường Hoa
06952	201	3	xã	Quảng Phong
06967	201	3	xã	Cái Chiên
202	22	2	huyện	Ba Chẽ
06970	202	3	thị trấn	Ba Chẽ
06973	202	3	xã	Thanh Sơn
06976	202	3	xã	Thanh Lâm
06979	202	3	xã	Đạp Thanh
06982	202	3	xã	Nam Sơn
06985	202	3	xã	Lương Minh
06988	202	3	xã	Đồn Đạc
203	22	2	huyện	Vân Đồn
06994	203	3	thị trấn	Cái Rồng
06997	203	3	xã	Đài Xuyên
07000	203	3	xã	Bình Dân
07003	203	3	xã	Vạn Yên
07006	203	3	xã	Minh Châu
07009	203	3	xã	Đoàn Kết
07012	203	3	xã	Hạ Long
07015	203	3	xã	Đông Xá
07018	203	3	xã	Bản Sen
07021	203	3	xã	Thắng Lợi
07024	203	3	xã	Quan Lạn
07027	203	3	xã	Ngọc Vừng
205	22	2	thành phố	Đông Triều
07069	205	3	phường	Mạo Khê
07075	205	3	xã	An Sinh
07078	205	3	xã	Tràng Lương
07081	205	3	phường	Bình Khê
07084	205	3	xã	Việt Dân
07090	205	3	phường	Bình Dương
07093	205	3	phường	Đức Chính
07096	205	3	phường	Tràng An
07099	205	3	xã	Nguyễn Huệ
07102	205	3	phường	Thủy An
07105	205	3	phường	Xuân Sơn
07108	205	3	xã	Hồng Thái Tây
07111	205	3	xã	Hồng Thái Đông
07114	205	3	phường	Hoàng Quế
07117	205	3	phường	Yên Thọ
07120	205	3	phường	Hồng Phong
07123	205	3	phường	Kim Sơn
07126	205	3	phường	Hưng Đạo
07129	205	3	phường	Yên Đức
206	22	2	thị xã	Quảng Yên
07132	206	3	phường	Quảng Yên
07135	206	3	phường	Đông Mai
07138	206	3	phường	Minh Thành
07144	206	3	xã	Sông Khoai
07147	206	3	xã	Hiệp Hòa
07150	206	3	phường	Cộng Hòa
07153	206	3	xã	Tiền An
07156	206	3	xã	Hoàng Tân
07159	206	3	phường	Tân An
07162	206	3	phường	Yên Giang
07165	206	3	phường	Nam Hoà
07168	206	3	phường	Hà An
07171	206	3	xã	Cẩm La
07174	206	3	phường	Phong Hải
07177	206	3	phường	Yên Hải
07180	206	3	xã	Liên Hòa
07183	206	3	phường	Phong Cốc
07186	206	3	xã	Liên Vị
07189	206	3	xã	Tiền Phong
207	22	2	huyện	Cô Tô
07192	207	3	thị trấn	Cô Tô
07195	207	3	xã	Đồng Tiến
07198	207	3	xã	Thanh Lân
24		1	tỉnh	Bắc Giang
213	24	2	thành phố	Bắc Giang
07201	213	3	phường	Thọ Xương
07207	213	3	phường	Ngô Quyền
07210	213	3	phường	Hoàng Văn Thụ
07213	213	3	phường	Trần Phú
07216	213	3	phường	Mỹ Độ
07222	213	3	phường	Song Mai
07225	213	3	phường	Xương Giang
07228	213	3	phường	Đa Mai
07231	213	3	phường	Dĩnh Kế
07441	213	3	phường	Dĩnh Trì
07681	213	3	phường	Nham Biền
07682	213	3	phường	Tân An
07687	213	3	phường	Tân Mỹ
07690	213	3	phường	Hương Gián
07693	213	3	xã	Tân An
07696	213	3	phường	Đồng Sơn
07699	213	3	phường	Tân Tiến
07702	213	3	xã	Quỳnh Sơn
07705	213	3	phường	Song Khê
07708	213	3	phường	Nội Hoàng
07711	213	3	phường	Tiền Phong
07714	213	3	xã	Xuân Phú
07717	213	3	phường	Tân Liễu
07720	213	3	xã	Trí Yên
07723	213	3	xã	Lãng Sơn
07726	213	3	xã	Yên Lư
07729	213	3	xã	Tiến Dũng
07732	213	3	xã	Nham Sơn
07735	213	3	xã	Đức Giang
07738	213	3	phường	Cảnh Thụy
07741	213	3	xã	Tư Mại
07744	213	3	xã	Thắng Cương
07747	213	3	xã	Đồng Việt
07750	213	3	xã	Đồng Phúc
215	24	2	huyện	Yên Thế
07243	215	3	xã	Đồng Tiến
07246	215	3	xã	Canh Nậu
07249	215	3	xã	Xuân Lương
07252	215	3	xã	Tam Tiến
07255	215	3	xã	Đồng Vương
07258	215	3	xã	Đồng Hưu
07260	215	3	xã	Đồng Tâm
07261	215	3	xã	Tân Hiệp
07264	215	3	xã	Tiến Thắng
07270	215	3	xã	Đồng Lạc
07273	215	3	xã	Đông Sơn
07279	215	3	xã	Hương Vĩ
07282	215	3	xã	Đồng Kỳ
07285	215	3	xã	An Thượng
07288	215	3	thị trấn	Phồn Xương
07291	215	3	xã	Tân Sỏi
07294	215	3	thị trấn	Bố Hạ
216	24	2	huyện	Tân Yên
07306	216	3	thị trấn	Nhã Nam
07309	216	3	xã	Tân Trung
07315	216	3	xã	Quang Trung
07321	216	3	xã	An Dương
07324	216	3	xã	Phúc Hòa
07327	216	3	xã	Liên Sơn
07330	216	3	xã	Hợp Đức
07333	216	3	xã	Lam Sơn
07336	216	3	xã	Cao Xá
07339	216	3	thị trấn	Cao Thượng
07342	216	3	xã	Việt Ngọc
07345	216	3	xã	Song Vân
07348	216	3	xã	Ngọc Châu
07351	216	3	xã	Ngọc Vân
07354	216	3	xã	Việt Lập
07357	216	3	xã	Liên Chung
07360	216	3	xã	Ngọc Thiện
07363	216	3	xã	Ngọc Lý
07366	216	3	xã	Quế Nham
217	24	2	huyện	Lạng Giang
07375	217	3	thị trấn	Vôi
07378	217	3	xã	Nghĩa Hòa
07381	217	3	xã	Nghĩa Hưng
07384	217	3	xã	Quang Thịnh
07387	217	3	xã	Hương Sơn
07390	217	3	xã	Đào Mỹ
07393	217	3	xã	Tiên Lục
07396	217	3	xã	An Hà
07399	217	3	thị trấn	Kép
07405	217	3	xã	Hương Lạc
07408	217	3	xã	Dương Đức
07411	217	3	xã	Tân Thanh
07417	217	3	xã	Tân Hưng
07420	217	3	xã	Mỹ Thái
07426	217	3	xã	Xương Lâm
07429	217	3	xã	Xuân Hương
07432	217	3	xã	Tân Dĩnh
07435	217	3	xã	Đại Lâm
07438	217	3	xã	Thái Đào
218	24	2	huyện	Lục Nam
07444	218	3	thị trấn	Đồi Ngô
07450	218	3	xã	Đông Hưng
07453	218	3	xã	Đông Phú
07456	218	3	xã	Tam Dị
07459	218	3	xã	Bảo Sơn
07462	218	3	xã	Bảo Đài
07465	218	3	xã	Thanh Lâm
07468	218	3	xã	Tiên Nha
07471	218	3	xã	Trường Giang
07477	218	3	thị trấn	Phương Sơn
07480	218	3	xã	Chu Điện
07483	218	3	xã	Cương Sơn
07486	218	3	xã	Nghĩa Phương
07489	218	3	xã	Vô Tranh
07492	218	3	xã	Bình Sơn
07495	218	3	xã	Lan Mẫu
07498	218	3	xã	Yên Sơn
07501	218	3	xã	Khám Lạng
07504	218	3	xã	Huyền Sơn
07507	218	3	xã	Trường Sơn
07510	218	3	xã	Lục Sơn
07513	218	3	xã	Bắc Lũng
07519	218	3	xã	Cẩm Lý
07522	218	3	xã	Đan Hội
219	24	2	huyện	Lục Ngạn
07528	219	3	xã	Cấm Sơn
07531	219	3	xã	Tân Sơn
07534	219	3	xã	Phong Minh
07537	219	3	xã	Phong Vân
07540	219	3	xã	Xa Lý
07543	219	3	xã	Hộ Đáp
07546	219	3	xã	Sơn Hải
07555	219	3	xã	Biên Sơn
07564	219	3	xã	Kim Sơn
07567	219	3	xã	Tân Hoa
07570	219	3	xã	Giáp Sơn
07573	219	3	thị trấn	Biển Động
07582	219	3	thị trấn	Phì Điền
07588	219	3	xã	Tân Quang
07591	219	3	xã	Đồng Cốc
07594	219	3	xã	Tân Lập
07597	219	3	xã	Phú Nhuận
07606	219	3	xã	Tân Mộc
07609	219	3	xã	Đèo Gia
220	24	2	huyện	Sơn Động
07615	220	3	thị trấn	An Châu
07616	220	3	thị trấn	Tây Yên Tử
07621	220	3	xã	Vân Sơn
07624	220	3	xã	Hữu Sản
07627	220	3	xã	Đại Sơn
07630	220	3	xã	Phúc Sơn
07636	220	3	xã	Giáo Liêm
07642	220	3	xã	Cẩm Đàn
07645	220	3	xã	An Lạc
07648	220	3	xã	Vĩnh An
07651	220	3	xã	Yên Định
07654	220	3	xã	Lệ Viễn
07660	220	3	xã	An Bá
07663	220	3	xã	Tuấn Đạo
07666	220	3	xã	Dương Hưu
07672	220	3	xã	Long Sơn
07678	220	3	xã	Thanh Luận
222	24	2	thị xã	Việt Yên
07759	222	3	xã	Thượng Lan
07762	222	3	xã	Việt Tiến
07765	222	3	xã	Nghĩa Trung
07768	222	3	xã	Minh Đức
07771	222	3	xã	Hương Mai
07774	222	3	phường	Tự Lạn
07777	222	3	phường	Bích Động
07780	222	3	xã	Trung Sơn
07783	222	3	phường	Hồng Thái
07786	222	3	xã	Tiên Sơn
07789	222	3	phường	Tăng Tiến
07792	222	3	phường	Quảng Minh
07795	222	3	phường	Nếnh
07798	222	3	phường	Ninh Sơn
07801	222	3	phường	Vân Trung
07804	222	3	xã	Vân Hà
07807	222	3	phường	Quang Châu
223	24	2	huyện	Hiệp Hòa
07816	223	3	xã	Đồng Tiến
07822	223	3	xã	Hoàng Vân
07825	223	3	xã	Toàn Thắng
07831	223	3	xã	Ngọc Sơn
07840	223	3	thị trấn	Thắng
07843	223	3	xã	Sơn Thịnh
07846	223	3	xã	Lương Phong
07849	223	3	xã	Hùng Thái
07855	223	3	xã	Thường Thắng
07858	223	3	xã	Hợp Thịnh
07861	223	3	xã	Danh Thắng
07864	223	3	xã	Mai Trung
07867	223	3	xã	Đoan Bái
07870	223	3	thị trấn	Bắc Lý
07873	223	3	xã	Xuân Cẩm
07876	223	3	xã	Hương Lâm
07879	223	3	xã	Đông Lỗ
07882	223	3	xã	Châu Minh
07885	223	3	xã	Mai Đình
224	24	2	thị xã	Chũ
07525	224	3	phường	Chũ
07549	224	3	phường	Thanh Hải
07552	224	3	xã	Kiên Lao
07558	224	3	xã	Kiên Thành
07561	224	3	phường	Hồng Giang
07576	224	3	xã	Quý Sơn
07579	224	3	phường	Trù Hựu
07600	224	3	xã	Mỹ An
07603	224	3	xã	Nam Dương
07612	224	3	phường	Phượng Sơn
25		1	tỉnh	Phú Thọ
227	25	2	thành phố	Việt Trì
07888	227	3	phường	Dữu Lâu
07894	227	3	phường	Nông Trang
07897	227	3	phường	Tân Dân
07900	227	3	phường	Gia Cẩm
07903	227	3	phường	Tiên Cát
07906	227	3	phường	Thọ Sơn
07909	227	3	phường	Thanh Miếu
07912	227	3	phường	Bạch Hạc
07918	227	3	phường	Vân Phú
07921	227	3	xã	Phượng Lâu
07924	227	3	xã	Thụy Vân
07927	227	3	phường	Minh Phương
07930	227	3	xã	Trưng Vương
07933	227	3	phường	Minh Nông
07936	227	3	xã	Sông Lô
08281	227	3	xã	Kim Đức
08287	227	3	xã	Hùng Lô
08503	227	3	xã	Hy Cương
08506	227	3	xã	Chu Hóa
08515	227	3	xã	Thanh Đình
228	25	2	thị xã	Phú Thọ
07942	228	3	phường	Hùng Vương
07945	228	3	phường	Phong Châu
07948	228	3	phường	Âu Cơ
07951	228	3	xã	Hà Lộc
07954	228	3	xã	Phú Hộ
07957	228	3	xã	Văn Lung
07960	228	3	xã	Thanh Minh
07963	228	3	xã	Hà Thạch
07966	228	3	phường	Thanh Vinh
230	25	2	huyện	Đoan Hùng
07969	230	3	thị trấn	Đoan Hùng
07975	230	3	xã	Hùng Xuyên
07981	230	3	xã	Bằng Luân
07987	230	3	xã	Phú Lâm
07996	230	3	xã	Bằng Doãn
07999	230	3	xã	Chí Đám
08005	230	3	xã	Phúc Lai
08008	230	3	xã	Ngọc Quan
08014	230	3	xã	Hợp Nhất
08023	230	3	xã	Tây Cốc
08035	230	3	xã	Hùng Long
08038	230	3	xã	Yên Kiện
08044	230	3	xã	Chân Mộng
08050	230	3	xã	Ca Đình
231	25	2	huyện	Hạ Hoà
08053	231	3	thị trấn	Hạ Hoà
08056	231	3	xã	Đại Phạm
08062	231	3	xã	Đan Thượng
08065	231	3	xã	Hà Lương
08071	231	3	xã	Tứ Hiệp
08080	231	3	xã	Hiền Lương
08089	231	3	xã	Phương Viên
08092	231	3	xã	Gia Điền
08095	231	3	xã	Ấm Hạ
08104	231	3	xã	Hương Xạ
08110	231	3	xã	Xuân Áng
08113	231	3	xã	Yên Kỳ
08119	231	3	xã	Minh Hạc
08122	231	3	xã	Lang Sơn
08125	231	3	xã	Bằng Giã
08128	231	3	xã	Yên Luật
08131	231	3	xã	Vô Tranh
08134	231	3	xã	Văn Lang
08140	231	3	xã	Minh Côi
08143	231	3	xã	Vĩnh Chân
232	25	2	huyện	Thanh Ba
08152	232	3	thị trấn	Thanh Ba
08156	232	3	xã	Vân Lĩnh
08158	232	3	xã	Đông Lĩnh
08161	232	3	xã	Đại An
08164	232	3	xã	Hanh Cù
08170	232	3	xã	Đồng Xuân
08173	232	3	xã	Quảng Yên
08179	232	3	xã	Ninh Dân
08194	232	3	xã	Võ Lao
08197	232	3	xã	Khải Xuân
08200	232	3	xã	Mạn Lạn
08203	232	3	xã	Hoàng Cương
08206	232	3	xã	Chí Tiên
08209	232	3	xã	Đông Thành
08215	232	3	xã	Sơn Cương
08218	232	3	xã	Thanh Hà
08221	232	3	xã	Đỗ Sơn
08224	232	3	xã	Đỗ Xuyên
08227	232	3	xã	Lương Lỗ
233	25	2	huyện	Phù Ninh
08230	233	3	thị trấn	Phong Châu
08233	233	3	xã	Phú Mỹ
08234	233	3	xã	Lệ Mỹ
08236	233	3	xã	Liên Hoa
08239	233	3	xã	Trạm Thản
08242	233	3	xã	Trị Quận
08245	233	3	xã	Trung Giáp
08248	233	3	xã	Tiên Phú
08251	233	3	xã	Hạ Giáp
08254	233	3	xã	Bảo Thanh
08257	233	3	xã	Phú Lộc
08260	233	3	xã	Gia Thanh
08263	233	3	xã	Tiên Du
08266	233	3	xã	Phú Nham
08272	233	3	xã	An Đạo
08275	233	3	xã	Bình Phú
08278	233	3	xã	Phù Ninh
234	25	2	huyện	Yên Lập
08290	234	3	thị trấn	Yên Lập
08293	234	3	xã	Mỹ Lung
08296	234	3	xã	Mỹ Lương
08299	234	3	xã	Lương Sơn
08302	234	3	xã	Xuân An
08305	234	3	xã	Xuân Viên
08308	234	3	xã	Xuân Thủy
08311	234	3	xã	Trung Sơn
08314	234	3	xã	Hưng Long
08317	234	3	xã	Nga Hoàng
08320	234	3	xã	Đồng Lạc
08323	234	3	xã	Thượng Long
08326	234	3	xã	Đồng Thịnh
08329	234	3	xã	Phúc Khánh
08332	234	3	xã	Minh Hòa
08335	234	3	xã	Ngọc Lập
08338	234	3	xã	Ngọc Đồng
235	25	2	huyện	Cẩm Khê
08341	235	3	thị trấn	Cẩm Khê
08344	235	3	xã	Tiên Lương
08350	235	3	xã	Minh Thắng
08353	235	3	xã	Minh Tân
08356	235	3	xã	Phượng Vĩ
08374	235	3	xã	Tùng Khê
08377	235	3	xã	Tam Sơn
08380	235	3	xã	Văn Bán
08389	235	3	xã	Phong Thịnh
08398	235	3	xã	Phú Khê
08401	235	3	xã	Hương Lung
08413	235	3	xã	Nhật Tiến
08416	235	3	xã	Hùng Việt
08422	235	3	xã	Yên Dưỡng
08428	235	3	xã	Điêu Lương
08431	235	3	xã	Đồng Lương
236	25	2	huyện	Tam Nông
08434	236	3	thị trấn	Hưng Hoá
08440	236	3	xã	Hiền Quan
08443	236	3	xã	Bắc Sơn
08446	236	3	xã	Thanh Uyên
08461	236	3	xã	Lam Sơn
08467	236	3	xã	Vạn Xuân
08470	236	3	xã	Quang Húc
08473	236	3	xã	Hương Nộn
08476	236	3	xã	Tề Lễ
08479	236	3	xã	Thọ Văn
08482	236	3	xã	Dị Nậu
08491	236	3	xã	Dân Quyền
237	25	2	huyện	Lâm Thao
08494	237	3	thị trấn	Lâm Thao
08497	237	3	xã	Tiên Kiên
08498	237	3	thị trấn	Hùng Sơn
08500	237	3	xã	Xuân Lũng
08509	237	3	xã	Xuân Huy
08512	237	3	xã	Thạch Sơn
08518	237	3	xã	Sơn Vi
08521	237	3	xã	Phùng Nguyên
08527	237	3	xã	Cao Xá
08533	237	3	xã	Vĩnh Lại
08536	237	3	xã	Tứ Xã
08539	237	3	xã	Bản Nguyên
238	25	2	huyện	Thanh Sơn
08542	238	3	thị trấn	Thanh Sơn
08563	238	3	xã	Sơn Hùng
08572	238	3	xã	Địch Quả
08575	238	3	xã	Giáp Lai
08581	238	3	xã	Thục Luyện
08584	238	3	xã	Võ Miếu
08587	238	3	xã	Thạch Khoán
08602	238	3	xã	Cự Thắng
08605	238	3	xã	Tất Thắng
08611	238	3	xã	Văn Miếu
08614	238	3	xã	Cự Đồng
08623	238	3	xã	Thắng Sơn
08629	238	3	xã	Tân Minh
08632	238	3	xã	Hương Cần
08635	238	3	xã	Khả Cửu
08638	238	3	xã	Đông Cửu
08641	238	3	xã	Tân Lập
08644	238	3	xã	Yên Lãng
08647	238	3	xã	Yên Lương
08650	238	3	xã	Thượng Cửu
08653	238	3	xã	Lương Nha
08656	238	3	xã	Yên Sơn
08659	238	3	xã	Tinh Nhuệ
239	25	2	huyện	Thanh Thuỷ
08662	239	3	xã	Đào Xá
08665	239	3	xã	Thạch Đồng
08668	239	3	xã	Xuân Lộc
08671	239	3	xã	Tân Phương
08674	239	3	thị trấn	Thanh Thủy
08677	239	3	xã	Sơn Thủy
08680	239	3	xã	Bảo Yên
08683	239	3	xã	Đoan Hạ
08686	239	3	xã	Đồng Trung
08689	239	3	xã	Hoàng Xá
08701	239	3	xã	Tu Vũ
240	25	2	huyện	Tân Sơn
08545	240	3	xã	Thu Cúc
08548	240	3	xã	Thạch Kiệt
08551	240	3	xã	Thu Ngạc
08554	240	3	xã	Kiệt Sơn
08557	240	3	xã	Đồng Sơn
08560	240	3	xã	Lai Đồng
08566	240	3	thị trấn	Tân Phú
08569	240	3	xã	Mỹ Thuận
08578	240	3	xã	Tân Sơn
08590	240	3	xã	Xuân Đài
08593	240	3	xã	Minh Đài
08596	240	3	xã	Văn Luông
08599	240	3	xã	Xuân Sơn
08608	240	3	xã	Long Cốc
08617	240	3	xã	Kim Thượng
08620	240	3	xã	Tam Thanh
08626	240	3	xã	Vinh Tiền
26		1	tỉnh	Vĩnh Phúc
243	26	2	thành phố	Vĩnh Yên
08707	243	3	phường	Tích Sơn
08710	243	3	phường	Liên Bảo
08713	243	3	phường	Hội Hợp
08716	243	3	phường	Đống Đa
08719	243	3	phường	Ngô Quyền
08722	243	3	phường	Đồng Tâm
08725	243	3	phường	Định Trung
08728	243	3	phường	Khai Quang
08731	243	3	xã	Thanh Trù
244	26	2	thành phố	Phúc Yên
08737	244	3	phường	Hùng Vương
08740	244	3	phường	Hai Bà Trưng
08743	244	3	phường	Phúc Thắng
08746	244	3	phường	Xuân Hoà
08747	244	3	phường	Đồng Xuân
08749	244	3	xã	Ngọc Thanh
08752	244	3	xã	Cao Minh
08755	244	3	phường	Nam Viêm
08758	244	3	phường	Tiền Châu
246	26	2	huyện	Lập Thạch
08761	246	3	thị trấn	Lập Thạch
08764	246	3	xã	Quang Sơn
08767	246	3	xã	Ngọc Mỹ
08770	246	3	xã	Hợp Lý
08785	246	3	xã	Bắc Bình
08788	246	3	xã	Thái Hòa
08789	246	3	thị trấn	Hoa Sơn
08791	246	3	xã	Liễn Sơn
08794	246	3	xã	Xuân Hòa
08797	246	3	xã	Vân Trục
08812	246	3	xã	Liên Hòa
08815	246	3	xã	Tử Du
08833	246	3	xã	Bàn Giản
08836	246	3	xã	Xuân Lôi
08839	246	3	xã	Đồng Ích
08842	246	3	xã	Tiên Lữ
08845	246	3	xã	Văn Quán
08863	246	3	xã	Tây Sơn
08866	246	3	xã	Sơn Đông
247	26	2	huyện	Tam Dương
08869	247	3	thị trấn	Hợp Hòa
08872	247	3	xã	Hoàng Hoa
08875	247	3	xã	Đồng Tĩnh
08878	247	3	thị trấn	Kim Long
08881	247	3	xã	Hướng Đạo
08884	247	3	xã	Đạo Tú
08887	247	3	xã	An Hòa
08890	247	3	xã	Thanh Vân
08893	247	3	xã	Duy Phiên
08896	247	3	xã	Hoàng Đan
08899	247	3	xã	Hoàng Lâu
08905	247	3	xã	Hội Thịnh
248	26	2	huyện	Tam Đảo
08908	248	3	thị trấn	Tam Đảo
08911	248	3	thị trấn	Hợp Châu
08914	248	3	xã	Đạo Trù
08917	248	3	xã	Yên Dương
08920	248	3	xã	Bồ Lý
08923	248	3	thị trấn	Đại Đình
08926	248	3	xã	Tam Quan
08929	248	3	xã	Hồ Sơn
08932	248	3	xã	Minh Quang
249	26	2	huyện	Bình Xuyên
08935	249	3	thị trấn	Hương Canh
08936	249	3	thị trấn	Gia Khánh
08938	249	3	xã	Trung Mỹ
08944	249	3	thị trấn	Bá Hiến
08947	249	3	xã	Thiện Kế
08950	249	3	xã	Hương Sơn
08953	249	3	xã	Tam Hợp
08956	249	3	xã	Quất Lưu
08959	249	3	xã	Sơn Lôi
08962	249	3	thị trấn	Đạo Đức
08965	249	3	xã	Tân Phong
08968	249	3	thị trấn	Thanh Lãng
08971	249	3	xã	Phú Xuân
251	26	2	huyện	Yên Lạc
09025	251	3	thị trấn	Yên Lạc
09028	251	3	xã	Đồng Cương
09031	251	3	xã	Đồng Văn
09034	251	3	xã	Bình Định
09037	251	3	xã	Trung Nguyên
09040	251	3	xã	Tề Lỗ
09043	251	3	thị trấn	Tam Hồng
09046	251	3	xã	Yên Đồng
09049	251	3	xã	Văn Tiến
09052	251	3	xã	Nguyệt Đức
09055	251	3	xã	Yên Phương
09061	251	3	xã	Trung Kiên
09064	251	3	xã	Liên Châu
09067	251	3	xã	Đại Tự
09070	251	3	xã	Hồng Châu
09073	251	3	xã	Trung Hà
252	26	2	huyện	Vĩnh Tường
09076	252	3	thị trấn	Vĩnh Tường
09079	252	3	xã	Kim Xá
09082	252	3	xã	Yên Bình
09085	252	3	xã	Chấn Hưng
09088	252	3	xã	Nghĩa Hưng
09091	252	3	xã	Yên Lập
09097	252	3	xã	Sao Đại Việt
09100	252	3	xã	Đại Đồng
09106	252	3	xã	Lũng Hoà
09112	252	3	thị trấn	Thổ Tang
09118	252	3	xã	Lương Điền
09124	252	3	xã	Tân Phú
09127	252	3	xã	Thượng Trưng
09130	252	3	xã	Vũ Di
09136	252	3	xã	Tuân Chính
09145	252	3	thị trấn	Tứ Trưng
09148	252	3	xã	Ngũ Kiên
09151	252	3	xã	An Nhân
09154	252	3	xã	Vĩnh Thịnh
09157	252	3	xã	Vĩnh Phú
253	26	2	huyện	Sông Lô
08773	253	3	xã	Lãng Công
08776	253	3	xã	Quang Yên
08782	253	3	xã	Hải Lựu
08800	253	3	xã	Đồng Quế
08803	253	3	xã	Nhân Đạo
08806	253	3	xã	Đôn Nhân
08809	253	3	xã	Phương Khoan
08818	253	3	xã	Tân Lập
08824	253	3	thị trấn	Tam Sơn
08830	253	3	xã	Yên Thạch
08848	253	3	xã	Đồng Thịnh
08851	253	3	xã	Tứ Yên
08854	253	3	xã	Đức Bác
08860	253	3	xã	Cao Phong
27		1	tỉnh	Bắc Ninh
256	27	2	thành phố	Bắc Ninh
09163	256	3	phường	Vũ Ninh
09166	256	3	phường	Đáp Cầu
09169	256	3	phường	Thị Cầu
09172	256	3	phường	Kinh Bắc
09181	256	3	phường	Đại Phúc
09184	256	3	phường	Tiền Ninh Vệ
09187	256	3	phường	Suối Hoa
09190	256	3	phường	Võ Cường
09214	256	3	phường	Hòa Long
09226	256	3	phường	Vạn An
09235	256	3	phường	Khúc Xuyên
09244	256	3	phường	Phong Khê
09256	256	3	phường	Kim Chân
09271	256	3	phường	Vân Dương
09286	256	3	phường	Nam Sơn
09325	256	3	phường	Khắc Niệm
09331	256	3	phường	Hạp Lĩnh
258	27	2	huyện	Yên Phong
09193	258	3	thị trấn	Chờ
09196	258	3	xã	Dũng Liệt
09199	258	3	xã	Tam Đa
09202	258	3	xã	Tam Giang
09205	258	3	xã	Yên Trung
09208	258	3	xã	Thụy Hòa
09211	258	3	xã	Hòa Tiến
09217	258	3	xã	Đông Tiến
09220	258	3	xã	Yên Phụ
09223	258	3	xã	Trung Nghĩa
09229	258	3	xã	Đông Phong
09232	258	3	xã	Long Châu
09238	258	3	xã	Văn Môn
09241	258	3	xã	Đông Thọ
259	27	2	thị xã	Quế Võ
09247	259	3	phường	Phố Mới
09250	259	3	xã	Việt Thống
09253	259	3	phường	Đại Xuân
09259	259	3	phường	Nhân Hòa
09262	259	3	phường	Bằng An
09265	259	3	phường	Phương Liễu
09268	259	3	phường	Quế Tân
09274	259	3	phường	Phù Lương
09277	259	3	xã	Phù Lãng
09280	259	3	phường	Phượng Mao
09283	259	3	phường	Việt Hùng
09289	259	3	xã	Ngọc Xá
09292	259	3	xã	Châu Phong
09295	259	3	phường	Bồng Lai
09298	259	3	phường	Cách Bi
09301	259	3	xã	Đào Viên
09304	259	3	xã	Yên Giả
09307	259	3	xã	Mộ Đạo
09310	259	3	xã	Đức Long
09313	259	3	xã	Chi Lăng
260	27	2	huyện	Tiên Du
09319	260	3	thị trấn	Lim
09322	260	3	xã	Phú Lâm
09328	260	3	xã	Nội Duệ
09334	260	3	xã	Liên Bão
09337	260	3	xã	Hiên Vân
09340	260	3	xã	Hoàn Sơn
09343	260	3	xã	Lạc Vệ
09346	260	3	xã	Việt Đoàn
09349	260	3	xã	Phật Tích
09352	260	3	xã	Tân Chi
09355	260	3	xã	Đại Đồng
09358	260	3	xã	Tri Phương
09361	260	3	xã	Minh Đạo
09364	260	3	xã	Cảnh Hưng
261	27	2	thành phố	Từ Sơn
09367	261	3	phường	Đông Ngàn
09370	261	3	phường	Tam Sơn
09373	261	3	phường	Hương Mạc
09376	261	3	phường	Tương Giang
09379	261	3	phường	Phù Khê
09382	261	3	phường	Đồng Kỵ
09383	261	3	phường	Trang Hạ
09385	261	3	phường	Đồng Nguyên
09388	261	3	phường	Châu Khê
09391	261	3	phường	Tân Hồng
09394	261	3	phường	Đình Bảng
09397	261	3	phường	Phù Chẩn
262	27	2	thị xã	Thuận Thành
09400	262	3	phường	Hồ
09403	262	3	xã	Hoài Thượng
09406	262	3	xã	Đại Đồng Thành
09409	262	3	xã	Mão Điền
09412	262	3	phường	Song Hồ
09415	262	3	xã	Đình Tổ
09418	262	3	phường	An Bình
09421	262	3	phường	Trí Quả
09424	262	3	phường	Gia Đông
09427	262	3	phường	Thanh Khương
09430	262	3	phường	Trạm Lộ
09433	262	3	phường	Xuân Lâm
09436	262	3	phường	Hà Mãn
09439	262	3	xã	Ngũ Thái
09442	262	3	xã	Nguyệt Đức
09445	262	3	phường	Ninh Xá
09448	262	3	xã	Nghĩa Đạo
09451	262	3	xã	Song Liễu
263	27	2	huyện	Gia Bình
09454	263	3	thị trấn	Gia Bình
09457	263	3	xã	Vạn Ninh
09460	263	3	xã	Thái Bảo
09463	263	3	xã	Giang Sơn
09466	263	3	xã	Cao Đức
09469	263	3	xã	Đại Lai
09472	263	3	xã	Song Giang
09475	263	3	xã	Bình Dương
09478	263	3	xã	Lãng Ngâm
09481	263	3	thị trấn	Nhân Thắng
09484	263	3	xã	Xuân Lai
09487	263	3	xã	Đông Cứu
09490	263	3	xã	Đại Bái
09493	263	3	xã	Quỳnh Phú
264	27	2	huyện	Lương Tài
09496	264	3	thị trấn	Thứa
09499	264	3	xã	An Thịnh
09502	264	3	xã	Trung Kênh
09505	264	3	xã	Phú Hòa
09508	264	3	xã	An Tập
09511	264	3	xã	Tân Lãng
09514	264	3	xã	Quảng Phú
09517	264	3	xã	Quang Minh
09523	264	3	xã	Trung Chính
09529	264	3	xã	Bình Định
09532	264	3	xã	Phú Lương
09535	264	3	xã	Lâm Thao
30		1	tỉnh	Hải Dương
288	30	2	thành phố	Hải Dương
10507	288	3	phường	Cẩm Thượng
10510	288	3	phường	Bình Hàn
10513	288	3	phường	Ngọc Châu
10514	288	3	phường	Nhị Châu
10516	288	3	phường	Quang Trung
10519	288	3	phường	Nguyễn Trãi
10525	288	3	phường	Trần Hưng Đạo
10528	288	3	phường	Trần Phú
10531	288	3	phường	Thanh Bình
10532	288	3	phường	Tân Bình
10534	288	3	phường	Lê Thanh Nghị
10537	288	3	phường	Hải Tân
10540	288	3	phường	Tứ Minh
10543	288	3	phường	Việt Hoà
10660	288	3	phường	Ái Quốc
10663	288	3	xã	An Thượng
10672	288	3	phường	Nam Đồng
10822	288	3	xã	Quyết Thắng
10837	288	3	xã	Tiền Tiến
11002	288	3	phường	Thạch Khôi
11005	288	3	xã	Liên Hồng
11011	288	3	phường	Tân Hưng
11017	288	3	xã	Gia Xuyên
11077	288	3	xã	Ngọc Sơn
290	30	2	thành phố	Chí Linh
10546	290	3	phường	Phả Lại
10549	290	3	phường	Sao Đỏ
10552	290	3	phường	Bến Tắm
10555	290	3	xã	Hoàng Hoa Thám
10558	290	3	xã	Bắc An
10561	290	3	xã	Hưng Đạo
10564	290	3	xã	Lê Lợi
10567	290	3	phường	Hoàng Tiến
10570	290	3	phường	Cộng Hoà
10573	290	3	phường	Hoàng Tân
10576	290	3	phường	Cổ Thành
10579	290	3	phường	Văn An
10582	290	3	phường	Chí Minh
10585	290	3	phường	Văn Đức
10588	290	3	phường	Thái Học
10591	290	3	xã	Nhân Huệ
10594	290	3	phường	An Lạc
10600	290	3	phường	Đồng Lạc
10603	290	3	phường	Tân Dân
291	30	2	huyện	Nam Sách
10606	291	3	thị trấn	Nam Sách
10609	291	3	xã	Nam Hưng
10612	291	3	xã	Nam Tân
10615	291	3	xã	Hợp Tiến
10618	291	3	xã	Hiệp Cát
10621	291	3	xã	Quốc Tuấn
10630	291	3	xã	An Bình
10633	291	3	xã	Trần Phú
10636	291	3	xã	An Sơn
10639	291	3	xã	Cộng Hòa
10642	291	3	xã	Thái Tân
10645	291	3	xã	An Phú
10654	291	3	xã	Hồng Phong
10657	291	3	xã	Đồng Lạc
10666	291	3	xã	Minh Tân
292	30	2	thị xã	Kinh Môn
10675	292	3	phường	An Lưu
10678	292	3	xã	Bạch Đằng
10681	292	3	phường	Thất Hùng
10684	292	3	xã	Lê Ninh
10693	292	3	phường	Phạm Thái
10696	292	3	phường	Duy Tân
10699	292	3	phường	Tân Dân
10702	292	3	phường	Minh Tân
10705	292	3	xã	Quang Thành
10708	292	3	xã	Hiệp Hòa
10714	292	3	phường	Phú Thứ
10717	292	3	xã	Thăng Long
10720	292	3	xã	Lạc Long
10723	292	3	phường	An Sinh
10726	292	3	phường	Hiệp Sơn
10729	292	3	xã	Thượng Quận
10732	292	3	phường	An Phụ
10735	292	3	phường	Hiệp An
10738	292	3	phường	Long Xuyên
10741	292	3	phường	Thái Thịnh
10744	292	3	phường	Hiến Thành
10747	292	3	xã	Minh Hòa
293	30	2	huyện	Kim Thành
10750	293	3	thị trấn	Phú Thái
10756	293	3	xã	Lai Khê
10762	293	3	xã	Vũ Dũng
10768	293	3	xã	Tuấn Việt
10771	293	3	xã	Kim Xuyên
10777	293	3	xã	Ngũ Phúc
10780	293	3	xã	Kim Anh
10783	293	3	xã	Kim Liên
10786	293	3	xã	Kim Tân
10792	293	3	xã	Kim Đính
10798	293	3	xã	Hòa Bình
10801	293	3	xã	Tam Kỳ
10804	293	3	xã	Đồng Cẩm
10810	293	3	xã	Đại Đức
294	30	2	huyện	Thanh Hà
10813	294	3	thị trấn	Thanh Hà
10816	294	3	xã	Hồng Lạc
10825	294	3	xã	Tân Việt
10828	294	3	xã	Cẩm Việt
10831	294	3	xã	Thanh An
10834	294	3	xã	Thanh Lang
10840	294	3	xã	Tân An
10843	294	3	xã	Liên Mạc
10846	294	3	xã	Thanh Hải
10855	294	3	xã	Thanh Xuân
10861	294	3	xã	Thanh Tân
10864	294	3	xã	An Phượng
10867	294	3	xã	Thanh Sơn
10876	294	3	xã	Thanh Quang
10879	294	3	xã	Thanh Hồng
10882	294	3	xã	Vĩnh Cường
295	30	2	huyện	Cẩm Giàng
10888	295	3	thị trấn	Cẩm Giang
10891	295	3	thị trấn	Lai Cách
10894	295	3	xã	Cẩm Hưng
10897	295	3	xã	Cẩm Hoàng
10900	295	3	xã	Cẩm Văn
10903	295	3	xã	Ngọc Liên
10909	295	3	xã	Cẩm Vũ
10912	295	3	xã	Đức Chính
10918	295	3	xã	Định Sơn
10924	295	3	xã	Lương Điền
10927	295	3	xã	Cao An
10930	295	3	xã	Tân Trường
10933	295	3	xã	Phúc Điền
10939	295	3	xã	Cẩm Đông
10942	295	3	xã	Cẩm Đoài
296	30	2	huyện	Bình Giang
10945	296	3	thị trấn	Kẻ Sặt
10951	296	3	xã	Vĩnh Hưng
10954	296	3	xã	Hùng Thắng
10960	296	3	xã	Vĩnh Hồng
10963	296	3	xã	Long Xuyên
10966	296	3	xã	Tân Việt
10969	296	3	xã	Thúc Kháng
10972	296	3	xã	Tân Hồng
10978	296	3	xã	Hồng Khê
10981	296	3	xã	Thái Minh
10984	296	3	xã	Cổ Bì
10987	296	3	xã	Nhân Quyền
10990	296	3	xã	Thái Dương
10993	296	3	xã	Thái Hòa
10996	296	3	xã	Bình Xuyên
297	30	2	huyện	Gia Lộc
10999	297	3	thị trấn	Gia Lộc
11008	297	3	xã	Thống Nhất
11020	297	3	xã	Yết Kiêu
11035	297	3	xã	Gia Phúc
11038	297	3	xã	Gia Tiến
11041	297	3	xã	Lê Lợi
11044	297	3	xã	Toàn Thắng
11047	297	3	xã	Hoàng Diệu
11050	297	3	xã	Hồng Hưng
11053	297	3	xã	Phạm Trấn
11056	297	3	xã	Đoàn Thượng
11059	297	3	xã	Thống Kênh
11065	297	3	xã	Nhật Quang
11071	297	3	xã	Quang Đức
298	30	2	huyện	Tứ Kỳ
11074	298	3	thị trấn	Tứ Kỳ
11083	298	3	xã	Đại Sơn
11086	298	3	xã	Hưng Đạo
11092	298	3	xã	Bình Lăng
11095	298	3	xã	Chí Minh
11098	298	3	xã	Kỳ Sơn
11101	298	3	xã	Quang Phục
11113	298	3	xã	Tân Kỳ
11116	298	3	xã	Quang Khải
11119	298	3	xã	Đại Hợp
11122	298	3	xã	Dân An
11125	298	3	xã	An Thanh
11128	298	3	xã	Minh Đức
11131	298	3	xã	Văn Tố
11134	298	3	xã	Quang Trung
11140	298	3	xã	Lạc Phượng
11143	298	3	xã	Tiên Động
11146	298	3	xã	Nguyên Giáp
11149	298	3	xã	Hà Kỳ
11152	298	3	xã	Hà Thanh
299	30	2	huyện	Ninh Giang
11161	299	3	xã	Ứng Hoè
11164	299	3	xã	Nghĩa An
11167	299	3	xã	Đức Phúc
11173	299	3	xã	An Đức
11179	299	3	xã	Tân Hương
11185	299	3	xã	Vĩnh Hòa
11188	299	3	xã	Bình Xuyên
11197	299	3	xã	Tân Phong
11203	299	3	thị trấn	Ninh Giang
11206	299	3	xã	Tân Quang
11215	299	3	xã	Hồng Dụ
11218	299	3	xã	Văn Hội
11224	299	3	xã	Hồng Phong
11227	299	3	xã	Hiệp Lực
11230	299	3	xã	Kiến Phúc
11233	299	3	xã	Hưng Long
300	30	2	huyện	Thanh Miện
11239	300	3	thị trấn	Thanh Miện
11242	300	3	xã	Thanh Tùng
11245	300	3	xã	Phạm Kha
11248	300	3	xã	Ngô Quyền
11251	300	3	xã	Đoàn Tùng
11254	300	3	xã	Hồng Quang
11257	300	3	xã	Tân Trào
11260	300	3	xã	Lam Sơn
11263	300	3	xã	Đoàn Kết
11266	300	3	xã	Lê Hồng
11269	300	3	xã	Tứ Cường
11275	300	3	xã	Ngũ Hùng
11278	300	3	xã	Cao Thắng
11281	300	3	xã	Chi Lăng Bắc
11284	300	3	xã	Chi Lăng Nam
11287	300	3	xã	Thanh Giang
11293	300	3	xã	Hồng Phong
31		1	thành phố	Hải Phòng
303	31	2	quận	Hồng Bàng
11296	303	3	phường	Quán Toan
11299	303	3	phường	Hùng Vương
11302	303	3	phường	Sở Dầu
11305	303	3	phường	Thượng Lý
11311	303	3	phường	Minh Khai
11320	303	3	phường	Hoàng Văn Thụ
11323	303	3	phường	Phan Bội Châu
11587	303	3	phường	Đại Bản
11599	303	3	phường	An Hưng
11602	303	3	phường	An Hồng
304	31	2	quận	Ngô Quyền
11329	304	3	phường	Máy Chai
11335	304	3	phường	Vạn Mỹ
11338	304	3	phường	Cầu Tre
11341	304	3	phường	Gia Viên
11344	304	3	phường	Cầu Đất
11350	304	3	phường	Đông Khê
11359	304	3	phường	Đằng Giang
11365	304	3	phường	Lạch Tray
305	31	2	quận	Lê Chân
11371	305	3	phường	An Biên
11383	305	3	phường	Trần Nguyên Hãn
11395	305	3	phường	Hàng Kênh
11401	305	3	phường	An Dương
11404	305	3	phường	Dư Hàng Kênh
11405	305	3	phường	Kênh Dương
11407	305	3	phường	Vĩnh Niệm
306	31	2	quận	Hải An
11410	306	3	phường	Đông Hải 1
11411	306	3	phường	Đông Hải 2
11413	306	3	phường	Đằng Lâm
11414	306	3	phường	Thành Tô
11416	306	3	phường	Đằng Hải
11419	306	3	phường	Nam Hải
11422	306	3	phường	Cát Bi
11425	306	3	phường	Tràng Cát
307	31	2	quận	Kiến An
11431	307	3	phường	Đồng Hoà
11434	307	3	phường	Bắc Sơn
11437	307	3	phường	Nam Sơn
11440	307	3	phường	Ngọc Sơn
11443	307	3	phường	Trần Thành Ngọ
11446	307	3	phường	Văn Đẩu
11449	307	3	phường	Bắc Hà
308	31	2	quận	Đồ Sơn
11455	308	3	phường	Ngọc Xuyên
11458	308	3	phường	Hải Sơn
11461	308	3	phường	Vạn Hương
11465	308	3	phường	Minh Đức
11467	308	3	phường	Bàng La
11737	308	3	phường	Hợp Đức
309	31	2	quận	Dương Kinh
11683	309	3	phường	Đa Phúc
11686	309	3	phường	Hưng Đạo
11689	309	3	phường	Anh Dũng
11692	309	3	phường	Hải Thành
11707	309	3	phường	Hoà Nghĩa
11740	309	3	phường	Tân Thành
311	31	2	thành phố	Thuỷ Nguyên
11473	311	3	phường	Minh Đức
11485	311	3	xã	Liên Xuân
11488	311	3	phường	Lưu Kiếm
11500	311	3	xã	Bạch Đằng
11503	311	3	xã	Ninh Sơn
11506	311	3	phường	Quảng Thanh
11512	311	3	phường	Trần Hưng Đạo
11518	311	3	xã	Quang Trung
11521	311	3	phường	Lê Hồng Phong
11527	311	3	phường	Hoà Bình
11530	311	3	phường	Thủy Hà
11533	311	3	phường	An Lư
11539	311	3	phường	Phạm Ngũ Lão
11542	311	3	phường	Nam Triệu Giang
11545	311	3	phường	Tam Hưng
11551	311	3	phường	Lập Lễ
11557	311	3	phường	Thiên Hương
11560	311	3	phường	Thuỷ Đường
11569	311	3	phường	Hoàng Lâm
11572	311	3	phường	Hoa Động
11578	311	3	phường	Dương Quan
312	31	2	quận	An Dương
11581	312	3	phường	Lê Lợi
11584	312	3	phường	Lê Thiện
11590	312	3	phường	An Hoà
11593	312	3	phường	Hồng Phong
11596	312	3	phường	Tân Tiến
11608	312	3	phường	Nam Sơn
11614	312	3	phường	An Hải
11617	312	3	phường	Đồng Thái
11623	312	3	phường	An Đồng
11626	312	3	phường	Hồng Thái
313	31	2	huyện	An Lão
11629	313	3	thị trấn	An Lão
11632	313	3	xã	Bát Trang
11635	313	3	xã	Trường Thọ
11638	313	3	xã	Trường Thành
11641	313	3	xã	An Tiến
11644	313	3	xã	Quang Hưng
11647	313	3	xã	Quang Trung
11650	313	3	xã	Quốc Tuấn
11653	313	3	xã	An Thắng
11656	313	3	thị trấn	Trường Sơn
11659	313	3	xã	Tân Dân
11662	313	3	xã	Thái Sơn
11665	313	3	xã	Tân Viên
11668	313	3	xã	Mỹ Đức
11671	313	3	xã	Chiến Thắng
11674	313	3	xã	An Thọ
11677	313	3	xã	An Thái
314	31	2	huyện	Kiến Thuỵ
11680	314	3	thị trấn	Núi Đối
11695	314	3	xã	Đông Phương
11698	314	3	xã	Thuận Thiên
11701	314	3	xã	Hữu Bằng
11704	314	3	xã	Đại Đồng
11710	314	3	xã	Ngũ Phúc
11713	314	3	xã	Kiến Quốc
11716	314	3	xã	Du Lễ
11722	314	3	xã	Thanh Sơn
11725	314	3	xã	Minh Tân
11728	314	3	xã	Kiến Hưng
11734	314	3	xã	Tân Phong
11743	314	3	xã	Tân Trào
11746	314	3	xã	Đoàn Xá
11749	314	3	xã	Tú Sơn
11752	314	3	xã	Đại Hợp
315	31	2	huyện	Tiên Lãng
11755	315	3	thị trấn	Tiên Lãng
11758	315	3	xã	Đại Thắng
11761	315	3	xã	Tiên Cường
11764	315	3	xã	Tự Cường
11770	315	3	xã	Quyết Tiến
11773	315	3	xã	Khởi Nghĩa
11776	315	3	xã	Tiên Thanh
11779	315	3	xã	Cấp Tiến
11782	315	3	xã	Kiến Thiết
11785	315	3	xã	Đoàn Lập
11791	315	3	xã	Tân Minh
11797	315	3	xã	Tiên Thắng
11800	315	3	xã	Tiên Minh
11803	315	3	xã	Bắc Hưng
11806	315	3	xã	Nam Hưng
11809	315	3	xã	Hùng Thắng
11812	315	3	xã	Tây Hưng
11815	315	3	xã	Đông Hưng
11821	315	3	xã	Vinh Quang
316	31	2	huyện	Vĩnh Bảo
11824	316	3	thị trấn	Vĩnh Bảo
11827	316	3	xã	Dũng Tiến
11830	316	3	xã	Giang Biên
11833	316	3	xã	Thắng Thuỷ
11836	316	3	xã	Trung Lập
11839	316	3	xã	Việt Tiến
11842	316	3	xã	Vĩnh An
11848	316	3	xã	Vĩnh Hoà
11851	316	3	xã	Hùng Tiến
11857	316	3	xã	Tân Hưng
11860	316	3	xã	Tân Liên
11866	316	3	xã	Vĩnh Hưng
11875	316	3	xã	Vĩnh Hải
11881	316	3	xã	Liên Am
11884	316	3	xã	Lý Học
11887	316	3	xã	Tam Cường
11890	316	3	xã	Hoà Bình
11893	316	3	xã	Tiền Phong
11902	316	3	xã	Cao Minh
11911	316	3	xã	Trấn Dương
317	31	2	huyện	Cát Hải
11914	317	3	thị trấn	Cát Bà
11917	317	3	thị trấn	Cát Hải
11920	317	3	xã	Nghĩa Lộ
11923	317	3	xã	Đồng Bài
11926	317	3	xã	Hoàng Châu
11929	317	3	xã	Văn Phong
11932	317	3	xã	Phù Long
11935	317	3	xã	Gia Luận
11938	317	3	xã	Hiền Hào
11941	317	3	xã	Trân Châu
11944	317	3	xã	Việt Hải
11947	317	3	xã	Xuân Đám
318	31	2	huyện	Bạch Long Vĩ
33		1	tỉnh	Hưng Yên
323	33	2	thành phố	Hưng Yên
11950	323	3	phường	Lam Sơn
11953	323	3	phường	Hiến Nam
11956	323	3	phường	An Tảo
11959	323	3	phường	Lê Lợi
11962	323	3	phường	Minh Khai
11968	323	3	phường	Hồng Châu
11971	323	3	xã	Trung Nghĩa
11974	323	3	xã	Liên Phương
11977	323	3	xã	Phương Nam
11980	323	3	xã	Quảng Châu
11983	323	3	xã	Bảo Khê
12331	323	3	xã	Phú Cường
12334	323	3	xã	Hùng Cường
12385	323	3	xã	Tân Hưng
12388	323	3	xã	Hoàng Hanh
325	33	2	huyện	Văn Lâm
11986	325	3	thị trấn	Như Quỳnh
11989	325	3	xã	Lạc Đạo
11992	325	3	xã	Chỉ Đạo
11995	325	3	xã	Đại Đồng
11998	325	3	xã	Việt Hưng
12001	325	3	xã	Tân Quang
12004	325	3	xã	Đình Dù
12007	325	3	xã	Minh Hải
12010	325	3	xã	Lương Tài
12013	325	3	xã	Trưng Trắc
12016	325	3	xã	Lạc Hồng
326	33	2	huyện	Văn Giang
12019	326	3	thị trấn	Văn Giang
12022	326	3	xã	Xuân Quan
12025	326	3	xã	Cửu Cao
12028	326	3	xã	Phụng Công
12031	326	3	xã	Nghĩa Trụ
12034	326	3	xã	Long Hưng
12037	326	3	xã	Vĩnh Khúc
12040	326	3	xã	Liên Nghĩa
12043	326	3	xã	Tân Tiến
12046	326	3	xã	Thắng Lợi
12049	326	3	xã	Mễ Sở
327	33	2	huyện	Yên Mỹ
12052	327	3	thị trấn	Yên Mỹ
12055	327	3	xã	Nguyễn Văn Linh
12061	327	3	xã	Đồng Than
12064	327	3	xã	Ngọc Long
12067	327	3	xã	Liêu Xá
12070	327	3	xã	Hoàn Long
12073	327	3	xã	Tân Lập
12076	327	3	xã	Thanh Long
12079	327	3	xã	Yên Phú
12085	327	3	xã	Trung Hòa
12091	327	3	xã	Việt Yên
12100	327	3	xã	Tân Minh
328	33	2	thị xã	Mỹ Hào
12103	328	3	phường	Bần Yên Nhân
12106	328	3	phường	Phan Đình Phùng
12109	328	3	xã	Cẩm Xá
12112	328	3	xã	Dương Quang
12115	328	3	xã	Hòa Phong
12118	328	3	phường	Nhân Hòa
12121	328	3	phường	Dị Sử
12124	328	3	phường	Bạch Sam
12127	328	3	phường	Minh Đức
12130	328	3	phường	Phùng Chí Kiên
12133	328	3	xã	Xuân Dục
12136	328	3	xã	Ngọc Lâm
12139	328	3	xã	Hưng Long
329	33	2	huyện	Ân Thi
12142	329	3	thị trấn	Ân Thi
12145	329	3	xã	Phù Ủng
12148	329	3	xã	Bắc Sơn
12151	329	3	xã	Bãi Sậy
12154	329	3	xã	Đào Dương
12157	329	3	xã	Quang Vinh
12160	329	3	xã	Vân Du
12166	329	3	xã	Xuân Trúc
12169	329	3	xã	Hoàng Hoa Thám
12172	329	3	xã	Quảng Lãng
12175	329	3	xã	Đa Lộc
12178	329	3	xã	Đặng Lễ
12181	329	3	xã	Cẩm Ninh
12184	329	3	xã	Nguyễn Trãi
12190	329	3	xã	Hồ Tùng Mậu
12193	329	3	xã	Tiền Phong
12196	329	3	xã	Hồng Quang
12202	329	3	xã	Hạ Lễ
330	33	2	huyện	Khoái Châu
12205	330	3	thị trấn	Khoái Châu
12208	330	3	xã	Đông Tảo
12211	330	3	xã	Bình Minh
12214	330	3	xã	Phạm Hồng Thái
12220	330	3	xã	Ông Đình
12223	330	3	xã	Tân Dân
12226	330	3	xã	Tứ Dân
12229	330	3	xã	An Vĩ
12232	330	3	xã	Đông Kết
12238	330	3	xã	Dân Tiến
12244	330	3	xã	Đồng Tiến
12247	330	3	xã	Tân Châu
12250	330	3	xã	Liên Khê
12253	330	3	xã	Phùng Hưng
12256	330	3	xã	Việt Hòa
12259	330	3	xã	Đông Ninh
12262	330	3	xã	Đại Tập
12265	330	3	xã	Chí Minh
12271	330	3	xã	Thuần Hưng
12274	330	3	xã	Nguyễn Huệ
331	33	2	huyện	Kim Động
12280	331	3	thị trấn	Lương Bằng
12283	331	3	xã	Nghĩa Dân
12286	331	3	xã	Toàn Thắng
12289	331	3	xã	Vĩnh Xá
12292	331	3	xã	Phạm Ngũ Lão
12295	331	3	xã	Phú Thọ
12298	331	3	xã	Đồng Thanh
12301	331	3	xã	Song Mai
12304	331	3	xã	Chính Nghĩa
12313	331	3	xã	Mai Động
12316	331	3	xã	Đức Hợp
12319	331	3	xã	Hùng An
12322	331	3	xã	Ngọc Thanh
12325	331	3	xã	Diên Hồng
12328	331	3	xã	Hiệp Cường
332	33	2	huyện	Tiên Lữ
12337	332	3	thị trấn	Vương
12340	332	3	xã	Hưng Đạo
12346	332	3	xã	Nhật Tân
12352	332	3	xã	Lệ Xá
12355	332	3	xã	An Viên
12361	332	3	xã	Trung Dũng
12364	332	3	xã	Hải Thắng
12367	332	3	xã	Thủ Sỹ
12370	332	3	xã	Thiện Phiến
12373	332	3	xã	Thụy Lôi
12376	332	3	xã	Cương Chính
333	33	2	huyện	Phù Cừ
12391	333	3	thị trấn	Trần Cao
12394	333	3	xã	Minh Tân
12397	333	3	xã	Phan Sào Nam
12400	333	3	xã	Quang Hưng
12403	333	3	xã	Minh Hoàng
12406	333	3	xã	Đoàn Đào
12409	333	3	xã	Tống Phan
12412	333	3	xã	Đình Cao
12415	333	3	xã	Nhật Quang
12421	333	3	xã	Tam Đa
12424	333	3	xã	Tiên Tiến
12427	333	3	xã	Nguyên Hòa
12430	333	3	xã	Tống Trân
34		1	tỉnh	Thái Bình
336	34	2	thành phố	Thái Bình
12433	336	3	phường	Lê Hồng Phong
12436	336	3	phường	Bồ Xuyên
12439	336	3	phường	Đề Thám
12442	336	3	phường	Kỳ Bá
12445	336	3	phường	Quang Trung
12448	336	3	phường	Phú Khánh
12451	336	3	phường	Tiền Phong
12452	336	3	phường	Trần Hưng Đạo
12454	336	3	phường	Trần Lãm
12457	336	3	xã	Đông Hòa
12460	336	3	phường	Hoàng Diệu
12463	336	3	xã	Phú Xuân
12466	336	3	xã	Vũ Phúc
12469	336	3	xã	Vũ Chính
12817	336	3	xã	Đông Mỹ
12820	336	3	xã	Đông Thọ
13084	336	3	xã	Vũ Đông
13108	336	3	xã	Vũ Lạc
13225	336	3	xã	Tân Bình
338	34	2	huyện	Quỳnh Phụ
12472	338	3	thị trấn	Quỳnh Côi
12475	338	3	xã	An Khê
12478	338	3	xã	An Đồng
12481	338	3	xã	Quỳnh Hoa
12484	338	3	xã	Quỳnh Lâm
12487	338	3	xã	Quỳnh Thọ
12490	338	3	xã	An Hiệp
12493	338	3	xã	Quỳnh Hoàng
12496	338	3	xã	Quỳnh Giao
12499	338	3	xã	An Thái
12502	338	3	xã	An Cầu
12505	338	3	xã	Quỳnh Hồng
12508	338	3	xã	Quỳnh Khê
12511	338	3	xã	Quỳnh Minh
12514	338	3	xã	An Ninh
12517	338	3	xã	Quỳnh Ngọc
12520	338	3	xã	Quỳnh Hải
12523	338	3	thị trấn	An Bài
12526	338	3	xã	An Ấp
12529	338	3	xã	Quỳnh Hội
12532	338	3	xã	Châu Sơn
12535	338	3	xã	Quỳnh Mỹ
12538	338	3	xã	An Quí
12541	338	3	xã	An Thanh
12547	338	3	xã	An Vũ
12550	338	3	xã	An Lễ
12553	338	3	xã	Quỳnh Hưng
12559	338	3	xã	An Mỹ
12562	338	3	xã	Quỳnh Nguyên
12565	338	3	xã	An Vinh
12571	338	3	xã	An Dục
12574	338	3	xã	Đông Hải
12577	338	3	xã	Trang Bảo Xá
12580	338	3	xã	An Tràng
12583	338	3	xã	Đồng Tiến
339	34	2	huyện	Hưng Hà
12586	339	3	thị trấn	Hưng Hà
12589	339	3	xã	Quang Trung
12592	339	3	xã	Tân Lễ
12595	339	3	xã	Cộng Hòa
12601	339	3	xã	Canh Tân
12604	339	3	xã	Hòa Tiến
12610	339	3	xã	Tân Tiến
12613	339	3	thị trấn	Hưng Nhân
12616	339	3	xã	Đoan Hùng
12619	339	3	xã	Duyên Hải
12622	339	3	xã	Tân Hòa
12625	339	3	xã	Văn Cẩm
12628	339	3	xã	Bắc Sơn
12631	339	3	xã	Đông Đô
12634	339	3	xã	Phúc Khánh
12637	339	3	xã	Liên Hiệp
12640	339	3	xã	Tây Đô
12643	339	3	xã	Thống Nhất
12646	339	3	xã	Tiến Đức
12649	339	3	xã	Thái Hưng
12652	339	3	xã	Thái Phương
12655	339	3	xã	Hòa Bình
12656	339	3	xã	Chi Lăng
12658	339	3	xã	Minh Khai
12661	339	3	xã	Hồng An
12664	339	3	xã	Kim Chung
12667	339	3	xã	Hồng Lĩnh
12670	339	3	xã	Minh Tân
12673	339	3	xã	Văn Lang
12676	339	3	xã	Độc Lập
12679	339	3	xã	Chí Hòa
12682	339	3	xã	Minh Hòa
12685	339	3	xã	Hồng Minh
340	34	2	huyện	Đông Hưng
12688	340	3	thị trấn	Đông Hưng
12694	340	3	xã	Đông Phương
12700	340	3	xã	Liên An Đô
12703	340	3	xã	Đông Sơn
12706	340	3	xã	Đông Cường
12709	340	3	xã	Phú Lương
12712	340	3	xã	Mê Linh
12715	340	3	xã	Lô Giang
12718	340	3	xã	Đông La
12721	340	3	xã	Minh Tân
12724	340	3	xã	Đông Xá
12730	340	3	xã	Nguyên Xá
12736	340	3	xã	Phong Dương Tiến
12739	340	3	xã	Hồng Việt
12745	340	3	xã	Hà Giang
12748	340	3	xã	Đông Kinh
12751	340	3	xã	Đông Hợp
12754	340	3	xã	Thăng Long
12757	340	3	xã	Đông Các
12760	340	3	xã	Phú Châu
12763	340	3	xã	Liên Hoa
12769	340	3	xã	Đông Tân
12772	340	3	xã	Đông Vinh
12775	340	3	xã	Xuân Quang Động
12778	340	3	xã	Hồng Bạch
12784	340	3	xã	Trọng Quan
12790	340	3	xã	Hồng Giang
12793	340	3	xã	Đông Quan
12802	340	3	xã	Đông Á
12808	340	3	xã	Đông Hoàng
12811	340	3	xã	Đông Dương
12823	340	3	xã	Minh Phú
341	34	2	huyện	Thái Thụy
12826	341	3	thị trấn	Diêm Điền
12832	341	3	xã	Thụy Trường
12841	341	3	xã	Hồng Dũng
12844	341	3	xã	Thụy Quỳnh
12847	341	3	xã	An Tân
12850	341	3	xã	Thụy Ninh
12853	341	3	xã	Thụy Hưng
12856	341	3	xã	Thụy Việt
12859	341	3	xã	Thụy Văn
12862	341	3	xã	Thụy Xuân
12865	341	3	xã	Dương Phúc
12868	341	3	xã	Thụy Trình
12871	341	3	xã	Thụy Bình
12874	341	3	xã	Thụy Chính
12877	341	3	xã	Thụy Dân
12880	341	3	xã	Thụy Hải
12889	341	3	xã	Thụy Liên
12892	341	3	xã	Thụy Duyên
12898	341	3	xã	Thụy Thanh
12901	341	3	xã	Thụy Sơn
12904	341	3	xã	Thụy Phong
12907	341	3	xã	Thái Thượng
12910	341	3	xã	Thái Nguyên
12916	341	3	xã	Dương Hồng  Thủy
12919	341	3	xã	Thái Giang
12922	341	3	xã	Hòa An
12925	341	3	xã	Sơn Hà
12934	341	3	xã	Thái Phúc
12937	341	3	xã	Thái Hưng
12940	341	3	xã	Thái Đô
12943	341	3	xã	Thái Xuyên
12949	341	3	xã	 Mỹ Lộc
12958	341	3	xã	Tân Học
12961	341	3	xã	Thái Thịnh
12964	341	3	xã	Thuần Thành
12967	341	3	xã	Thái Thọ
342	34	2	huyện	Tiền Hải
12970	342	3	thị trấn	Tiền Hải
12976	342	3	xã	Đông Trà
12979	342	3	xã	Đông Long
12985	342	3	xã	Vũ Lăng
12988	342	3	xã	Đông Xuyên
12991	342	3	xã	Tây Lương
12994	342	3	xã	Tây Ninh
12997	342	3	xã	Đông Quang
13000	342	3	xã	Đông Hoàng
13003	342	3	xã	Đông Minh
13012	342	3	xã	An Ninh
13018	342	3	xã	Đông Cơ
13021	342	3	xã	Tây Giang
13024	342	3	xã	Đông Lâm
13027	342	3	xã	Phương Công
13030	342	3	xã	Ái Quốc
13036	342	3	xã	Nam Cường
13039	342	3	xã	Vân Trường
13045	342	3	xã	Nam Chính
13048	342	3	xã	Bắc Hải
13051	342	3	xã	Nam Thịnh
13054	342	3	xã	Nam Hà
13057	342	3	xã	Nam Tiến
13060	342	3	xã	Nam Trung
13063	342	3	xã	Nam Hồng
13066	342	3	xã	Nam Hưng
13069	342	3	xã	Nam Hải
13072	342	3	xã	Nam Phú
343	34	2	huyện	Kiến Xương
13075	343	3	thị trấn	Kiến Xương
13078	343	3	xã	Trà Giang
13081	343	3	xã	Quốc Tuấn
13087	343	3	xã	An Bình
13090	343	3	xã	Tây Sơn
13093	343	3	xã	Hồng Thái
13096	343	3	xã	Bình Nguyên
13102	343	3	xã	Lê Lợi
13111	343	3	xã	Vũ Lễ
13114	343	3	xã	Thanh Tân
13120	343	3	xã	Thống Nhất
13126	343	3	xã	Vũ Ninh
13129	343	3	xã	Vũ An
13132	343	3	xã	Quang Lịch
13135	343	3	xã	Hòa Bình
13138	343	3	xã	Bình Minh
13141	343	3	xã	Vũ Quí
13144	343	3	xã	Quang Bình
13150	343	3	xã	Vũ Trung
13156	343	3	xã	Vũ Công
13159	343	3	xã	Hồng Vũ
13162	343	3	xã	Quang Minh
13165	343	3	xã	Quang Trung
13171	343	3	xã	Minh Quang
13177	343	3	xã	Minh Tân
13180	343	3	xã	Nam Bình
13183	343	3	xã	Bình Thanh
13186	343	3	xã	Bình Định
13189	343	3	xã	Hồng Tiến
344	34	2	huyện	Vũ Thư
13192	344	3	thị trấn	Vũ Thư
13195	344	3	xã	Hồng Lý
13198	344	3	xã	Đồng Thanh
13201	344	3	xã	Xuân Hòa
13204	344	3	xã	Hiệp Hòa
13207	344	3	xã	Phúc Thành
13210	344	3	xã	Tân Phong
13213	344	3	xã	Song Lãng
13216	344	3	xã	Tân Hòa
13219	344	3	xã	Việt Hùng
13222	344	3	xã	Minh Lãng
13228	344	3	xã	Minh Khai
13231	344	3	xã	Dũng Nghĩa
13234	344	3	xã	Minh Quang
13237	344	3	xã	Tam Quang
13240	344	3	xã	Tân Lập
13243	344	3	xã	Bách Thuận
13246	344	3	xã	Tự Tân
13249	344	3	xã	Song An
13252	344	3	xã	Trung An
13255	344	3	xã	Vũ Hội
13258	344	3	xã	Hòa Bình
13261	344	3	xã	Nguyên Xá
13264	344	3	xã	Việt Thuận
13267	344	3	xã	Vũ Vinh
13270	344	3	xã	Vũ Đoài
13273	344	3	xã	Vũ Tiến
13276	344	3	xã	Vũ Vân
13279	344	3	xã	Duy Nhất
13282	344	3	xã	Hồng Phong
35		1	tỉnh	Hà Nam
347	35	2	thành phố	Phủ Lý
13285	347	3	phường	Quang Trung
13291	347	3	phường	Lê Hồng Phong
13294	347	3	phường	Châu Cầu
13303	347	3	phường	Lam Hạ
13306	347	3	xã	Phù Vân
13309	347	3	phường	Liêm Chính
13315	347	3	phường	Thanh Châu
13318	347	3	phường	Châu Sơn
13366	347	3	phường	Tân Hiệp
13426	347	3	xã	Kim Bình
13444	347	3	phường	Tân Liêm
13459	347	3	phường	Thanh Tuyền
13507	347	3	xã	Đinh Xá
13513	347	3	xã	Trịnh Xá
349	35	2	thị xã	Duy Tiên
13321	349	3	phường	Đồng Văn
13324	349	3	phường	Hòa Mạc
13327	349	3	xã	Mộc Hoàn
13330	349	3	phường	Châu Giang
13333	349	3	phường	Bạch Thượng
13336	349	3	phường	Duy Minh
13342	349	3	phường	Duy Hải
13345	349	3	xã	Chuyên Ngoại
13348	349	3	phường	Yên Bắc
13351	349	3	xã	Trác Văn
13354	349	3	phường	Tiên Nội
13357	349	3	phường	Hoàng Đông
13360	349	3	xã	Yên Nam
13363	349	3	xã	Tiên Ngoại
13369	349	3	xã	Tiên Sơn
350	35	2	thị xã	Kim Bảng
13384	350	3	phường	Quế
13387	350	3	xã	Nguyễn Úy
13390	350	3	phường	Đại Cương
13393	350	3	phường	Lê Hồ
13396	350	3	phường	Tượng Lĩnh
13402	350	3	phường	Tân Tựu
13405	350	3	phường	Đồng Hóa
13408	350	3	xã	Hoàng Tây
13411	350	3	phường	Tân Sơn
13414	350	3	xã	Thụy Lôi
13417	350	3	xã	Văn Xá
13420	350	3	xã	Khả Phong
13423	350	3	phường	Ngọc Sơn
13429	350	3	phường	Ba Sao
13432	350	3	xã	Liên Sơn
13435	350	3	phường	Thi Sơn
13438	350	3	xã	Thanh Sơn
351	35	2	huyện	Thanh Liêm
13441	351	3	thị trấn	Kiện Khê
13450	351	3	xã	Liêm Phong
13453	351	3	xã	Thanh Hà
13456	351	3	xã	Liêm Cần
13465	351	3	xã	Liêm Thuận
13468	351	3	xã	Thanh Thủy
13471	351	3	xã	Thanh Phong
13474	351	3	thị trấn	Tân Thanh
13477	351	3	xã	Thanh Tân
13480	351	3	xã	Liêm Túc
13483	351	3	xã	Liêm Sơn
13486	351	3	xã	Thanh Hương
13489	351	3	xã	Thanh Nghị
13492	351	3	xã	Thanh Tâm
13495	351	3	xã	Thanh Nguyên
13498	351	3	xã	Thanh Hải
352	35	2	huyện	Bình Lục
13501	352	3	thị trấn	Bình Mỹ
13504	352	3	xã	Bình Nghĩa
13510	352	3	xã	Tràng An
13516	352	3	xã	Đồng Du
13519	352	3	xã	Ngọc Lũ
13525	352	3	xã	Đồn Xá
13528	352	3	xã	An Ninh
13531	352	3	xã	Bồ Đề
13540	352	3	xã	Bình An
13543	352	3	xã	Vũ Bản
13546	352	3	xã	Trung Lương
13552	352	3	xã	An Đổ
13555	352	3	xã	La Sơn
13558	352	3	xã	Tiêu Động
13561	352	3	xã	An Lão
353	35	2	huyện	Lý Nhân
13567	353	3	xã	Hợp Lý
13570	353	3	xã	Nguyên Lý
13573	353	3	xã	Chính Lý
13576	353	3	xã	Chân Lý
13579	353	3	xã	Đạo Lý
13582	353	3	xã	Công Lý
13585	353	3	xã	Văn Lý
13588	353	3	xã	Bắc Lý
13591	353	3	xã	Đức Lý
13594	353	3	xã	Trần Hưng Đạo
13597	353	3	thị trấn	Vĩnh Trụ
13600	353	3	xã	Nhân Thịnh
13606	353	3	xã	Nhân Khang
13609	353	3	xã	Nhân Mỹ
13612	353	3	xã	Nhân Nghĩa
13615	353	3	xã	Nhân Chính
13618	353	3	xã	Nhân Bình
13621	353	3	xã	Phú Phúc
13624	353	3	xã	Xuân Khê
13627	353	3	xã	Tiến Thắng
13630	353	3	xã	Hòa Hậu
36		1	tỉnh	Nam Định
356	36	2	thành phố	Nam Định
13636	356	3	phường	Vị Xuyên
13657	356	3	phường	Trường Thi
13666	356	3	phường	Trần Hưng Đạo
13669	356	3	phường	Cửa Bắc
13678	356	3	phường	Năng Tĩnh
13681	356	3	phường	Quang Trung
13684	356	3	phường	Lộc Hạ
13687	356	3	phường	Lộc Vượng
13690	356	3	phường	Cửa Nam
13693	356	3	phường	Lộc Hòa
13696	356	3	phường	Nam Phong
13699	356	3	phường	Mỹ Xá
13705	356	3	phường	Nam Vân
13708	356	3	phường	Hưng Lộc
13711	356	3	xã	Mỹ Hà
13717	356	3	xã	Mỹ Thắng
13720	356	3	xã	Mỹ Trung
13723	356	3	xã	Mỹ Tân
13726	356	3	xã	Mỹ Phúc
13732	356	3	xã	Mỹ Thuận
13735	356	3	xã	Mỹ Lộc
359	36	2	huyện	Vụ Bản
13741	359	3	thị trấn	Gôi
13747	359	3	xã	Hiển Khánh
13750	359	3	xã	Minh Tân
13753	359	3	xã	Hợp Hưng
13756	359	3	xã	Đại An
13762	359	3	xã	Cộng Hòa
13765	359	3	xã	Trung Thành
13768	359	3	xã	Quang Trung
13777	359	3	xã	Thành Lợi
13780	359	3	xã	Kim Thái
13783	359	3	xã	Liên Minh
13786	359	3	xã	Đại Thắng
13789	359	3	xã	Tam Thanh
13792	359	3	xã	Vĩnh Hào
360	36	2	huyện	Ý Yên
13795	360	3	thị trấn	Lâm
13801	360	3	xã	Trung Nghĩa
13807	360	3	xã	Tân Minh
13810	360	3	xã	Yên Thọ
13819	360	3	xã	Phú Hưng
13822	360	3	xã	Yên Chính
13825	360	3	xã	Yên Bình
13831	360	3	xã	Yên Mỹ
13834	360	3	xã	Yên Dương
13843	360	3	xã	Yên Khánh
13846	360	3	xã	Yên Phong
13849	360	3	xã	Yên Ninh
13852	360	3	xã	Yên Lương
13861	360	3	xã	Yên Tiến
13864	360	3	xã	Yên Thắng
13867	360	3	xã	Yên Phúc
13870	360	3	xã	Yên Cường
13873	360	3	xã	Yên Lộc
13876	360	3	xã	Hồng Quang
13879	360	3	xã	Yên Đồng
13882	360	3	xã	Yên Khang
13885	360	3	xã	Yên Nhân
13888	360	3	xã	Yên Trị
361	36	2	huyện	Nghĩa Hưng
13891	361	3	thị trấn	Liễu Đề
13894	361	3	thị trấn	Rạng Đông
13900	361	3	xã	Đồng Thịnh
13906	361	3	xã	Nghĩa Thái
13909	361	3	xã	Hoàng Nam
13912	361	3	xã	Nghĩa Châu
13915	361	3	xã	Nghĩa Trung
13918	361	3	xã	Nghĩa Sơn
13921	361	3	xã	Nghĩa Lạc
13924	361	3	xã	Nghĩa Hồng
13927	361	3	xã	Nghĩa Phong
13930	361	3	xã	Nghĩa Phú
13939	361	3	thị trấn	Quỹ Nhất
13942	361	3	xã	Nghĩa Hùng
13945	361	3	xã	Nghĩa Lâm
13948	361	3	xã	Nghĩa Thành
13951	361	3	xã	Phúc Thắng
13954	361	3	xã	Nghĩa Lợi
13957	361	3	xã	Nghĩa Hải
13963	361	3	xã	Nam Điền
362	36	2	huyện	Nam Trực
13966	362	3	thị trấn	Nam Giang
13972	362	3	xã	Nam Điền
13975	362	3	xã	Nghĩa An
13978	362	3	xã	Nam Thắng
13984	362	3	xã	Hồng Quang
13987	362	3	xã	Tân Thịnh
13990	362	3	xã	Nam Cường
13993	362	3	xã	Nam Hồng
13996	362	3	xã	Nam Hùng
13999	362	3	xã	Nam Hoa
14002	362	3	xã	Nam Dương
14005	362	3	xã	Nam Thanh
14008	362	3	xã	Nam Lợi
14011	362	3	xã	Bình Minh
14014	362	3	xã	Đồng Sơn
14017	362	3	xã	Nam Tiến
14020	362	3	xã	Nam Hải
14023	362	3	xã	Nam Thái
363	36	2	huyện	Trực Ninh
14026	363	3	thị trấn	Cổ Lễ
14029	363	3	xã	Phương Định
14032	363	3	xã	Trực Chính
14035	363	3	xã	Trung Đông
14038	363	3	xã	Liêm Hải
14041	363	3	xã	Trực Tuấn
14044	363	3	xã	Việt Hùng
14047	363	3	xã	Trực Đạo
14050	363	3	xã	Trực Hưng
14053	363	3	xã	Trực Nội
14056	363	3	thị trấn	Cát Thành
14059	363	3	xã	Trực Thanh
14062	363	3	xã	Trực Khang
14065	363	3	xã	Trực Thuận
14068	363	3	xã	Trực Mỹ
14071	363	3	xã	Trực Đại
14074	363	3	xã	Trực Cường
14077	363	3	thị trấn	Ninh Cường
14080	363	3	xã	Trực Thái
14083	363	3	xã	Trực Hùng
14086	363	3	xã	Trực Thắng
364	36	2	huyện	Xuân Trường
14089	364	3	thị trấn	Xuân Trường
14092	364	3	xã	Xuân Châu
14095	364	3	xã	Xuân Hồng
14098	364	3	xã	Xuân Thành
14101	364	3	xã	Xuân Thượng
14104	364	3	xã	Xuân Giang
14110	364	3	xã	Xuân Tân
14116	364	3	xã	Xuân Ngọc
14122	364	3	xã	Trà Lũ
14125	364	3	xã	Thọ Nghiệp
14128	364	3	xã	Xuân Phú
14134	364	3	xã	Xuân Vinh
14143	364	3	xã	Xuân Ninh
14146	364	3	xã	Xuân Phúc
365	36	2	huyện	Giao Thủy
14152	365	3	thị trấn	Quất Lâm
14155	365	3	xã	Giao Hương
14158	365	3	xã	Hồng Thuận
14161	365	3	xã	Giao Thiện
14164	365	3	xã	Giao Thanh
14167	365	3	thị trấn	Giao Thủy
14170	365	3	xã	Bình Hòa
14176	365	3	xã	Giao Hà
14179	365	3	xã	Giao Nhân
14182	365	3	xã	Giao An
14185	365	3	xã	Giao Lạc
14188	365	3	xã	Giao Châu
14191	365	3	xã	Giao Tân
14194	365	3	xã	Giao Yến
14197	365	3	xã	Giao Xuân
14200	365	3	xã	Giao Thịnh
14203	365	3	xã	Giao Hải
14206	365	3	xã	Bạch Long
14209	365	3	xã	Giao Long
14212	365	3	xã	Giao Phong
366	36	2	huyện	Hải Hậu
14215	366	3	thị trấn	Yên Định
14218	366	3	thị trấn	Cồn
14221	366	3	thị trấn	Thịnh Long
14224	366	3	xã	Hải Nam
14227	366	3	xã	Hải Trung
14233	366	3	xã	Hải Minh
14236	366	3	xã	Hải Anh
14248	366	3	xã	Hải Hưng
14254	366	3	xã	Hải Long
14260	366	3	xã	Hải Đường
14263	366	3	xã	Hải Lộc
14266	366	3	xã	Hải Quang
14269	366	3	xã	Hải Đông
14272	366	3	xã	Hải Sơn
14275	366	3	xã	Hải Tân
14281	366	3	xã	Hải Phong
14284	366	3	xã	Hải An
14287	366	3	xã	Hải Tây
14293	366	3	xã	Hải Phú
14296	366	3	xã	Hải Giang
14302	366	3	xã	Hải Ninh
14308	366	3	xã	Hải Xuân
14311	366	3	xã	Hải Châu
14317	366	3	xã	Hải Hòa
37		1	tỉnh	Ninh Bình
370	37	2	thành phố	Tam Điệp
14362	370	3	phường	Bắc Sơn
14365	370	3	phường	Trung Sơn
14368	370	3	phường	Nam Sơn
14369	370	3	phường	Tây Sơn
14371	370	3	xã	Yên Sơn
14374	370	3	phường	Yên Bình
14375	370	3	phường	Tân Bình
14377	370	3	xã	Quang Sơn
14380	370	3	xã	Đông Sơn
372	37	2	huyện	Nho Quan
14386	372	3	xã	Xích Thổ
14389	372	3	xã	Gia Lâm
14392	372	3	xã	Gia Sơn
14395	372	3	xã	Thạch Bình
14398	372	3	xã	Gia Thủy
14401	372	3	xã	Gia Tường
14404	372	3	xã	Cúc Phương
14407	372	3	xã	Phú Sơn
14410	372	3	xã	Đức Long
14413	372	3	xã	Lạc Vân
14416	372	3	xã	Đồng Phong
14419	372	3	xã	Yên Quang
14425	372	3	xã	Thượng Hòa
14428	372	3	thị trấn	Nho Quan
14431	372	3	xã	Văn Phương
14434	372	3	xã	Thanh Sơn
14437	372	3	xã	Phúc Sơn
14443	372	3	xã	Văn Phú
14446	372	3	xã	Phú Lộc
14449	372	3	xã	Kỳ Phú
14452	372	3	xã	Quỳnh Lưu
14458	372	3	xã	Phú Long
14461	372	3	xã	Quảng Lạc
373	37	2	huyện	Gia Viễn
14464	373	3	thị trấn	Thịnh Vượng
14467	373	3	xã	Gia Hòa
14470	373	3	xã	Gia Hưng
14473	373	3	xã	Liên Sơn
14476	373	3	xã	Gia Thanh
14479	373	3	xã	Gia Vân
14482	373	3	xã	Gia Phú
14485	373	3	xã	Gia Xuân
14488	373	3	xã	Gia Lập
14494	373	3	xã	Gia Trấn
14500	373	3	xã	Gia Phương
14503	373	3	xã	Gia Tân
14506	373	3	xã	Tiến Thắng
14509	373	3	xã	Gia Trung
14512	373	3	xã	Gia Minh
14515	373	3	xã	Gia Lạc
14521	373	3	xã	Gia Sinh
14524	373	3	xã	Gia Phong
374	37	2	thành phố	Hoa Lư
14320	374	3	phường	Đông Thành
14323	374	3	phường	Tân Thành
14329	374	3	phường	Vân Giang
14332	374	3	phường	Bích Đào
14338	374	3	phường	Nam Bình
14341	374	3	phường	Nam Thành
14344	374	3	phường	Ninh Khánh
14347	374	3	xã	Ninh Nhất
14350	374	3	xã	Ninh Tiến
14353	374	3	phường	Ninh Phúc
14356	374	3	phường	Ninh Sơn
14359	374	3	phường	Ninh Phong
14527	374	3	phường	Ninh Mỹ
14530	374	3	phường	Ninh Giang
14533	374	3	xã	Trường Yên
14536	374	3	xã	Ninh Khang
14542	374	3	xã	Ninh Hòa
14551	374	3	xã	Ninh Hải
14554	374	3	xã	Ninh Vân
14557	374	3	xã	Ninh An
375	37	2	huyện	Yên Khánh
14560	375	3	thị trấn	Yên Ninh
14563	375	3	xã	Khánh Thiện
14566	375	3	xã	Khánh Phú
14569	375	3	xã	Khánh Hòa
14572	375	3	xã	Khánh Lợi
14575	375	3	xã	Khánh An
14578	375	3	xã	Khánh Cường
14581	375	3	xã	Khánh Cư
14587	375	3	xã	Khánh Hải
14590	375	3	xã	Khánh Trung
14593	375	3	xã	Khánh Mậu
14596	375	3	xã	Khánh Vân
14599	375	3	xã	Khánh Hội
14602	375	3	xã	Khánh Công
14608	375	3	xã	Khánh Thành
14611	375	3	xã	Khánh Nhạc
14614	375	3	xã	Khánh Thủy
14617	375	3	xã	Khánh Hồng
376	37	2	huyện	Kim Sơn
14620	376	3	thị trấn	Phát Diệm
14623	376	3	thị trấn	Bình Minh
14629	376	3	xã	Hồi Ninh
14632	376	3	xã	Xuân Chính
14635	376	3	xã	Kim Định
14638	376	3	xã	Ân Hòa
14641	376	3	xã	Hùng Tiến
14647	376	3	xã	Quang Thiện
14650	376	3	xã	Như Hòa
14653	376	3	xã	Chất Bình
14656	376	3	xã	Đồng Hướng
14659	376	3	xã	Kim Chính
14662	376	3	xã	Thượng Kiệm
14668	376	3	xã	Tân Thành
14671	376	3	xã	Yên Lộc
14674	376	3	xã	Lai Thành
14677	376	3	xã	Định Hóa
14680	376	3	xã	Văn Hải
14683	376	3	xã	Kim Tân
14686	376	3	xã	Kim Mỹ
14689	376	3	xã	Cồn Thoi
14695	376	3	xã	Kim Trung
14698	376	3	xã	Kim Đông
377	37	2	huyện	Yên Mô
14701	377	3	thị trấn	Yên Thịnh
14704	377	3	xã	Khánh Thượng
14707	377	3	xã	Khánh Dương
14719	377	3	xã	Yên Phong
14722	377	3	xã	Yên Hòa
14725	377	3	xã	Yên Thắng
14728	377	3	xã	Yên Từ
14734	377	3	xã	Yên Thành
14737	377	3	xã	Yên Nhân
14740	377	3	xã	Yên Mỹ
14743	377	3	xã	Yên Mạc
14746	377	3	xã	Yên Đồng
14749	377	3	xã	Yên Thái
14752	377	3	xã	Yên Lâm
38		1	tỉnh	Thanh Hóa
380	38	2	thành phố	Thanh Hóa
14755	380	3	phường	Hàm Rồng
14758	380	3	phường	Đông Thọ
14761	380	3	phường	Nam Ngạn
14764	380	3	phường	Trường Thi
14767	380	3	phường	Điện Biên
14770	380	3	phường	Phú Sơn
14773	380	3	phường	Lam Sơn
14776	380	3	phường	Ba Đình
14779	380	3	phường	Ngọc Trạo
14782	380	3	phường	Đông Vệ
14785	380	3	phường	Đông Sơn
14791	380	3	phường	Đông Cương
14794	380	3	phường	Đông Hương
14797	380	3	phường	Đông Hải
14800	380	3	phường	Quảng Hưng
14803	380	3	phường	Quảng Thắng
14806	380	3	phường	Quảng Thành
15850	380	3	xã	Thiệu Vân
15856	380	3	phường	Thiệu Khánh
15859	380	3	phường	Thiệu Dương
15913	380	3	phường	Tào Xuyên
15922	380	3	phường	Long Anh
15925	380	3	phường	Hoằng Quang
15970	380	3	phường	Hoằng Đại
16378	380	3	phường	Rừng Thông
16381	380	3	xã	Đông Hoàng
16384	380	3	xã	Đông Ninh
16387	380	3	xã	Đông Khê
16390	380	3	xã	Đông Hòa
16393	380	3	xã	Đông Yên
16396	380	3	phường	Đông Lĩnh
16399	380	3	xã	Đông Minh
16402	380	3	xã	Đông Thanh
16405	380	3	xã	Đông Tiến
16408	380	3	xã	Đông Khê
16411	380	3	xã	Đông Xuân
16414	380	3	phường	Đông Thịnh
16417	380	3	xã	Đông Văn
16420	380	3	xã	Đông Phú
16423	380	3	xã	Đông Nam
16426	380	3	xã	Đông Quang
16429	380	3	xã	Đông Vinh
16432	380	3	phường	Đông Tân
16435	380	3	phường	An Hưng
16441	380	3	phường	Quảng Thịnh
16459	380	3	phường	Quảng Đông
16507	380	3	phường	Quảng Cát
16522	380	3	phường	Quảng Phú
16525	380	3	phường	Quảng Tâm
381	38	2	thị xã	Bỉm Sơn
14809	381	3	phường	Bắc Sơn
14812	381	3	phường	Ba Đình
14815	381	3	phường	Lam Sơn
14818	381	3	phường	Ngọc Trạo
14821	381	3	phường	Đông Sơn
14823	381	3	phường	Phú Sơn
14824	381	3	xã	Quang Trung
382	38	2	thành phố	Sầm Sơn
14830	382	3	phường	Trung Sơn
14833	382	3	phường	Bắc Sơn
14836	382	3	phường	Trường Sơn
14839	382	3	phường	Quảng Cư
14842	382	3	phường	Quảng Tiến
16513	382	3	xã	Quảng Minh
16516	382	3	xã	Đại Hùng
16528	382	3	phường	Quảng Thọ
16531	382	3	phường	Quảng Châu
16534	382	3	phường	Quảng Vinh
384	38	2	huyện	Mường Lát
14845	384	3	thị trấn	Mường Lát
14848	384	3	xã	Tam Chung
14854	384	3	xã	Mường Lý
14857	384	3	xã	Trung Lý
14860	384	3	xã	Quang Chiểu
14863	384	3	xã	Pù Nhi
14864	384	3	xã	Nhi Sơn
14866	384	3	xã	Mường Chanh
385	38	2	huyện	Quan Hóa
14869	385	3	thị trấn	Hồi Xuân
14872	385	3	xã	Thành Sơn
14875	385	3	xã	Trung Sơn
14878	385	3	xã	Phú Thanh
14881	385	3	xã	Trung Thành
14884	385	3	xã	Phú Lệ
14887	385	3	xã	Phú Sơn
14890	385	3	xã	Phú Xuân
14896	385	3	xã	Hiền Chung
14899	385	3	xã	Hiền Kiệt
14902	385	3	xã	Nam Tiến
14908	385	3	xã	Thiên Phủ
14911	385	3	xã	Phú Nghiêm
14914	385	3	xã	Nam Xuân
14917	385	3	xã	Nam Động
386	38	2	huyện	Bá Thước
14923	386	3	thị trấn	Cành Nàng
14926	386	3	xã	Điền Thượng
14929	386	3	xã	Điền Hạ
14932	386	3	xã	Điền Quang
14935	386	3	xã	Điền Trung
14938	386	3	xã	Thành Sơn
14941	386	3	xã	Lương Ngoại
14944	386	3	xã	Ái Thượng
14947	386	3	xã	Lương Nội
14950	386	3	xã	Điền Lư
14953	386	3	xã	Lương Trung
14956	386	3	xã	Lũng Niêm
14959	386	3	xã	Lũng Cao
14962	386	3	xã	Hạ Trung
14965	386	3	xã	Cổ Lũng
14968	386	3	xã	Thành Lâm
14971	386	3	xã	Ban Công
14974	386	3	xã	Kỳ Tân
14977	386	3	xã	Văn Nho
14980	386	3	xã	Thiết Ống
14986	386	3	xã	Thiết Kế
387	38	2	huyện	Quan Sơn
14995	387	3	xã	Trung Xuân
14998	387	3	xã	Trung Thượng
14999	387	3	xã	Trung Tiến
15001	387	3	xã	Trung Hạ
15004	387	3	xã	Sơn Hà
15007	387	3	xã	Tam Thanh
15010	387	3	xã	Sơn Thủy
15013	387	3	xã	Na Mèo
15016	387	3	thị trấn	Sơn Lư
15019	387	3	xã	Tam Lư
15022	387	3	xã	Sơn Điện
15025	387	3	xã	Mường Mìn
388	38	2	huyện	Lang Chánh
15031	388	3	xã	Yên Khương
15034	388	3	xã	Yên Thắng
15037	388	3	xã	Trí Nang
15040	388	3	xã	Giao An
15043	388	3	xã	Giao Thiện
15046	388	3	xã	Tân Phúc
15049	388	3	xã	Tam Văn
15052	388	3	xã	Lâm Phú
15055	388	3	thị trấn	Lang Chánh
15058	388	3	xã	Đồng Lương
389	38	2	huyện	Ngọc Lặc
15061	389	3	thị trấn	Ngọc Lặc
15064	389	3	xã	Lam Sơn
15067	389	3	xã	Mỹ Tân
15070	389	3	xã	Thúy Sơn
15073	389	3	xã	Thạch Lập
15076	389	3	xã	Vân Âm
15079	389	3	xã	Cao Ngọc
15085	389	3	xã	Quang Trung
15088	389	3	xã	Đồng Thịnh
15091	389	3	xã	Ngọc Liên
15094	389	3	xã	Ngọc Sơn
15097	389	3	xã	Lộc Thịnh
15100	389	3	xã	Cao Thịnh
15103	389	3	xã	Ngọc Trung
15106	389	3	xã	Phùng Giáo
15109	389	3	xã	Phùng Minh
15112	389	3	xã	Phúc Thịnh
15115	389	3	xã	Nguyệt Ấn
15118	389	3	xã	Kiên Thọ
15121	389	3	xã	Minh Tiến
15124	389	3	xã	Minh Sơn
390	38	2	huyện	Cẩm Thủy
15127	390	3	thị trấn	Phong Sơn
15133	390	3	xã	Cẩm Thành
15136	390	3	xã	Cẩm Quý
15139	390	3	xã	Cẩm Lương
15142	390	3	xã	Cẩm Thạch
15145	390	3	xã	Cẩm Liên
15148	390	3	xã	Cẩm Giang
15151	390	3	xã	Cẩm Bình
15154	390	3	xã	Cẩm Tú
15160	390	3	xã	Cẩm Châu
15163	390	3	xã	Cẩm Tâm
15169	390	3	xã	Cẩm Ngọc
15172	390	3	xã	Cẩm Long
15175	390	3	xã	Cẩm Yên
15178	390	3	xã	Cẩm Tân
15181	390	3	xã	Cẩm Phú
15184	390	3	xã	Cẩm Vân
391	38	2	huyện	Thạch Thành
15187	391	3	thị trấn	Kim Tân
15190	391	3	thị trấn	Vân Du
15196	391	3	xã	Thạch Lâm
15199	391	3	xã	Thạch Quảng
15202	391	3	xã	Thạch Tượng
15205	391	3	xã	Thạch Cẩm
15208	391	3	xã	Thạch Sơn
15211	391	3	xã	Thạch Bình
15214	391	3	xã	Thạch Định
15220	391	3	xã	Thạch Long
15223	391	3	xã	Thành Mỹ
15226	391	3	xã	Thành Yên
15229	391	3	xã	Thành Vinh
15232	391	3	xã	Thành Minh
15235	391	3	xã	Thành Công
15238	391	3	xã	Thành Tân
15241	391	3	xã	Thành Trực
15247	391	3	xã	Thành Tâm
15250	391	3	xã	Thành An
15253	391	3	xã	Thành Thọ
15256	391	3	xã	Thành Tiến
15259	391	3	xã	Thành Long
15265	391	3	xã	Thành Hưng
15268	391	3	xã	Ngọc Trạo
392	38	2	huyện	Hà Trung
15271	392	3	thị trấn	Hà Trung
15274	392	3	thị trấn	Hà Long
15277	392	3	xã	Hà Vinh
15280	392	3	xã	Hà Bắc
15283	392	3	xã	Hoạt Giang
15286	392	3	xã	Yên Dương
15292	392	3	xã	Hà Giang
15298	392	3	xã	Lĩnh Toại
15304	392	3	xã	Hà Ngọc
15307	392	3	xã	Yến Sơn
15313	392	3	xã	Hà Sơn
15316	392	3	thị trấn	Hà Lĩnh
15319	392	3	xã	Hà Đông
15322	392	3	xã	Hà Tân
15325	392	3	xã	Hà Tiến
15328	392	3	xã	Hà Bình
15331	392	3	xã	Thái Lai
15334	392	3	xã	Hà Châu
15343	392	3	xã	Hà Hải
393	38	2	huyện	Vĩnh Lộc
15349	393	3	thị trấn	Vĩnh Lộc
15352	393	3	xã	Vĩnh Quang
15355	393	3	xã	Vĩnh Yên
15358	393	3	xã	Vĩnh Tiến
15361	393	3	xã	Vĩnh Long
15364	393	3	xã	Vĩnh Phúc
15367	393	3	xã	Vĩnh Hưng
15376	393	3	xã	Vĩnh Hòa
15379	393	3	xã	Vĩnh Hùng
15382	393	3	xã	Minh Tân
15385	393	3	xã	Ninh Khang
15388	393	3	xã	Vĩnh Thịnh
15391	393	3	xã	Vĩnh An
394	38	2	huyện	Yên Định
15397	394	3	thị trấn	Thống Nhất
15403	394	3	thị trấn	Yên Lâm
15406	394	3	xã	Yên Tâm
15409	394	3	xã	Yên Phú
15412	394	3	thị trấn	Quý Lộc
15415	394	3	xã	Yên Thọ
15418	394	3	xã	Yên Trung
15421	394	3	xã	Yên Trường
15427	394	3	xã	Yên Phong
15430	394	3	xã	Yên Thái
15433	394	3	xã	Yên Hùng
15436	394	3	xã	Yên Thịnh
15442	394	3	xã	Yên Ninh
15445	394	3	xã	Định Tăng
15448	394	3	xã	Định Hòa
15451	394	3	xã	Định Thành
15454	394	3	xã	Định Công
15457	394	3	xã	Định Tân
15460	394	3	xã	Định Tiến
15463	394	3	xã	Định Long
15466	394	3	xã	Định Liên
15469	394	3	thị trấn	Quán Lào
15472	394	3	xã	Định Hưng
15475	394	3	xã	Định Hải
15478	394	3	xã	Định Bình
395	38	2	huyện	Thọ Xuân
15493	395	3	xã	Xuân Hồng
15499	395	3	thị trấn	Thọ Xuân
15502	395	3	xã	Bắc Lương
15505	395	3	xã	Nam Giang
15508	395	3	xã	Xuân Phong
15511	395	3	xã	Thọ Lộc
15514	395	3	xã	Xuân Trường
15517	395	3	xã	Xuân Hòa
15520	395	3	xã	Thọ Hải
15523	395	3	xã	Tây Hồ
15526	395	3	xã	Xuân Giang
15532	395	3	xã	Xuân Sinh
15535	395	3	xã	Xuân Hưng
15538	395	3	xã	Thọ Diên
15541	395	3	xã	Thọ Lâm
15544	395	3	xã	Thọ Xương
15547	395	3	xã	Xuân Bái
15550	395	3	xã	Xuân Phú
15553	395	3	thị trấn	Sao Vàng
15556	395	3	thị trấn	Lam Sơn
15559	395	3	xã	Xuân Thiên
15565	395	3	xã	Thuận Minh
15568	395	3	xã	Thọ Lập
15571	395	3	xã	Quảng Phú
15574	395	3	xã	Xuân Tín
15577	395	3	xã	Phú Xuân
15583	395	3	xã	Xuân Lai
15586	395	3	xã	Xuân Lập
15592	395	3	xã	Xuân Minh
15598	395	3	xã	Trường Xuân
396	38	2	huyện	Thường Xuân
15607	396	3	xã	Bát Mọt
15610	396	3	xã	Yên Nhân
15619	396	3	xã	Xuân Lẹ
15622	396	3	xã	Vạn Xuân
15628	396	3	xã	Lương Sơn
15631	396	3	xã	Xuân Cao
15634	396	3	xã	Luận Thành
15637	396	3	xã	Luận Khê
15640	396	3	xã	Xuân Thắng
15643	396	3	xã	Xuân Lộc
15646	396	3	thị trấn	Thường Xuân
15649	396	3	xã	Xuân Dương
15652	396	3	xã	Thọ Thanh
15655	396	3	xã	Ngọc Phụng
15658	396	3	xã	Xuân Chinh
15661	396	3	xã	Tân Thành
397	38	2	huyện	Triệu Sơn
15664	397	3	thị trấn	Triệu Sơn
15667	397	3	xã	Thọ Sơn
15670	397	3	xã	Thọ Bình
15673	397	3	xã	Thọ Tiến
15676	397	3	xã	Hợp Lý
15679	397	3	xã	Hợp Tiến
15682	397	3	xã	Hợp Thành
15685	397	3	xã	Triệu Thành
15688	397	3	xã	Hợp Thắng
15691	397	3	xã	Minh Sơn
15700	397	3	xã	Dân Lực
15703	397	3	xã	Dân Lý
15706	397	3	xã	Dân Quyền
15709	397	3	xã	An Nông
15712	397	3	xã	Văn Sơn
15715	397	3	xã	Thái Hòa
15718	397	3	thị trấn	Nưa
15721	397	3	xã	Đồng Lợi
15724	397	3	xã	Đồng Tiến
15727	397	3	xã	Đồng Thắng
15730	397	3	xã	Tiến Nông
15733	397	3	xã	Khuyến Nông
15736	397	3	xã	Xuân Lộc
15742	397	3	xã	Thọ Dân
15745	397	3	xã	Xuân Thọ
15748	397	3	xã	Thọ Tân
15751	397	3	xã	Thọ Ngọc
15754	397	3	xã	Thọ Cường
15760	397	3	xã	Thọ Phú
15763	397	3	xã	Thọ Thế
15766	397	3	xã	Nông Trường
15769	397	3	xã	Bình Sơn
398	38	2	huyện	Thiệu Hóa
15772	398	3	thị trấn	Thiệu Hóa
15775	398	3	xã	Thiệu Ngọc
15778	398	3	xã	Thiệu Vũ
15781	398	3	xã	Thiệu Phúc
15784	398	3	xã	Thiệu Tiến
15787	398	3	xã	Thiệu Công
15793	398	3	xã	Thiệu Long
15796	398	3	xã	Thiệu Giang
15799	398	3	xã	Thiệu Duy
15802	398	3	xã	Thiệu Nguyên
15805	398	3	xã	Thiệu Hợp
15808	398	3	xã	Thiệu Thịnh
15811	398	3	xã	Thiệu Quang
15814	398	3	xã	Thiệu Thành
15817	398	3	xã	Thiệu Toán
15820	398	3	xã	Thiệu Chính
15823	398	3	xã	Thiệu Hòa
15829	398	3	thị trấn	Hậu Hiền
15832	398	3	xã	Thiệu Viên
15835	398	3	xã	Thiệu Lý
15838	398	3	xã	Thiệu Vận
15841	398	3	xã	Thiệu Trung
15847	398	3	xã	Tân Châu
15853	398	3	xã	Thiệu Giao
399	38	2	huyện	Hoằng Hóa
15865	399	3	thị trấn	Bút Sơn
15877	399	3	xã	Hoằng Xuân
15880	399	3	xã	Hoằng Giang
15883	399	3	xã	Hoằng Phú
15886	399	3	xã	Hoằng Quỳ
15889	399	3	xã	Hoằng Kim
15892	399	3	xã	Hoằng Trung
15895	399	3	xã	Hoằng Trinh
15901	399	3	xã	Hoằng Sơn
15907	399	3	xã	Hoằng Cát
15910	399	3	xã	Hoằng Xuyên
15916	399	3	xã	Hoằng Quý
15919	399	3	xã	Hoằng Hợp
15928	399	3	xã	Hoằng Đức
15937	399	3	xã	Hoằng Hà
15940	399	3	xã	Hoằng Đạt
15946	399	3	xã	Hoằng Đạo
15949	399	3	xã	Hoằng Thắng
15952	399	3	xã	Hoằng Đồng
15955	399	3	xã	Hoằng Thái
15958	399	3	xã	Hoằng Thịnh
15961	399	3	xã	Hoằng Thành
15964	399	3	xã	Hoằng Lộc
15967	399	3	xã	Hoằng Trạch
15973	399	3	xã	Hoằng Phong
15976	399	3	xã	Hoằng Lưu
15979	399	3	xã	Hoằng Châu
15982	399	3	xã	Hoằng Tân
15985	399	3	xã	Hoằng Yến
15988	399	3	xã	Hoằng Tiến
15991	399	3	xã	Hoằng Hải
15994	399	3	xã	Hoằng Ngọc
15997	399	3	xã	Hoằng Đông
16000	399	3	xã	Hoằng Thanh
16003	399	3	xã	Hoằng Phụ
16006	399	3	xã	Hoằng Trường
400	38	2	huyện	Hậu Lộc
16012	400	3	thị trấn	Hậu Lộc
16015	400	3	xã	Đồng Lộc
16018	400	3	xã	Đại Lộc
16021	400	3	xã	Triệu Lộc
16027	400	3	xã	Tiến Lộc
16030	400	3	xã	Lộc Sơn
16033	400	3	xã	Cầu Lộc
16036	400	3	xã	Thành Lộc
16042	400	3	xã	Tuy Lộc
16045	400	3	xã	Mỹ Lộc
16048	400	3	xã	Thuần Lộc
16057	400	3	xã	Xuân Lộc
16063	400	3	xã	Hoa Lộc
16066	400	3	xã	Liên Lộc
16069	400	3	xã	Quang Lộc
16072	400	3	xã	Phú Lộc
16075	400	3	xã	Hòa Lộc
16078	400	3	xã	Minh Lộc
16081	400	3	xã	Hưng Lộc
16084	400	3	xã	Hải Lộc
16087	400	3	xã	Đa Lộc
16090	400	3	xã	Ngư Lộc
401	38	2	huyện	Nga Sơn
16093	401	3	thị trấn	Nga Sơn
16096	401	3	xã	Ba Đình
16099	401	3	xã	Nga Vịnh
16102	401	3	xã	Nga Văn
16105	401	3	xã	Nga Thiện
16108	401	3	xã	Nga Tiến
16114	401	3	xã	Nga Phượng
16120	401	3	xã	Nga Hiệp
16123	401	3	xã	Nga Thanh
16132	401	3	xã	Nga Yên
16135	401	3	xã	Nga Giáp
16138	401	3	xã	Nga Hải
16141	401	3	xã	Nga Thành
16144	401	3	xã	Nga An
16147	401	3	xã	Nga Phú
16150	401	3	xã	Nga Điền
16153	401	3	xã	Nga Tân
16156	401	3	xã	Nga Thủy
16159	401	3	xã	Nga Liên
16162	401	3	xã	Nga Thái
16165	401	3	xã	Nga Thạch
16168	401	3	xã	Nga Thắng
16171	401	3	xã	Nga Trường
402	38	2	huyện	Như Xuân
16174	402	3	thị trấn	Yên Cát
16177	402	3	xã	Bãi Trành
16180	402	3	xã	Xuân Hòa
16183	402	3	xã	Xuân Bình
16186	402	3	xã	Hóa Quỳ
16195	402	3	xã	Cát Vân
16198	402	3	xã	Cát Tân
16201	402	3	xã	Tân Bình
16204	402	3	xã	Bình Lương
16207	402	3	xã	Thanh Quân
16210	402	3	xã	Thanh Xuân
16213	402	3	xã	Thanh Hòa
16216	402	3	xã	Thanh Phong
16219	402	3	xã	Thanh Lâm
16222	402	3	xã	Thanh Sơn
16225	402	3	xã	Thượng Ninh
403	38	2	huyện	Như Thanh
16228	403	3	thị trấn	Bến Sung
16231	403	3	xã	Cán Khê
16234	403	3	xã	Xuân Du
16240	403	3	xã	Phượng Nghi
16243	403	3	xã	Mậu Lâm
16246	403	3	xã	Xuân Khang
16249	403	3	xã	Phú Nhuận
16252	403	3	xã	Hải Long
16258	403	3	xã	Xuân Thái
16261	403	3	xã	Xuân Phúc
16264	403	3	xã	Yên Thọ
16267	403	3	xã	Yên Lạc
16273	403	3	xã	Thanh Tân
16276	403	3	xã	Thanh Kỳ
404	38	2	huyện	Nông Cống
16279	404	3	thị trấn	Nông Cống
16282	404	3	xã	Tân Phúc
16285	404	3	xã	Tân Thọ
16288	404	3	xã	Hoàng Sơn
16291	404	3	xã	Tân Khang
16294	404	3	xã	Hoàng Giang
16297	404	3	xã	Trung Chính
16303	404	3	xã	Trung Thành
16309	404	3	xã	Tế Thắng
16315	404	3	xã	Tế Lợi
16318	404	3	xã	Tế Nông
16321	404	3	xã	Minh Nghĩa
16324	404	3	xã	Minh Khôi
16327	404	3	xã	Vạn Hòa
16330	404	3	xã	Trường Trung
16333	404	3	xã	Vạn Thắng
16336	404	3	xã	Trường Giang
16339	404	3	xã	Vạn Thiện
16342	404	3	xã	Thăng Long
16345	404	3	xã	Trường Minh
16348	404	3	xã	Trường Sơn
16351	404	3	xã	Thăng Bình
16354	404	3	xã	Công Liêm
16357	404	3	xã	Tượng Văn
16360	404	3	xã	Thăng Thọ
16363	404	3	xã	Tượng Lĩnh
16366	404	3	xã	Tượng Sơn
16369	404	3	xã	Công Chính
16375	404	3	xã	Yên Mỹ
406	38	2	huyện	Quảng Xương
16438	406	3	thị trấn	Tân Phong
16447	406	3	xã	Quảng Trạch
16453	406	3	xã	Quảng Đức
16456	406	3	xã	Quảng Định
16462	406	3	xã	Quảng Nhân
16465	406	3	xã	Quảng Ninh
16468	406	3	xã	Quảng Bình
16471	406	3	xã	Quảng Hợp
16474	406	3	xã	Quảng Văn
16477	406	3	xã	Quảng Long
16480	406	3	xã	Quảng Yên
16483	406	3	xã	Quảng Hòa
16489	406	3	xã	Quảng Khê
16492	406	3	xã	Quảng Trung
16495	406	3	xã	Quảng Chính
16498	406	3	xã	Quảng Ngọc
16501	406	3	xã	Quảng Trường
16510	406	3	xã	Quảng Phúc
16519	406	3	xã	Quảng Giao
16540	406	3	xã	Quảng Hải
16543	406	3	xã	Quảng Lưu
16546	406	3	xã	Quảng Lộc
16549	406	3	xã	Tiên Trang
16552	406	3	xã	Quảng Nham
16555	406	3	xã	Quảng Thạch
16558	406	3	xã	Quảng Thái
407	38	2	thị xã	Nghi Sơn
16561	407	3	phường	Hải Hòa
16564	407	3	phường	Hải Châu
16567	407	3	xã	Thanh Thủy
16570	407	3	xã	Thanh Sơn
16576	407	3	phường	Hải Ninh
16579	407	3	xã	Anh Sơn
16582	407	3	xã	Ngọc Lĩnh
16585	407	3	phường	Hải An
16591	407	3	xã	Các Sơn
16594	407	3	phường	Tân Dân
16597	407	3	phường	Hải Lĩnh
16600	407	3	xã	Định Hải
16603	407	3	xã	Phú Sơn
16606	407	3	phường	Ninh Hải
16609	407	3	phường	Nguyên Bình
16612	407	3	xã	Hải Nhân
16618	407	3	phường	Bình Minh
16621	407	3	phường	Hải Thanh
16624	407	3	xã	Phú Lâm
16627	407	3	phường	Xuân Lâm
16630	407	3	phường	Trúc Lâm
16633	407	3	phường	Hải Bình
16636	407	3	xã	Tân Trường
16639	407	3	xã	Tùng Lâm
16642	407	3	phường	Tĩnh Hải
16645	407	3	phường	Mai Lâm
16648	407	3	xã	Trường Lâm
16654	407	3	phường	Hải Thượng
16657	407	3	xã	Nghi Sơn
16660	407	3	xã	Hải Hà
40		1	tỉnh	Nghệ An
412	40	2	thành phố	Vinh
16663	412	3	phường	Đông Vĩnh
16666	412	3	phường	Hà Huy Tập
16669	412	3	phường	Lê Lợi
16670	412	3	phường	Quán Bàu
16672	412	3	phường	Hưng Bình
16673	412	3	phường	Hưng Phúc
16675	412	3	phường	Hưng Dũng
16678	412	3	phường	Cửa Nam
16681	412	3	phường	Quang Trung
16690	412	3	phường	Trường Thi
16693	412	3	phường	Bến Thủy
16699	412	3	phường	Trung Đô
16702	412	3	phường	Nghi Phú
16705	412	3	phường	Hưng Đông
16708	412	3	phường	Hưng Lộc
16711	412	3	xã	Hưng Hòa
16714	412	3	phường	Vinh Tân
16717	412	3	phường	Nghi Thuỷ
16720	412	3	phường	Nghi Tân
16723	412	3	phường	Thu Thuỷ
16726	412	3	phường	Nghi Hòa
16729	412	3	phường	Nghi Hải
16732	412	3	phường	Nghi Hương
16735	412	3	phường	Nghi Thu
17902	412	3	xã	Nghi Phong
17905	412	3	xã	Nghi Xuân
17908	412	3	xã	Nghi Liên
17914	412	3	xã	Nghi Ân
17917	412	3	xã	Phúc Thọ
17920	412	3	xã	Nghi Kim
17923	412	3	phường	Nghi Đức
17926	412	3	xã	Nghi Thái
18013	412	3	xã	Hưng Chính
414	40	2	thị xã	Thái Hoà
16939	414	3	phường	Hoà Hiếu
16993	414	3	phường	Quang Phong
16994	414	3	phường	Quang Tiến
17003	414	3	phường	Long Sơn
17005	414	3	xã	Nghĩa Tiến
17008	414	3	xã	Nghĩa Mỹ
17011	414	3	xã	Tây Hiếu
17014	414	3	xã	Nghĩa Thuận
17017	414	3	xã	Đông Hiếu
415	40	2	huyện	Quế Phong
16738	415	3	thị trấn	Kim Sơn
16741	415	3	xã	Thông Thụ
16744	415	3	xã	Đồng Văn
16747	415	3	xã	Hạnh Dịch
16750	415	3	xã	Tiền Phong
16753	415	3	xã	Nậm Giải
16756	415	3	xã	Tri Lễ
16759	415	3	xã	Châu Kim
16763	415	3	xã	Mường Nọc
16765	415	3	xã	Châu Thôn
16768	415	3	xã	Nậm Nhoóng
16771	415	3	xã	Quang Phong
16774	415	3	xã	Căm Muộn
416	40	2	huyện	Quỳ Châu
16777	416	3	thị trấn	Tân Lạc
16780	416	3	xã	Châu Bính
16783	416	3	xã	Châu Thuận
16786	416	3	xã	Châu Hội
16789	416	3	xã	Châu Nga
16792	416	3	xã	Châu Tiến
16795	416	3	xã	Châu Hạnh
16798	416	3	xã	Châu Thắng
16801	416	3	xã	Châu Phong
16804	416	3	xã	Châu Bình
16807	416	3	xã	Châu Hoàn
16810	416	3	xã	Diên Lãm
417	40	2	huyện	Kỳ Sơn
16813	417	3	thị trấn	Mường Xén
16816	417	3	xã	Mỹ Lý
16819	417	3	xã	Bắc Lý
16822	417	3	xã	Keng Đu
16825	417	3	xã	Đoọc Mạy
16828	417	3	xã	Huồi Tụ
16831	417	3	xã	Mường Lống
16834	417	3	xã	Na Loi
16837	417	3	xã	Nậm Cắn
16840	417	3	xã	Bảo Nam
16843	417	3	xã	Phà Đánh
16846	417	3	xã	Bảo Thắng
16849	417	3	xã	Hữu Lập
16852	417	3	xã	Tà Cạ
16855	417	3	xã	Chiêu Lưu
16858	417	3	xã	Mường Típ
16861	417	3	xã	Hữu Kiệm
16864	417	3	xã	Tây Sơn
16867	417	3	xã	Mường Ải
16870	417	3	xã	Na Ngoi
16873	417	3	xã	Nậm Càn
418	40	2	huyện	Tương Dương
16876	418	3	thị trấn	Thạch Giám
16879	418	3	xã	Mai Sơn
16882	418	3	xã	Nhôn Mai
16885	418	3	xã	Hữu Khuông
16900	418	3	xã	Yên Tĩnh
16903	418	3	xã	Nga My
16904	418	3	xã	Xiêng My
16906	418	3	xã	Lưỡng Minh
16909	418	3	xã	Yên Hòa
16912	418	3	xã	Yên Na
16915	418	3	xã	Lưu Kiền
16921	418	3	xã	Xá Lượng
16924	418	3	xã	Tam Thái
16927	418	3	xã	Tam Đình
16930	418	3	xã	Yên Thắng
16933	418	3	xã	Tam Quang
16936	418	3	xã	Tam Hợp
419	40	2	huyện	Nghĩa Đàn
16941	419	3	thị trấn	Nghĩa Đàn
16942	419	3	xã	Nghĩa Mai
16945	419	3	xã	Nghĩa Yên
16948	419	3	xã	Nghĩa Lạc
16951	419	3	xã	Nghĩa Lâm
16954	419	3	xã	Nghĩa Sơn
16957	419	3	xã	Nghĩa Lợi
16960	419	3	xã	Nghĩa Bình
16966	419	3	xã	Nghĩa Minh
16969	419	3	xã	Nghĩa Thọ
16972	419	3	xã	Nghĩa Hưng
16975	419	3	xã	Nghĩa Hồng
16981	419	3	xã	Nghĩa Trung
16984	419	3	xã	Nghĩa Hội
16987	419	3	xã	Nghĩa Thành
17020	419	3	xã	Nghĩa Đức
17023	419	3	xã	Nghĩa An
17026	419	3	xã	Nghĩa Long
17029	419	3	xã	Nghĩa Lộc
17032	419	3	xã	Nghĩa Khánh
420	40	2	huyện	Quỳ Hợp
17035	420	3	thị trấn	Quỳ Hợp
17038	420	3	xã	Yên Hợp
17041	420	3	xã	Châu Tiến
17044	420	3	xã	Châu Hồng
17047	420	3	xã	Đồng Hợp
17050	420	3	xã	Châu Thành
17053	420	3	xã	Liên Hợp
17056	420	3	xã	Châu Lộc
17059	420	3	xã	Tam Hợp
17062	420	3	xã	Châu Cường
17065	420	3	xã	Châu Quang
17068	420	3	xã	Thọ Hợp
17071	420	3	xã	Minh Hợp
17074	420	3	xã	Nghĩa Xuân
17077	420	3	xã	Châu Thái
17080	420	3	xã	Châu Đình
17083	420	3	xã	Văn Lợi
17086	420	3	xã	Nam Sơn
17089	420	3	xã	Châu Lý
17092	420	3	xã	Hạ Sơn
17095	420	3	xã	Bắc Sơn
421	40	2	huyện	Quỳnh Lưu
17101	421	3	xã	Quỳnh Thắng
17119	421	3	xã	Quỳnh Tân
17122	421	3	xã	Quỳnh Châu
17140	421	3	xã	Tân Sơn
17143	421	3	xã	Quỳnh Văn
17146	421	3	xã	Ngọc Sơn
17149	421	3	xã	Quỳnh Tam
17152	421	3	xã	Quỳnh Sơn
17155	421	3	xã	Quỳnh Thạch
17158	421	3	xã	Quỳnh Bảng
17164	421	3	xã	Quỳnh Thanh
17167	421	3	xã	Quỳnh Hậu
17170	421	3	xã	Quỳnh Lâm
17173	421	3	xã	Quỳnh Đôi
17176	421	3	xã	Minh Lương
17179	421	3	thị trấn	Cầu Giát
17182	421	3	xã	Quỳnh Yên
17185	421	3	xã	Bình Sơn
17191	421	3	xã	Quỳnh Diễn
17197	421	3	xã	Quỳnh Giang
17206	421	3	xã	An Hòa
17209	421	3	xã	Phú Nghĩa
17212	421	3	xã	Văn Hải
17218	421	3	xã	Thuận Long
17224	421	3	xã	Tân Thắng
422	40	2	huyện	Con Cuông
17230	422	3	xã	Bình Chuẩn
17233	422	3	xã	Lạng Khê
17236	422	3	xã	Cam Lâm
17239	422	3	xã	Thạch Ngàn
17242	422	3	xã	Đôn Phục
17245	422	3	xã	Mậu Đức
17248	422	3	xã	Châu Khê
17251	422	3	xã	Chi Khê
17254	422	3	thị trấn	Trà Lân
17257	422	3	xã	Yên Khê
17260	422	3	xã	Lục Dạ
17263	422	3	xã	Môn Sơn
423	40	2	huyện	Tân Kỳ
17266	423	3	thị trấn	Tân Kỳ
17269	423	3	xã	Tân Hợp
17272	423	3	xã	Tân Phú
17275	423	3	xã	Tân Xuân
17278	423	3	xã	Giai Xuân
17281	423	3	xã	Bình Hợp
17284	423	3	xã	Nghĩa Đồng
17287	423	3	xã	Đồng Văn
17290	423	3	xã	Nghĩa Thái
17296	423	3	xã	Hoàn Long
17299	423	3	xã	Nghĩa Phúc
17302	423	3	xã	Tiên Kỳ
17305	423	3	xã	Tân An
17308	423	3	xã	Nghĩa Dũng
17314	423	3	xã	Kỳ Sơn
17317	423	3	xã	Hương Sơn
17320	423	3	xã	Kỳ Tân
17323	423	3	xã	Phú Sơn
17325	423	3	xã	Tân Hương
17326	423	3	xã	Nghĩa Hành
424	40	2	huyện	Anh Sơn
17329	424	3	thị trấn	Kim Nhan
17332	424	3	xã	Thọ Sơn
17335	424	3	xã	Thành Sơn
17338	424	3	xã	Bình Sơn
17344	424	3	xã	Tam Đỉnh
17347	424	3	xã	Hùng Sơn
17350	424	3	xã	Cẩm Sơn
17353	424	3	xã	Đức Sơn
17356	424	3	xã	Tường Sơn
17357	424	3	xã	Hoa Sơn
17359	424	3	xã	Tào Sơn
17362	424	3	xã	Vĩnh Sơn
17365	424	3	xã	Lạng Sơn
17368	424	3	xã	Hội Sơn
17374	424	3	xã	Phúc Sơn
17377	424	3	xã	Long Sơn
17380	424	3	xã	Khai Sơn
17383	424	3	xã	Lĩnh Sơn
17386	424	3	xã	Cao Sơn
425	40	2	huyện	Diễn Châu
17392	425	3	xã	Diễn Lâm
17395	425	3	xã	Diễn Đoài
17398	425	3	xã	Diễn Trường
17401	425	3	xã	Diễn Yên
17404	425	3	xã	Diễn Hoàng
17410	425	3	xã	Diễn Mỹ
17413	425	3	xã	Diễn Hồng
17416	425	3	xã	Diễn Phong
17419	425	3	xã	Hùng Hải
17425	425	3	xã	Diễn Liên
17428	425	3	xã	Diễn Vạn
17431	425	3	xã	Diễn Kim
17434	425	3	xã	Diễn Kỷ
17437	425	3	xã	Xuân Tháp
17440	425	3	xã	Diễn Thái
17443	425	3	xã	Diễn Đồng
17449	425	3	xã	Hạnh Quảng
17452	425	3	xã	Ngọc Bích
17458	425	3	xã	Diễn Nguyên
17461	425	3	xã	Diễn Hoa
17464	425	3	thị trấn	Diễn Thành
17467	425	3	xã	Diễn Phúc
17476	425	3	xã	Diễn Cát
17479	425	3	xã	Diễn Thịnh
17482	425	3	xã	Diễn Tân
17485	425	3	xã	Minh Châu
17488	425	3	xã	Diễn Thọ
17491	425	3	xã	Diễn Lợi
17494	425	3	xã	Diễn Lộc
17497	425	3	xã	Diễn Trung
17500	425	3	xã	Diễn An
17503	425	3	xã	Diễn Phú
426	40	2	huyện	Yên Thành
17506	426	3	thị trấn	Hoa Thành
17509	426	3	xã	Mã Thành
17510	426	3	xã	Tiến Thành
17512	426	3	xã	Lăng Thành
17515	426	3	xã	Tân Thành
17518	426	3	xã	Đức Thành
17521	426	3	xã	Kim Thành
17524	426	3	xã	Hậu Thành
17527	426	3	xã	Đô Thành
17530	426	3	xã	Thọ Thành
17533	426	3	xã	Quang Thành
17536	426	3	xã	Tây Thành
17539	426	3	xã	Phúc Thành
17542	426	3	xã	Phú Thành
17545	426	3	xã	Đồng Thành
17554	426	3	xã	Tăng Thành
17557	426	3	xã	Văn Thành
17560	426	3	xã	Thịnh Thành
17566	426	3	xã	Xuân Thành
17569	426	3	xã	Bắc Thành
17572	426	3	xã	Đông Thành
17575	426	3	xã	Trung Thành
17578	426	3	xã	Long Thành
17581	426	3	xã	Minh Thành
17584	426	3	xã	Nam Thành
17587	426	3	xã	Vĩnh Thành
17596	426	3	xã	Viên Thành
17602	426	3	xã	Liên Thành
17605	426	3	xã	Bảo Thành
17608	426	3	xã	Mỹ Thành
17611	426	3	xã	Vân Tụ
17614	426	3	xã	Sơn Thành
427	40	2	huyện	Đô Lương
17617	427	3	thị trấn	Đô Lương
17619	427	3	xã	Giang Sơn Đông
17620	427	3	xã	Giang Sơn Tây
17623	427	3	xã	Bạch Ngọc
17626	427	3	xã	Bồi Sơn
17629	427	3	xã	Hồng Sơn
17632	427	3	xã	Bài Sơn
17638	427	3	xã	Bắc Sơn
17641	427	3	xã	Tràng Sơn
17644	427	3	xã	Thượng Sơn
17647	427	3	xã	Hòa Sơn
17650	427	3	xã	Đặng Sơn
17653	427	3	xã	Đông Sơn
17656	427	3	xã	Nam Sơn
17659	427	3	xã	Lưu Sơn
17662	427	3	xã	Yên Sơn
17665	427	3	xã	Văn Sơn
17668	427	3	xã	Đà Sơn
17671	427	3	xã	Lạc Sơn
17674	427	3	xã	Tân Sơn
17677	427	3	xã	Thái Sơn
17680	427	3	xã	Quang Sơn
17683	427	3	xã	Thịnh Sơn
17686	427	3	xã	Trung Sơn
17689	427	3	xã	Xuân Sơn
17692	427	3	xã	Minh Sơn
17695	427	3	xã	Thuận Sơn
17698	427	3	xã	Nhân Sơn
17701	427	3	xã	Hiến Sơn
17704	427	3	xã	Mỹ Sơn
17707	427	3	xã	Trù Sơn
17710	427	3	xã	Đại Sơn
428	40	2	huyện	Thanh Chương
17713	428	3	thị trấn	Dùng
17716	428	3	xã	Cát Văn
17719	428	3	xã	Minh Sơn
17722	428	3	xã	Hạnh Lâm
17723	428	3	xã	Thanh Sơn
17728	428	3	xã	Phong Thịnh
17731	428	3	xã	Thanh Phong
17734	428	3	xã	Thanh Mỹ
17737	428	3	xã	Thanh Tiên
17743	428	3	xã	Thanh Liên
17749	428	3	xã	Đại Đồng
17755	428	3	xã	Thanh Ngọc
17758	428	3	xã	Thanh Hương
17759	428	3	xã	Ngọc Lâm
17764	428	3	xã	Đồng Văn
17767	428	3	xã	Ngọc Sơn
17770	428	3	xã	Thanh Thịnh
17773	428	3	xã	Thanh An
17776	428	3	xã	Thanh Quả
17779	428	3	xã	Xuân Dương
17785	428	3	xã	Minh Tiến
17791	428	3	xã	Kim Bảng
17797	428	3	xã	Thanh Thủy
17806	428	3	xã	Thanh Hà
17812	428	3	xã	Thanh Tùng
17815	428	3	xã	Thanh Lâm
17818	428	3	xã	Mai Giang
17821	428	3	xã	Thanh Xuân
17824	428	3	xã	Thanh Đức
429	40	2	huyện	Nghi Lộc
17827	429	3	thị trấn	Quán Hành
17830	429	3	xã	Nghi Văn
17833	429	3	xã	Nghi Yên
17836	429	3	xã	Nghi Tiến
17839	429	3	xã	Nghi Hưng
17842	429	3	xã	Nghi Đồng
17845	429	3	xã	Nghi Thiết
17848	429	3	xã	Nghi Lâm
17851	429	3	xã	Nghi Quang
17854	429	3	xã	Nghi Kiều
17857	429	3	xã	Nghi Mỹ
17860	429	3	xã	Nghi Phương
17863	429	3	xã	Nghi Thuận
17866	429	3	xã	Nghi Long
17869	429	3	xã	Nghi Xá
17878	429	3	xã	Khánh Hợp
17884	429	3	xã	Nghi Công Bắc
17887	429	3	xã	Nghi Công Nam
17890	429	3	xã	Nghi Thạch
17893	429	3	xã	Nghi Trung
17896	429	3	xã	Thịnh Trường
17899	429	3	xã	Diên Hoa
17911	429	3	xã	Nghi Vạn
430	40	2	huyện	Nam Đàn
17932	430	3	xã	Nam Hưng
17935	430	3	xã	Nghĩa Thái
17938	430	3	xã	Nam Thanh
17941	430	3	xã	Nam Anh
17944	430	3	xã	Nam Xuân
17950	430	3	thị trấn	Nam Đàn
17953	430	3	xã	Nam Lĩnh
17956	430	3	xã	Nam Giang
17959	430	3	xã	Xuân Hòa
17962	430	3	xã	Hùng Tiến
17968	430	3	xã	Thượng Tân Lộc
17971	430	3	xã	Kim Liên
17980	430	3	xã	Xuân Hồng
17983	430	3	xã	Nam Cát
17986	430	3	xã	Khánh Sơn
17989	430	3	xã	Trung Phúc Cường
17998	430	3	xã	Nam Kim
431	40	2	huyện	Hưng Nguyên
18001	431	3	thị trấn	Hưng Nguyên
18004	431	3	xã	Hưng Trung
18007	431	3	xã	Hưng Yên
18008	431	3	xã	Hưng Yên Bắc
18010	431	3	xã	Hưng Tây
18016	431	3	xã	Hưng Đạo
18022	431	3	xã	Thịnh Mỹ
18025	431	3	xã	Hưng Lĩnh
18028	431	3	xã	Thông Tân
18037	431	3	xã	Hưng Nghĩa
18040	431	3	xã	Phúc Lợi
18043	431	3	xã	Long Xá
18052	431	3	xã	Châu Nhân
18055	431	3	xã	Xuân Lam
18064	431	3	xã	Hưng Thành
432	40	2	thị xã	Hoàng Mai
17104	432	3	xã	Quỳnh Vinh
17107	432	3	xã	Quỳnh Lộc
17110	432	3	phường	Quỳnh Thiện
17113	432	3	xã	Quỳnh Lập
17116	432	3	xã	Quỳnh Trang
17125	432	3	phường	Mai Hùng
17128	432	3	phường	Quỳnh Dị
17131	432	3	phường	Quỳnh Xuân
17134	432	3	phường	Quỳnh Phương
17137	432	3	xã	Quỳnh Liên
42		1	tỉnh	Hà Tĩnh
436	42	2	thành phố	Hà Tĩnh
18073	436	3	phường	Nam Hà
18077	436	3	phường	Bắc Hà
18079	436	3	phường	Tân Giang
18082	436	3	phường	Đại Nài
18085	436	3	phường	Hà Huy Tập
18088	436	3	phường	Thạch Trung
18091	436	3	phường	Thạch Quý
18094	436	3	phường	Trần Phú
18097	436	3	phường	Văn Yên
18100	436	3	phường	Thạch Hạ
18103	436	3	phường	Đồng Môn
18109	436	3	phường	Thạch Hưng
18112	436	3	xã	Thạch Bình
18571	436	3	xã	Thạch Hải
18595	436	3	xã	Đỉnh Bàn
18598	436	3	xã	Hộ Độ
18604	436	3	xã	Thạch Khê
18619	436	3	xã	Thạch Trị
18622	436	3	xã	Thạch Lạc
18628	436	3	xã	Tượng Sơn
18631	436	3	xã	Thạch Văn
18637	436	3	xã	Thạch Thắng
18643	436	3	xã	Thạch Đài
18649	436	3	xã	Thạch Hội
18652	436	3	xã	Tân Lâm Hương
18685	436	3	xã	Cẩm Bình
18691	436	3	xã	Cẩm Vịnh
437	42	2	thị xã	Hồng Lĩnh
18115	437	3	phường	Bắc Hồng
18118	437	3	phường	Nam Hồng
18121	437	3	phường	Trung Lương
18124	437	3	phường	Đức Thuận
18127	437	3	phường	Đậu Liêu
18130	437	3	xã	Thuận Lộc
439	42	2	huyện	Hương Sơn
18133	439	3	thị trấn	Phố Châu
18136	439	3	thị trấn	 Tây Sơn
18139	439	3	xã	Sơn Hồng
18142	439	3	xã	Sơn Tiến
18145	439	3	xã	Sơn Lâm
18148	439	3	xã	Sơn Lễ
18157	439	3	xã	Sơn Giang
18160	439	3	xã	Sơn Lĩnh
18163	439	3	xã	An Hòa Thịnh
18172	439	3	xã	Sơn Tây
18175	439	3	xã	Sơn Ninh
18178	439	3	xã	Châu Bình
18181	439	3	xã	Tân Mỹ Hà
18184	439	3	xã	Quang Diệm
18187	439	3	xã	Sơn Trung
18190	439	3	xã	Sơn Bằng
18196	439	3	xã	Sơn Kim 1
18199	439	3	xã	Sơn Kim 2
18202	439	3	xã	Mỹ Long
18211	439	3	xã	Kim Hoa
18217	439	3	xã	Sơn Phú
18223	439	3	xã	Hàm Trường
440	42	2	huyện	Đức Thọ
18229	440	3	thị trấn	Đức Thọ
18235	440	3	xã	Quang Vĩnh
18241	440	3	xã	Tùng Châu
18244	440	3	xã	Trường Sơn
18247	440	3	xã	Liên Minh
18253	440	3	xã	Yên Hồ
18259	440	3	xã	Tùng Ảnh
18262	440	3	xã	Bùi La Nhân
18274	440	3	xã	Thanh Bình Thịnh
18277	440	3	xã	Lâm Trung Thủy
18280	440	3	xã	Hòa Lạc
18283	440	3	xã	Tân Dân
18298	440	3	xã	An Dũng
18304	440	3	xã	Đức Đồng
18307	440	3	xã	Đức Lạng
18310	440	3	xã	Tân Hương
441	42	2	huyện	Vũ Quang
18313	441	3	thị trấn	Vũ Quang
18316	441	3	xã	Ân Phú
18319	441	3	xã	Đức Giang
18322	441	3	xã	Đức Lĩnh
18325	441	3	xã	Thọ Điền
18328	441	3	xã	Đức Hương
18331	441	3	xã	Đức Bồng
18334	441	3	xã	Đức Liên
18340	441	3	xã	Hương Minh
18343	441	3	xã	Quang Thọ
442	42	2	huyện	Nghi Xuân
18352	442	3	thị trấn	Xuân An
18355	442	3	xã	Xuân Hội
18358	442	3	xã	Đan Trường
18364	442	3	xã	Xuân Phổ
18367	442	3	xã	Xuân Hải
18370	442	3	xã	Xuân Giang
18373	442	3	thị trấn	Tiên Điền
18376	442	3	xã	Xuân Yên
18379	442	3	xã	Xuân Mỹ
18382	442	3	xã	Xuân Thành
18385	442	3	xã	Xuân Viên
18388	442	3	xã	Xuân Hồng
18391	442	3	xã	Cỗ Đạm
18394	442	3	xã	Xuân Liên
18397	442	3	xã	Xuân Lĩnh
18400	442	3	xã	Xuân Lam
18403	442	3	xã	Cương Gián
443	42	2	huyện	Can Lộc
18406	443	3	thị trấn	Nghèn
18415	443	3	xã	Thiên Lộc
18418	443	3	xã	Thuần Thiện
18427	443	3	xã	Vượng Lộc
18433	443	3	xã	Thanh Lộc
18436	443	3	xã	Kim Song Trường
18439	443	3	xã	Thường Nga
18445	443	3	xã	Tùng Lộc
18454	443	3	xã	Phú Lộc
18463	443	3	xã	Gia Hanh
18466	443	3	xã	Khánh Vĩnh Yên
18475	443	3	xã	Xuân Lộc
18478	443	3	xã	Thượng Lộc
18481	443	3	xã	Quang Lộc
18484	443	3	thị trấn	Đồng Lộc
18487	443	3	xã	Mỹ Lộc
18490	443	3	xã	Sơn Lộc
444	42	2	huyện	Hương Khê
18496	444	3	thị trấn	Hương Khê
18499	444	3	xã	Điền Mỹ
18502	444	3	xã	Hà Linh
18505	444	3	xã	Hương Thủy
18508	444	3	xã	Hòa Hải
18514	444	3	xã	Phúc Đồng
18517	444	3	xã	Hương Giang
18520	444	3	xã	Lộc Yên
18523	444	3	xã	Hương Bình
18526	444	3	xã	Hương Long
18529	444	3	xã	Phú Gia
18532	444	3	xã	Gia Phố
18538	444	3	xã	Hương Đô
18541	444	3	xã	Hương Vĩnh
18544	444	3	xã	Hương Xuân
18547	444	3	xã	Phúc Trạch
18550	444	3	xã	Hương Trà
18553	444	3	xã	Hương Trạch
18556	444	3	xã	Hương Lâm
18559	444	3	xã	Hương Liên
445	42	2	huyện	Thạch Hà
18409	445	3	xã	Tân Lộc
18412	445	3	xã	Hồng Lộc
18421	445	3	xã	Thịnh Lộc
18430	445	3	xã	Bình An
18448	445	3	xã	Bình Lộc
18457	445	3	xã	Ích Hậu
18493	445	3	xã	Phù Lưu
18562	445	3	thị trấn	Thạch Hà
18565	445	3	xã	Ngọc Sơn
18568	445	3	thị trấn	Lộc Hà
18577	445	3	xã	Thạch Mỹ
18580	445	3	xã	Thạch Kim
18583	445	3	xã	Thạch Châu
18586	445	3	xã	Thạch Kênh
18589	445	3	xã	Thạch Sơn
18592	445	3	xã	Thạch Liên
18601	445	3	xã	Việt Tiến
18607	445	3	xã	Thạch Long
18625	445	3	xã	Thạch Ngọc
18634	445	3	xã	Lưu Vĩnh Sơn
18658	445	3	xã	Thạch Xuân
18667	445	3	xã	Nam Điền
18670	445	3	xã	Mai Phụ
446	42	2	huyện	Cẩm Xuyên
18673	446	3	thị trấn	Cẩm Xuyên
18676	446	3	thị trấn	Thiên Cầm
18679	446	3	xã	Yên Hòa
18682	446	3	xã	Cẩm Dương
18694	446	3	xã	Cẩm Thành
18697	446	3	xã	Cẩm Quang
18706	446	3	xã	Cẩm Thạch
18709	446	3	xã	Cẩm Nhượng
18712	446	3	xã	Nam Phúc Thăng
18715	446	3	xã	Cẩm Duệ
18721	446	3	xã	Cẩm Lĩnh
18724	446	3	xã	Cẩm Quan
18727	446	3	xã	Cẩm Hà
18730	446	3	xã	Cẩm Lộc
18733	446	3	xã	Cẩm Hưng
18736	446	3	xã	Cẩm Thịnh
18739	446	3	xã	Cẩm Mỹ
18742	446	3	xã	Cẩm Trung
18745	446	3	xã	Cẩm Sơn
18748	446	3	xã	Cẩm Lạc
18751	446	3	xã	Cẩm Minh
447	42	2	huyện	Kỳ Anh
18757	447	3	xã	Kỳ Xuân
18760	447	3	xã	Kỳ Bắc
18763	447	3	xã	Kỳ Phú
18766	447	3	xã	Kỳ Phong
18769	447	3	xã	Kỳ Tiến
18772	447	3	xã	Kỳ Giang
18775	447	3	thị trấn	Kỳ Đồng
18778	447	3	xã	Kỳ Khang
18784	447	3	xã	Kỳ Văn
18787	447	3	xã	Kỳ Trung
18790	447	3	xã	Kỳ Thọ
18793	447	3	xã	Kỳ Tây
18799	447	3	xã	Kỳ Thượng
18802	447	3	xã	Kỳ Hải
18805	447	3	xã	Kỳ Thư
18811	447	3	xã	Kỳ Châu
18814	447	3	xã	Kỳ Tân
18838	447	3	xã	Lâm Hợp
18844	447	3	xã	Kỳ Sơn
18850	447	3	xã	Kỳ Lạc
449	42	2	thị xã	Kỳ Anh
18754	449	3	phường	Hưng Trí
18781	449	3	phường	Kỳ Ninh
18796	449	3	xã	Kỳ Lợi
18808	449	3	xã	Kỳ Hà
18820	449	3	phường	Kỳ Trinh
18823	449	3	phường	Kỳ Thịnh
18829	449	3	xã	Kỳ Hoa
18832	449	3	phường	Kỳ Phương
18835	449	3	phường	Kỳ Long
18841	449	3	phường	Kỳ Liên
18847	449	3	phường	Kỳ Nam
44		1	tỉnh	Quảng Bình
450	44	2	thành phố	Đồng Hới
18853	450	3	phường	Hải Thành
18856	450	3	phường	Đồng Phú
18859	450	3	phường	Bắc Lý
18865	450	3	phường	Nam Lý
18868	450	3	phường	Đồng Hải
18871	450	3	phường	Đồng Sơn
18874	450	3	phường	Phú Hải
18877	450	3	phường	Bắc Nghĩa
18880	450	3	phường	Đức Ninh Đông
18883	450	3	xã	Quang Phú
18886	450	3	xã	Lộc Ninh
18889	450	3	xã	Bảo Ninh
18892	450	3	xã	Nghĩa Ninh
18895	450	3	xã	Thuận Đức
18898	450	3	xã	Đức Ninh
452	44	2	huyện	Minh Hóa
18901	452	3	thị trấn	Quy Đạt
18904	452	3	xã	Dân Hóa
18907	452	3	xã	Trọng Hóa
18913	452	3	xã	Hồng Hóa
18919	452	3	xã	Tân Thành
18922	452	3	xã	Hóa Hợp
18925	452	3	xã	Xuân Hóa
18928	452	3	xã	Yên Hóa
18931	452	3	xã	Minh Hóa
18934	452	3	xã	Tân Hóa
18937	452	3	xã	Hóa Sơn
18943	452	3	xã	Trung Hóa
18946	452	3	xã	Thượng Hóa
453	44	2	huyện	Tuyên Hóa
18949	453	3	thị trấn	Đồng Lê
18952	453	3	xã	Hương Hóa
18955	453	3	xã	Kim Hóa
18958	453	3	xã	Thanh Hóa
18961	453	3	xã	Thanh Thạch
18964	453	3	xã	Thuận Hóa
18967	453	3	xã	Lâm Hóa
18970	453	3	xã	Lê Hóa
18973	453	3	xã	Sơn Hóa
18976	453	3	xã	Đồng Hóa
18979	453	3	xã	Ngư Hóa
18985	453	3	xã	Thạch Hóa
18988	453	3	xã	Đức Hóa
18991	453	3	xã	Phong Hóa
18994	453	3	xã	Mai Hóa
18997	453	3	xã	Tiến Hóa
19000	453	3	xã	Châu Hóa
19003	453	3	xã	Cao Quảng
19006	453	3	xã	Văn Hóa
454	44	2	huyện	Quảng Trạch
19012	454	3	xã	Quảng Hợp
19015	454	3	xã	Quảng Kim
19018	454	3	xã	Quảng Đông
19021	454	3	xã	Quảng Phú
19024	454	3	xã	Quảng Châu
19027	454	3	xã	Quảng Thạch
19030	454	3	xã	Quảng Lưu
19033	454	3	xã	Quảng Tùng
19036	454	3	xã	Cảnh Dương
19039	454	3	xã	Quảng Tiến
19042	454	3	xã	Quảng Hưng
19045	454	3	xã	Quảng Xuân
19051	454	3	xã	Liên Trường
19057	454	3	xã	Quảng Phương
19063	454	3	xã	Phù Cảnh
19072	454	3	xã	Quảng Thanh
455	44	2	huyện	Bố Trạch
19111	455	3	thị trấn	Hoàn Lão
19114	455	3	thị trấn	NT Việt Trung
19117	455	3	xã	Xuân Trạch
19123	455	3	xã	Hạ Mỹ
19126	455	3	xã	Bắc Trạch
19129	455	3	xã	Lâm Trạch
19132	455	3	xã	Thanh Trạch
19135	455	3	xã	Liên Trạch
19138	455	3	xã	Phúc Trạch
19141	455	3	xã	Cự Nẫm
19144	455	3	xã	Hải Phú
19147	455	3	xã	Thượng Trạch
19150	455	3	xã	Sơn Lộc
19156	455	3	xã	Hưng Trạch
19159	455	3	xã	Đồng Trạch
19162	455	3	xã	Đức Trạch
19165	455	3	thị trấn	Phong Nha
19168	455	3	xã	Vạn Trạch
19174	455	3	xã	Phú Định
19177	455	3	xã	Trung Trạch
19180	455	3	xã	Tây Trạch
19183	455	3	xã	Hòa Trạch
19186	455	3	xã	Đại Trạch
19189	455	3	xã	Nhân Trạch
19192	455	3	xã	Tân Trạch
19198	455	3	xã	Lý Nam
456	44	2	huyện	Quảng Ninh
19204	456	3	xã	Trường Sơn
19207	456	3	thị trấn	Quán Hàu
19210	456	3	xã	Vĩnh Ninh
19213	456	3	xã	Võ Ninh
19216	456	3	xã	Hải Ninh
19219	456	3	xã	Hàm Ninh
19222	456	3	xã	Duy Ninh
19225	456	3	xã	Gia Ninh
19228	456	3	xã	Trường Xuân
19231	456	3	xã	Hiền Ninh
19234	456	3	xã	Tân Ninh
19237	456	3	xã	Xuân Ninh
19240	456	3	xã	An Ninh
19243	456	3	xã	Vạn Ninh
457	44	2	huyện	Lệ Thủy
19246	457	3	thị trấn	NT Lệ Ninh
19249	457	3	thị trấn	Kiến Giang
19252	457	3	xã	Hồng Thủy
19255	457	3	xã	Ngư Thủy Bắc
19258	457	3	xã	Hoa Thủy
19261	457	3	xã	Thanh Thủy
19264	457	3	xã	An Thủy
19267	457	3	xã	Phong Thủy
19270	457	3	xã	Cam Thủy
19273	457	3	xã	Ngân Thủy
19276	457	3	xã	Sơn Thủy
19279	457	3	xã	Lộc Thủy
19285	457	3	xã	Liên Thủy
19288	457	3	xã	Hưng Thủy
19291	457	3	xã	Dương Thủy
19294	457	3	xã	Tân Thủy
19297	457	3	xã	Phú Thủy
19300	457	3	xã	Xuân Thủy
19303	457	3	xã	Mỹ Thủy
19306	457	3	xã	Ngư Thủy 
19309	457	3	xã	Mai Thủy
19312	457	3	xã	Sen Thủy
19315	457	3	xã	Thái Thủy
19318	457	3	xã	Kim Thủy
19321	457	3	xã	Trường Thủy
19327	457	3	xã	Lâm Thủy
458	44	2	thị xã	Ba Đồn
19009	458	3	phường	Ba Đồn
19060	458	3	phường	Quảng Long
19066	458	3	phường	Quảng Thọ
19069	458	3	xã	Quảng Tiên
19075	458	3	xã	Quảng Trung
19078	458	3	phường	Quảng Phong
19081	458	3	phường	Quảng Thuận
19084	458	3	xã	Quảng Tân
19087	458	3	xã	Quảng Hải
19090	458	3	xã	Quảng Sơn
19093	458	3	xã	Quảng Lộc
19096	458	3	xã	Quảng Thủy
19099	458	3	xã	Quảng Văn
19102	458	3	phường	Quảng Phúc
19105	458	3	xã	Quảng Hòa
19108	458	3	xã	Quảng Minh
45		1	tỉnh	Quảng Trị
461	45	2	thành phố	Đông Hà
19330	461	3	phường	Đông Giang
19333	461	3	phường	1
19336	461	3	phường	Đông Lễ
19339	461	3	phường	Đông Thanh
19342	461	3	phường	2
19345	461	3	phường	4
19348	461	3	phường	5
19351	461	3	phường	Đông Lương
19354	461	3	phường	3
462	45	2	thị xã	Quảng Trị
19357	462	3	phường	1
19358	462	3	phường	An Đôn
19360	462	3	phường	2
19361	462	3	phường	3
19705	462	3	xã	Hải Lệ
464	45	2	huyện	Vĩnh Linh
19363	464	3	thị trấn	Hồ Xá
19366	464	3	thị trấn	Bến Quan
19369	464	3	xã	Vĩnh Thái
19372	464	3	xã	Vĩnh Tú
19375	464	3	xã	Vĩnh Chấp
19378	464	3	xã	Trung Nam
19384	464	3	xã	Kim Thạch
19387	464	3	xã	Vĩnh Long
19393	464	3	xã	Vĩnh Khê
19396	464	3	xã	Vĩnh Hòa
19402	464	3	xã	Vĩnh Thủy
19405	464	3	xã	Vĩnh Lâm
19408	464	3	xã	Hiền Thành
19414	464	3	thị trấn	Cửa Tùng
19417	464	3	xã	Vĩnh Hà
19420	464	3	xã	Vĩnh Sơn
19423	464	3	xã	Vĩnh Giang
19426	464	3	xã	Vĩnh Ô
465	45	2	huyện	Hướng Hóa
19429	465	3	thị trấn	Khe Sanh
19432	465	3	thị trấn	Lao Bảo
19435	465	3	xã	Hướng Lập
19438	465	3	xã	Hướng Việt
19441	465	3	xã	Hướng Phùng
19444	465	3	xã	Hướng Sơn
19447	465	3	xã	Hướng Linh
19450	465	3	xã	Tân Hợp
19453	465	3	xã	Hướng Tân
19456	465	3	xã	Tân Thành
19459	465	3	xã	Tân Long
19462	465	3	xã	Tân Lập
19465	465	3	xã	Tân Liên
19468	465	3	xã	Húc
19471	465	3	xã	Thuận
19474	465	3	xã	Hướng Lộc
19477	465	3	xã	Ba Tầng
19480	465	3	xã	Thanh
19483	465	3	xã	 A Dơi
19489	465	3	xã	Lìa
19492	465	3	xã	Xy
466	45	2	huyện	Gio Linh
19495	466	3	thị trấn	Gio Linh
19496	466	3	thị trấn	Cửa Việt
19498	466	3	xã	Trung Giang
19501	466	3	xã	Trung Hải
19504	466	3	xã	Trung Sơn
19507	466	3	xã	Phong Bình
19510	466	3	xã	Gio Mỹ
19519	466	3	xã	Gio Hải
19522	466	3	xã	Gio An
19534	466	3	xã	Linh Trường
19537	466	3	xã	Gio Sơn
19543	466	3	xã	Gio Mai
19546	466	3	xã	Hải Thái
19552	466	3	xã	Gio Quang
467	45	2	huyện	Đa Krông
19555	467	3	thị trấn	Krông Klang
19558	467	3	xã	Mò Ó
19561	467	3	xã	Hướng Hiệp
19564	467	3	xã	Đa Krông
19567	467	3	xã	Triệu Nguyên
19570	467	3	xã	Ba Lòng
19576	467	3	xã	Ba Nang
19579	467	3	xã	Tà Long
19582	467	3	xã	Húc Nghì
19585	467	3	xã	A Vao
19588	467	3	xã	Tà Rụt
19591	467	3	xã	A Bung
19594	467	3	xã	A Ngo
468	45	2	huyện	Cam Lộ
19597	468	3	thị trấn	Cam Lộ
19600	468	3	xã	Cam Tuyền
19603	468	3	xã	Thanh An
19606	468	3	xã	Cam Thủy
19612	468	3	xã	Cam Thành
19615	468	3	xã	Cam Hiếu
19618	468	3	xã	Cam Chính
19621	468	3	xã	Cam Nghĩa
469	45	2	huyện	Triệu Phong
19624	469	3	thị trấn	Ái Tử
19627	469	3	xã	Triệu Tân
19633	469	3	xã	Triệu Phước
19636	469	3	xã	Triệu Độ
19639	469	3	xã	Triệu Trạch
19642	469	3	xã	Triệu Thuận
19645	469	3	xã	Triệu Đại
19648	469	3	xã	Triệu Hòa
19654	469	3	xã	Triệu Cơ
19657	469	3	xã	Triệu Long
19660	469	3	xã	Triệu Tài
19666	469	3	xã	Triệu Trung
19669	469	3	xã	Triệu Ái
19672	469	3	xã	Triệu Thượng
19675	469	3	xã	Triệu Giang
19678	469	3	xã	Triệu Thành
470	45	2	huyện	Hải Lăng
19681	470	3	thị trấn	Diên Sanh
19684	470	3	xã	Hải An
19687	470	3	xã	Hải Bình
19693	470	3	xã	Hải Quy
19699	470	3	xã	Hải Hưng
19702	470	3	xã	Hải Phú
19708	470	3	xã	Hải Thượng
19711	470	3	xã	Hải Dương
19714	470	3	xã	Hải Định
19717	470	3	xã	Hải Lâm
19726	470	3	xã	Hải Phong
19729	470	3	xã	Hải Trường
19735	470	3	xã	Hải Sơn
19738	470	3	xã	Hải Chánh
19741	470	3	xã	Hải Khê
471	45	2	huyện	Cồn Cỏ
46		1	thành phố	Huế
474	46	2	quận	Thuận Hóa
19777	474	3	phường	Vỹ Dạ
19780	474	3	phường	Phường Đúc
19783	474	3	phường	Vĩnh Ninh
19786	474	3	phường	Phú Hội
19789	474	3	phường	Phú Nhuận
19792	474	3	phường	Xuân Phú
19795	474	3	phường	Trường An
19798	474	3	phường	Phước Vĩnh
19801	474	3	phường	An Cựu
19807	474	3	phường	Thuỷ Biều
19813	474	3	phường	Thuỷ Xuân
19815	474	3	phường	An Đông
19816	474	3	phường	An Tây
19900	474	3	phường	Thuận An
19909	474	3	phường	Dương Nỗ
19930	474	3	phường	Phú Thượng
19963	474	3	phường	Thủy Vân
19981	474	3	phường	Thủy Bằng
20002	474	3	phường	Hương Phong
475	46	2	quận	Phú Xuân
19750	475	3	phường	Tây Lộc
19753	475	3	phường	Thuận Lộc
19756	475	3	phường	Gia Hội
19759	475	3	phường	Phú Hậu
19762	475	3	phường	Thuận Hòa
19768	475	3	phường	Đông Ba
19774	475	3	phường	Kim Long
19803	475	3	phường	An Hòa
19804	475	3	phường	Hương Sơ
19810	475	3	phường	Hương Long
20014	475	3	phường	Hương Vinh
20023	475	3	phường	Hương An
20029	475	3	phường	Long Hồ
476	46	2	thị xã	Phong Điền
19819	476	3	phường	Phong Thu
19825	476	3	xã	Phong Thạnh
19828	476	3	phường	Phong Phú
19831	476	3	xã	Phong Bình
19837	476	3	xã	Phong Chương
19843	476	3	phường	Phong Hải
19846	476	3	phường	Phong Hòa
19852	476	3	phường	Phong Hiền
19855	476	3	xã	Phong Mỹ
19858	476	3	phường	Phong An
19861	476	3	xã	Phong Xuân
19864	476	3	xã	Phong Sơn
477	46	2	huyện	Quảng Điền
19867	477	3	thị trấn	Sịa
19870	477	3	xã	Quảng Thái
19873	477	3	xã	Quảng Ngạn
19876	477	3	xã	Quảng Lợi
19879	477	3	xã	Quảng Công
19882	477	3	xã	Quảng Phước
19885	477	3	xã	Quảng Vinh
19888	477	3	xã	Quảng An
19891	477	3	xã	Quảng Thành
19894	477	3	xã	Quảng Thọ
19897	477	3	xã	Quảng Phú
478	46	2	huyện	Phú Vang
19903	478	3	xã	Phú Thuận
19912	478	3	xã	Phú An
19915	478	3	xã	Phú Hải
19918	478	3	xã	Phú Xuân
19921	478	3	xã	Phú Diên
19927	478	3	xã	Phú Mỹ
19933	478	3	xã	Phú Hồ
19936	478	3	xã	Vinh Xuân
19939	478	3	xã	Phú Lương
19942	478	3	thị trấn	Phú Đa
19945	478	3	xã	Vinh Thanh
19948	478	3	xã	Vinh An
19954	478	3	xã	Phú Gia
19957	478	3	xã	Vinh Hà
479	46	2	thị xã	Hương Thủy
19960	479	3	phường	Phú Bài
19966	479	3	xã	Thủy Thanh
19969	479	3	phường	Thủy Dương
19972	479	3	phường	Thủy Phương
19975	479	3	phường	Thủy Châu
19978	479	3	phường	Thủy Lương
19984	479	3	xã	Thủy Tân
19987	479	3	xã	Thủy Phù
19990	479	3	xã	Phú Sơn
19993	479	3	xã	Dương Hòa
480	46	2	thị xã	Hương Trà
19996	480	3	phường	Tứ Hạ
20005	480	3	xã	Hương Toàn
20008	480	3	phường	Hương Vân
20011	480	3	phường	Hương Văn
20017	480	3	phường	Hương Xuân
20020	480	3	phường	Hương Chữ
20026	480	3	xã	Hương Bình
20035	480	3	xã	Bình Tiến
20041	480	3	xã	Bình Thành
481	46	2	huyện	A Lưới
20044	481	3	thị trấn	A Lưới
20047	481	3	xã	Hồng Vân
20050	481	3	xã	Hồng Hạ
20053	481	3	xã	Hồng Kim
20056	481	3	xã	Trung Sơn
20059	481	3	xã	Hương Nguyên
20065	481	3	xã	Hồng Bắc
20068	481	3	xã	A Ngo
20071	481	3	xã	Sơn Thủy
20074	481	3	xã	Phú Vinh
20080	481	3	xã	Hương Phong
20083	481	3	xã	Quảng Nhâm
20086	481	3	xã	Hồng Thượng
20089	481	3	xã	Hồng Thái
20095	481	3	xã	A Roàng
20098	481	3	xã	Đông Sơn
20101	481	3	xã	Lâm Đớt
20104	481	3	xã	Hồng Thủy
482	46	2	huyện	Phú Lộc
20107	482	3	thị trấn	Phú Lộc
20110	482	3	thị trấn	Lăng Cô
20113	482	3	xã	Vinh Mỹ
20116	482	3	xã	Vinh Hưng
20122	482	3	xã	Giang Hải
20125	482	3	xã	Vinh Hiền
20128	482	3	xã	Lộc Bổn
20131	482	3	thị trấn	Lộc Sơn
20134	482	3	xã	Lộc Bình
20137	482	3	xã	Lộc Vĩnh
20140	482	3	xã	Lộc An
20143	482	3	xã	Lộc Điền
20146	482	3	xã	Lộc Thủy
20149	482	3	xã	Lộc Trì
20152	482	3	xã	Lộc Tiến
20155	482	3	xã	Lộc Hòa
20158	482	3	xã	Xuân Lộc
20161	482	3	thị trấn	Khe Tre
20164	482	3	xã	Hương Phú
20167	482	3	xã	Hương Sơn
20170	482	3	xã	Hương Lộc
20173	482	3	xã	Thượng Quảng
20176	482	3	xã	Hương Hòa
20179	482	3	xã	Hương Xuân
20182	482	3	xã	Hương Hữu
20185	482	3	xã	Thượng Lộ
20188	482	3	xã	Thượng Long
20191	482	3	xã	Thượng Nhật
48		1	thành phố	Đà Nẵng
490	48	2	quận	Liên Chiểu
20194	490	3	phường	Hòa Hiệp Bắc
20195	490	3	phường	Hòa Hiệp Nam
20197	490	3	phường	Hòa Khánh Bắc
20198	490	3	phường	Hòa Khánh Nam
20200	490	3	phường	Hòa Minh
491	48	2	quận	Thanh Khê
20206	491	3	phường	Thanh Khê Tây
20207	491	3	phường	Thanh Khê Đông
20209	491	3	phường	Xuân Hà
20215	491	3	phường	Chính Gián
20218	491	3	phường	Thạc Gián
20224	491	3	phường	An Khê
492	48	2	quận	Hải Châu
20227	492	3	phường	Thanh Bình
20230	492	3	phường	Thuận Phước
20233	492	3	phường	Thạch Thang
20236	492	3	phường	Hải Châu
20242	492	3	phường	Phước Ninh
20245	492	3	phường	Hòa Thuận Tây
20254	492	3	phường	Bình Thuận
20257	492	3	phường	Hòa Cường Bắc
20258	492	3	phường	Hòa Cường Nam
493	48	2	quận	Sơn Trà
20263	493	3	phường	Thọ Quang
20266	493	3	phường	Nại Hiên Đông
20269	493	3	phường	Mân Thái
20272	493	3	phường	An Hải Bắc
20275	493	3	phường	Phước Mỹ
20278	493	3	phường	An Hải Nam
494	48	2	quận	Ngũ Hành Sơn
20284	494	3	phường	Mỹ An
20285	494	3	phường	Khuê Mỹ
20287	494	3	phường	Hoà Quý
20290	494	3	phường	Hoà Hải
495	48	2	quận	Cẩm Lệ
20260	495	3	phường	Khuê Trung
20305	495	3	phường	Hòa Phát
20306	495	3	phường	Hòa An
20311	495	3	phường	Hòa Thọ Tây
20312	495	3	phường	Hòa Thọ Đông
20314	495	3	phường	Hòa Xuân
497	48	2	huyện	Hòa Vang
20293	497	3	xã	Hòa Bắc
20296	497	3	xã	Hòa Liên
20299	497	3	xã	Hòa Ninh
20302	497	3	xã	Hòa Sơn
20308	497	3	xã	Hòa Nhơn
20317	497	3	xã	Hòa Phú
20320	497	3	xã	Hòa Phong
20323	497	3	xã	Hòa Châu
20326	497	3	xã	Hòa Tiến
20329	497	3	xã	Hòa Phước
20332	497	3	xã	Hòa Khương
498	48	2	huyện	Hoàng Sa
49		1	tỉnh	Quảng Nam
502	49	2	thành phố	Tam Kỳ
20335	502	3	phường	Tân Thạnh
20341	502	3	phường	An Mỹ
20344	502	3	phường	Hòa Hương
20347	502	3	phường	An Xuân
20350	502	3	phường	An Sơn
20353	502	3	phường	Trường Xuân
20356	502	3	phường	An Phú
20359	502	3	xã	Tam Thanh
20362	502	3	xã	Tam Thăng
20371	502	3	xã	Tam Phú
20375	502	3	phường	Hoà Thuận
20389	502	3	xã	Tam Ngọc
503	49	2	thành phố	Hội An
20398	503	3	phường	Minh An
20401	503	3	phường	Tân An
20404	503	3	phường	Cẩm Phô
20407	503	3	phường	Thanh Hà
20410	503	3	phường	Sơn Phong
20413	503	3	phường	Cẩm Châu
20416	503	3	phường	Cửa Đại
20419	503	3	phường	Cẩm An
20422	503	3	xã	Cẩm Hà
20425	503	3	xã	Cẩm Kim
20428	503	3	phường	Cẩm Nam
20431	503	3	xã	Cẩm Thanh
20434	503	3	xã	Tân Hiệp
504	49	2	huyện	Tây Giang
20437	504	3	xã	Ch'ơm
20440	504	3	xã	Ga Ri
20443	504	3	xã	A Xan
20446	504	3	xã	Tr'Hy
20449	504	3	xã	Lăng
20452	504	3	xã	A Nông
20455	504	3	xã	A Tiêng
20458	504	3	xã	Bha Lê
20461	504	3	xã	A Vương
20464	504	3	xã	Dang
505	49	2	huyện	Đông Giang
20467	505	3	thị trấn	P Rao
20470	505	3	xã	Tà Lu
20473	505	3	xã	Sông Kôn
20476	505	3	xã	Jơ Ngây
20479	505	3	xã	A Ting
20482	505	3	xã	 Tư
20485	505	3	xã	Ba
20488	505	3	xã	A Rooi
20491	505	3	xã	Za Hung
20494	505	3	xã	Mà Cooi
20497	505	3	xã	Ka Dăng
506	49	2	huyện	Đại Lộc
20500	506	3	thị trấn	Ái Nghĩa
20503	506	3	xã	Đại Sơn
20506	506	3	xã	Đại Lãnh
20509	506	3	xã	Đại Hưng
20512	506	3	xã	Đại Hồng
20515	506	3	xã	Đại Đồng
20518	506	3	xã	Đại Quang
20521	506	3	xã	Đại Nghĩa
20524	506	3	xã	Đại Hiệp
20527	506	3	xã	Đại Thạnh
20530	506	3	xã	Đại Chánh
20533	506	3	xã	Đại Tân
20536	506	3	xã	Đại Phong
20539	506	3	xã	Đại Minh
20542	506	3	xã	Đại Thắng
20545	506	3	xã	Đại Cường
20547	506	3	xã	Đại An
20548	506	3	xã	Đại Hòa
507	49	2	thị xã	Điện Bàn
20551	507	3	phường	Vĩnh Điện
20554	507	3	xã	Điện Tiến
20557	507	3	xã	Điện Hòa
20560	507	3	phường	Điện Thắng Bắc
20561	507	3	phường	Điện Thắng Trung
20562	507	3	phường	Điện Thắng Nam
20563	507	3	phường	Điện Ngọc
20566	507	3	xã	Điện Hồng
20569	507	3	xã	Điện Thọ
20572	507	3	xã	Điện Phước
20575	507	3	phường	Điện An
20578	507	3	phường	Điện Nam Bắc
20579	507	3	phường	Điện Nam Trung
20580	507	3	phường	Điện Nam Đông
20581	507	3	phường	Điện Dương
20584	507	3	xã	Điện Quang
20587	507	3	xã	Điện Trung
20590	507	3	xã	Điện Phong
20593	507	3	phường	Điện Minh
20596	507	3	phường	Điện Phương
508	49	2	huyện	Duy Xuyên
20599	508	3	thị trấn	Nam Phước
20605	508	3	xã	Duy Phú
20608	508	3	xã	Duy Tân
20611	508	3	xã	Duy Hòa
20614	508	3	xã	Duy Châu
20617	508	3	xã	Duy Trinh
20620	508	3	xã	Duy Sơn
20623	508	3	xã	Duy Trung
20626	508	3	xã	Duy Phước
20629	508	3	xã	Duy Thành
20632	508	3	xã	Duy Vinh
20635	508	3	xã	Duy Nghĩa
20638	508	3	xã	Duy Hải
509	49	2	huyện	Quế Sơn
20641	509	3	thị trấn	Đông Phú
20644	509	3	xã	Quế Xuân 1
20647	509	3	xã	Quế Xuân 2
20650	509	3	xã	Quế Phú
20651	509	3	thị trấn	Hương An
20656	509	3	thị trấn	Trung Phước
20659	509	3	xã	Quế Hiệp
20662	509	3	xã	Quế Thuận
20665	509	3	xã	Quế Mỹ
20668	509	3	xã	Ninh Phước
20669	509	3	xã	Phước Ninh
20671	509	3	xã	Quế Lộc
20674	509	3	xã	Quế Phước
20677	509	3	xã	Quế Long
20680	509	3	xã	Quế Châu
20683	509	3	xã	Quế Phong
20686	509	3	xã	Quế An
20689	509	3	xã	Quế Minh
20692	509	3	xã	Quế Lâm
510	49	2	huyện	Nam Giang
20695	510	3	thị trấn	Thạnh Mỹ
20698	510	3	xã	Laêê
20699	510	3	xã	Chơ Chun
20701	510	3	xã	Zuôich
20702	510	3	xã	Tà Pơơ
20704	510	3	xã	La Dêê
20705	510	3	xã	Đắc Tôi
20707	510	3	xã	Chà Vàl
20710	510	3	xã	Tà Bhinh
20713	510	3	xã	Cà Dy
20716	510	3	xã	Đắc Pre
20719	510	3	xã	Đắc Pring
511	49	2	huyện	Phước Sơn
20722	511	3	thị trấn	Khâm Đức
20725	511	3	xã	Phước Xuân
20728	511	3	xã	Phước Hiệp
20729	511	3	xã	Phước Hoà
20731	511	3	xã	Phước Đức
20734	511	3	xã	Phước Năng
20737	511	3	xã	Phước Mỹ
20740	511	3	xã	Phước Chánh
20743	511	3	xã	Phước Công
20746	511	3	xã	Phước Kim
20749	511	3	xã	Phước Lộc
20752	511	3	xã	Phước Thành
512	49	2	huyện	Hiệp Đức
20758	512	3	xã	Quế Tân
20764	512	3	xã	Quế Thọ
20767	512	3	xã	Bình Lâm
20770	512	3	xã	Sông Trà
20773	512	3	xã	Phước Trà
20776	512	3	xã	Phước Gia
20779	512	3	thị trấn	Tân Bình
20782	512	3	xã	Quế Lưu
20785	512	3	xã	Thăng Phước
20788	512	3	xã	Bình Sơn
513	49	2	huyện	Thăng Bình
20791	513	3	thị trấn	Hà Lam
20794	513	3	xã	Bình Dương
20797	513	3	xã	Bình Giang
20800	513	3	xã	Bình Nguyên
20803	513	3	xã	Bình Phục
20806	513	3	xã	Bình Triều
20809	513	3	xã	Bình Đào
20812	513	3	xã	Bình Minh
20815	513	3	xã	Bình Lãnh
20818	513	3	xã	Bình Trị
20821	513	3	xã	Bình Định
20824	513	3	xã	Bình Quý
20827	513	3	xã	Bình Phú
20833	513	3	xã	Bình Tú
20836	513	3	xã	Bình Sa
20839	513	3	xã	Bình Hải
20842	513	3	xã	Bình Quế
20845	513	3	xã	Bình An
20848	513	3	xã	Bình Trung
20851	513	3	xã	Bình Nam
514	49	2	huyện	Tiên Phước
20854	514	3	thị trấn	Tiên Kỳ
20857	514	3	xã	Tiên Sơn
20860	514	3	xã	Tiên Hà
20866	514	3	xã	Tiên Châu
20869	514	3	xã	Tiên Lãnh
20872	514	3	xã	Tiên Ngọc
20875	514	3	xã	Tiên Hiệp
20878	514	3	xã	Tiên Cảnh
20881	514	3	xã	Tiên Mỹ
20884	514	3	xã	Tiên Phong
20887	514	3	xã	Tiên Thọ
20890	514	3	xã	Tiên An
20893	514	3	xã	Tiên Lộc
20896	514	3	xã	Tiên Lập
515	49	2	huyện	Bắc Trà My
20899	515	3	thị trấn	Trà My
20900	515	3	xã	Trà Sơn
20902	515	3	xã	Trà Kót
20905	515	3	xã	Trà Nú
20908	515	3	xã	Trà Đông
20911	515	3	xã	Trà Dương
20914	515	3	xã	Trà Giang
20917	515	3	xã	Trà Bui
20920	515	3	xã	Trà Đốc
20923	515	3	xã	Trà Tân
20926	515	3	xã	Trà Giác
20929	515	3	xã	Trà Giáp
20932	515	3	xã	Trà Ka
516	49	2	huyện	Nam Trà My
20935	516	3	xã	Trà Leng
20938	516	3	xã	Trà Dơn
20941	516	3	xã	Trà Tập
20944	516	3	xã	Trà Mai
20947	516	3	xã	Trà Cang
20950	516	3	xã	Trà Linh
20953	516	3	xã	Trà Nam
20956	516	3	xã	Trà Don
20959	516	3	xã	Trà Vân
20962	516	3	xã	Trà Vinh
517	49	2	huyện	Núi Thành
20965	517	3	thị trấn	Núi Thành
20968	517	3	xã	Tam Xuân I
20971	517	3	xã	Tam Xuân II
20974	517	3	xã	Tam Tiến
20977	517	3	xã	Tam Sơn
20980	517	3	xã	Tam Thạnh
20983	517	3	xã	Tam Anh Bắc
20984	517	3	xã	Tam Anh Nam
20986	517	3	xã	Tam Hòa
20989	517	3	xã	Tam Hiệp
20992	517	3	xã	Tam Hải
20995	517	3	xã	Tam Giang
20998	517	3	xã	Tam Quang
21001	517	3	xã	Tam Nghĩa
21004	517	3	xã	Tam Mỹ Tây
21005	517	3	xã	Tam Mỹ Đông
21007	517	3	xã	Tam Trà
518	49	2	huyện	Phú Ninh
20364	518	3	thị trấn	Phú Thịnh
20365	518	3	xã	Tam Thành
20368	518	3	xã	Tam An
20374	518	3	xã	Tam Đàn
20377	518	3	xã	Tam Lộc
20380	518	3	xã	Tam Phước
20386	518	3	xã	Tam Thái
20387	518	3	xã	Tam Đại
20392	518	3	xã	Tam Dân
20395	518	3	xã	Tam Lãnh
51		1	tỉnh	Quảng Ngãi
522	51	2	thành phố	Quảng Ngãi
21010	522	3	phường	Lê Hồng Phong
21013	522	3	phường	Trần Phú
21016	522	3	phường	Quảng Phú
21019	522	3	phường	Nghĩa Chánh
21022	522	3	phường	Trần Hưng Đạo
21025	522	3	phường	Nguyễn Nghiêm
21028	522	3	phường	Nghĩa Lộ
21031	522	3	phường	Chánh Lộ
21034	522	3	xã	Nghĩa Dũng
21037	522	3	xã	Nghĩa Dõng
21172	522	3	phường	Trương Quang Trọng
21187	522	3	xã	Tịnh Hòa
21190	522	3	xã	Tịnh Kỳ
21199	522	3	xã	Tịnh Thiện
21202	522	3	xã	Tịnh Ấn Đông
21208	522	3	xã	Tịnh Châu
21211	522	3	xã	Tịnh Khê
21214	522	3	xã	Tịnh Long
21223	522	3	xã	Tịnh Ấn Tây
21232	522	3	xã	Tịnh An
21256	522	3	xã	Nghĩa Hà
21262	522	3	xã	An Phú
524	51	2	huyện	Bình Sơn
21040	524	3	thị trấn	Châu Ổ
21043	524	3	xã	Bình Thuận
21046	524	3	xã	Bình Thạnh
21049	524	3	xã	Bình Đông
21052	524	3	xã	Bình Chánh
21055	524	3	xã	Bình Nguyên
21058	524	3	xã	Bình Khương
21061	524	3	xã	Bình Trị
21064	524	3	xã	Bình An
21067	524	3	xã	Bình Hải
21070	524	3	xã	Bình Dương
21073	524	3	xã	Bình Phước
21079	524	3	xã	Bình Hòa
21082	524	3	xã	Bình Trung
21085	524	3	xã	Bình Minh
21088	524	3	xã	Bình Long
21091	524	3	xã	Bình Thanh 
21100	524	3	xã	Bình Chương
21103	524	3	xã	Bình Hiệp
21106	524	3	xã	Bình Mỹ
21109	524	3	xã	Bình Tân Phú
21112	524	3	xã	Bình Châu
525	51	2	huyện	Trà Bồng
21115	525	3	thị trấn	Trà Xuân
21118	525	3	xã	Trà Giang
21121	525	3	xã	Trà Thủy
21124	525	3	xã	Trà Hiệp
21127	525	3	xã	Trà Bình
21130	525	3	xã	Trà Phú
21133	525	3	xã	Trà Lâm
21136	525	3	xã	Trà Tân
21139	525	3	xã	Trà Sơn
21142	525	3	xã	Trà Bùi
21145	525	3	xã	Trà Thanh
21148	525	3	xã	Sơn Trà
21154	525	3	xã	Trà Phong
21157	525	3	xã	Hương Trà
21163	525	3	xã	Trà Xinh
21166	525	3	xã	Trà Tây
527	51	2	huyện	Sơn Tịnh
21175	527	3	xã	Tịnh Thọ
21178	527	3	xã	Tịnh Trà
21181	527	3	xã	Tịnh Phong
21184	527	3	xã	Tịnh Hiệp
21193	527	3	xã	Tịnh Bình
21196	527	3	xã	Tịnh Đông
21205	527	3	xã	Tịnh Bắc
21217	527	3	xã	Tịnh Sơn
21220	527	3	thị trấn	Tịnh Hà
21226	527	3	xã	Tịnh Giang
21229	527	3	xã	Tịnh Minh
528	51	2	huyện	Tư Nghĩa
21235	528	3	thị trấn	La Hà
21238	528	3	thị trấn	Sông Vệ
21241	528	3	xã	Nghĩa Lâm
21244	528	3	xã	Nghĩa Thắng
21247	528	3	xã	Nghĩa Thuận
21250	528	3	xã	Nghĩa Kỳ
21259	528	3	xã	Nghĩa Sơn
21268	528	3	xã	Nghĩa Hòa
21271	528	3	xã	Nghĩa Điền
21274	528	3	xã	Nghĩa Thương
21277	528	3	xã	Nghĩa Trung
21280	528	3	xã	Nghĩa Hiệp
21283	528	3	xã	Nghĩa Phương
529	51	2	huyện	Sơn Hà
21289	529	3	thị trấn	Di Lăng
21292	529	3	xã	Sơn Hạ
21295	529	3	xã	Sơn Thành
21298	529	3	xã	Sơn Nham
21301	529	3	xã	Sơn Bao
21304	529	3	xã	Sơn Linh
21307	529	3	xã	Sơn Giang
21310	529	3	xã	Sơn Trung
21313	529	3	xã	Sơn Thượng
21316	529	3	xã	Sơn Cao
21319	529	3	xã	Sơn Hải
21322	529	3	xã	Sơn Thủy
21325	529	3	xã	Sơn Kỳ
21328	529	3	xã	Sơn Ba
530	51	2	huyện	Sơn Tây
21331	530	3	xã	Sơn Bua
21334	530	3	xã	Sơn Mùa
21335	530	3	xã	Sơn Liên
21337	530	3	xã	Sơn Tân
21338	530	3	xã	Sơn Màu
21340	530	3	xã	Sơn Dung
21341	530	3	xã	Sơn Long
21343	530	3	xã	Sơn Tinh
21346	530	3	xã	Sơn Lập
531	51	2	huyện	Minh Long
21349	531	3	xã	Long Sơn
21352	531	3	xã	Long Mai
21355	531	3	xã	Thanh An
21358	531	3	xã	Long Môn
21361	531	3	xã	Long Hiệp
532	51	2	huyện	Nghĩa Hành
21364	532	3	thị trấn	Chợ Chùa
21367	532	3	xã	Hành Thuận
21370	532	3	xã	Hành Dũng
21373	532	3	xã	Hành Trung
21376	532	3	xã	Hành Nhân
21379	532	3	xã	Hành Đức
21382	532	3	xã	Hành Minh
21385	532	3	xã	Hành Phước
21388	532	3	xã	Hành Thiện
21391	532	3	xã	Hành Thịnh
21394	532	3	xã	Hành Tín Tây
21397	532	3	xã	Hành Tín  Đông
533	51	2	huyện	Mộ Đức
21400	533	3	thị trấn	Mộ Đức
21406	533	3	xã	Thắng Lợi
21409	533	3	xã	Đức Nhuận
21412	533	3	xã	Đức Chánh
21415	533	3	xã	Đức Hiệp
21418	533	3	xã	Đức Minh
21421	533	3	xã	Đức Thạnh
21424	533	3	xã	Đức Hòa
21427	533	3	xã	Đức Tân
21430	533	3	xã	Đức Phú
21433	533	3	xã	Đức Phong
21436	533	3	xã	Đức Lân
534	51	2	thị xã	Đức Phổ
21439	534	3	phường	Nguyễn Nghiêm
21442	534	3	xã	Phổ An
21445	534	3	xã	Phổ Phong
21448	534	3	xã	Phổ Thuận
21451	534	3	phường	Phổ Văn
21454	534	3	phường	Phổ Quang
21457	534	3	xã	Phổ Nhơn
21460	534	3	phường	Phổ Ninh
21463	534	3	phường	Phổ Minh
21466	534	3	phường	Phổ Vinh
21469	534	3	phường	Phổ Hòa
21472	534	3	xã	Phổ Cường
21475	534	3	xã	Phổ Khánh
21478	534	3	phường	Phổ Thạnh
21481	534	3	xã	Phổ Châu
535	51	2	huyện	Ba Tơ
21484	535	3	thị trấn	Ba Tơ
21487	535	3	xã	Ba Điền
21490	535	3	xã	Ba Vinh
21493	535	3	xã	Ba Thành
21496	535	3	xã	Ba Động
21499	535	3	xã	Ba Dinh
21500	535	3	xã	Ba Giang
21502	535	3	xã	Ba Liên
21505	535	3	xã	Ba Ngạc
21508	535	3	xã	Ba Khâm
21511	535	3	xã	Ba Cung
21517	535	3	xã	Ba Tiêu
21520	535	3	xã	Ba Trang
21523	535	3	xã	Ba Tô
21526	535	3	xã	Ba Bích
21529	535	3	xã	Ba Vì
21532	535	3	xã	Ba Lế
21535	535	3	xã	Ba Nam
21538	535	3	xã	Ba Xa
536	51	2	huyện	Lý Sơn
52		1	tỉnh	Bình Định
540	52	2	thành phố	Quy Nhơn
21550	540	3	phường	Nhơn Bình
21553	540	3	phường	Nhơn Phú
21556	540	3	phường	Đống Đa
21559	540	3	phường	Trần Quang Diệu
21562	540	3	phường	Hải Cảng
21565	540	3	phường	Quang Trung
21577	540	3	phường	Ngô Mây
21580	540	3	phường	Trần Phú
21583	540	3	phường	Thị Nại
21589	540	3	phường	Bùi Thị Xuân
21592	540	3	phường	Nguyễn Văn Cừ
21595	540	3	phường	Ghềnh Ráng
21598	540	3	xã	Nhơn Lý
21601	540	3	xã	Nhơn Hội
21604	540	3	xã	Nhơn Hải
21607	540	3	xã	Nhơn Châu
21991	540	3	xã	Phước Mỹ
542	52	2	huyện	An Lão
21609	542	3	thị trấn	An Lão
21610	542	3	xã	An Hưng
21613	542	3	xã	An Trung
21616	542	3	xã	An Dũng
21619	542	3	xã	An Vinh
21622	542	3	xã	An Toàn
21625	542	3	xã	An Tân
21628	542	3	xã	An Hòa
21631	542	3	xã	An Quang
21634	542	3	xã	An Nghĩa
543	52	2	thị xã	Hoài Nhơn
21637	543	3	phường	Tam Quan
21640	543	3	phường	Bồng Sơn
21643	543	3	xã	Hoài Sơn
21646	543	3	xã	Hoài Châu Bắc
21649	543	3	xã	Hoài Châu
21652	543	3	xã	Hoài Phú
21655	543	3	phường	Tam Quan Bắc
21658	543	3	phường	Tam Quan Nam
21661	543	3	phường	Hoài Hảo
21664	543	3	phường	Hoài Thanh Tây
21667	543	3	phường	Hoài Thanh
21670	543	3	phường	Hoài Hương
21673	543	3	phường	Hoài Tân
21676	543	3	xã	Hoài Hải
21679	543	3	phường	Hoài Xuân
21682	543	3	xã	Hoài Mỹ
21685	543	3	phường	Hoài Đức
544	52	2	huyện	Hoài Ân
21688	544	3	thị trấn	Tăng Bạt Hổ
21690	544	3	xã	Ân Hảo Tây
21691	544	3	xã	Ân Hảo Đông
21694	544	3	xã	Ân Sơn
21697	544	3	xã	Ân Mỹ
21700	544	3	xã	Đak Mang
21703	544	3	xã	Ân Tín
21706	544	3	xã	Ân Thạnh
21709	544	3	xã	Ân Phong
21712	544	3	xã	Ân Đức
21715	544	3	xã	Ân Hữu
21718	544	3	xã	Bok Tới
21721	544	3	xã	Ân Tường Tây
21724	544	3	xã	Ân Tường Đông
21727	544	3	xã	Ân Nghĩa
545	52	2	huyện	Phù Mỹ
21730	545	3	thị trấn	Phù Mỹ
21733	545	3	thị trấn	Bình Dương
21736	545	3	xã	Mỹ Đức
21739	545	3	xã	Mỹ Châu
21742	545	3	xã	Mỹ Thắng
21745	545	3	xã	Mỹ Lộc
21748	545	3	xã	Mỹ Lợi
21751	545	3	xã	Mỹ An
21754	545	3	xã	Mỹ Phong
21757	545	3	xã	Mỹ Trinh
21760	545	3	xã	Mỹ Thọ
21763	545	3	xã	Mỹ Hòa
21766	545	3	xã	Mỹ Thành
21769	545	3	xã	Mỹ Chánh
21772	545	3	xã	Mỹ Quang
21775	545	3	xã	Mỹ Hiệp
21778	545	3	xã	Mỹ Tài
21781	545	3	xã	Mỹ Cát
21784	545	3	xã	Mỹ Chánh Tây
546	52	2	huyện	Vĩnh Thạnh
21786	546	3	thị trấn	Vĩnh Thạnh
21787	546	3	xã	Vĩnh Sơn
21790	546	3	xã	Vĩnh Kim
21796	546	3	xã	Vĩnh Hiệp
21799	546	3	xã	Vĩnh Hảo
21801	546	3	xã	Vĩnh Hòa
21802	546	3	xã	Vĩnh Thịnh
21804	546	3	xã	Vĩnh Thuận
21805	546	3	xã	Vĩnh Quang
547	52	2	huyện	Tây Sơn
21808	547	3	thị trấn	Phú Phong
21811	547	3	xã	Bình Tân
21814	547	3	xã	Tây Thuận
21817	547	3	xã	Bình Thuận
21820	547	3	xã	Tây Giang
21823	547	3	xã	Bình Thành
21826	547	3	xã	Tây An
21829	547	3	xã	Bình Hòa
21832	547	3	xã	Tây Bình
21835	547	3	xã	Bình Tường
21838	547	3	xã	Tây Vinh
21841	547	3	xã	Vĩnh An
21844	547	3	xã	Tây Xuân
21847	547	3	xã	Bình Nghi
21850	547	3	xã	Tây Phú
548	52	2	huyện	Phù Cát
21853	548	3	thị trấn	Ngô Mây
21856	548	3	xã	Cát Sơn
21859	548	3	xã	Cát Minh
21862	548	3	thị trấn	Cát Khánh
21865	548	3	xã	Cát Tài
21868	548	3	xã	Cát Lâm
21871	548	3	xã	Cát Hanh
21874	548	3	xã	Cát Thành
21877	548	3	xã	Cát Trinh
21880	548	3	xã	Cát Hải
21883	548	3	xã	Cát Hiệp
21886	548	3	xã	Cát Nhơn
21889	548	3	xã	Cát Hưng
21892	548	3	xã	Cát Tường
21895	548	3	xã	Cát Tân
21898	548	3	thị trấn	Cát Tiến
21901	548	3	xã	Cát Thắng
21904	548	3	xã	Cát Chánh
549	52	2	thị xã	An Nhơn
21907	549	3	phường	Bình Định
21910	549	3	phường	Đập Đá
21913	549	3	xã	Nhơn Mỹ
21916	549	3	phường	Nhơn Thành
21919	549	3	xã	Nhơn Hạnh
21922	549	3	xã	Nhơn Hậu
21925	549	3	xã	Nhơn Phong
21928	549	3	xã	Nhơn An
21931	549	3	xã	Nhơn Phúc
21934	549	3	phường	Nhơn Hưng
21937	549	3	xã	Nhơn Khánh
21940	549	3	xã	Nhơn Lộc
21943	549	3	phường	Nhơn Hoà
21946	549	3	xã	Nhơn Tân
21949	549	3	xã	Nhơn Thọ
550	52	2	huyện	Tuy Phước
21952	550	3	thị trấn	Tuy Phước
21955	550	3	thị trấn	Diêu Trì
21958	550	3	xã	Phước Thắng
21961	550	3	xã	Phước Hưng
21964	550	3	xã	Phước Quang
21967	550	3	xã	Phước Hòa
21970	550	3	xã	Phước Sơn
21973	550	3	xã	Phước Hiệp
21976	550	3	xã	Phước Lộc
21979	550	3	xã	Phước Nghĩa
21982	550	3	xã	Phước Thuận
21985	550	3	xã	Phước An
21988	550	3	xã	Phước Thành
551	52	2	huyện	Vân Canh
21994	551	3	thị trấn	Vân Canh
21997	551	3	xã	Canh Liên
22000	551	3	xã	Canh Hiệp
22003	551	3	xã	Canh Vinh
22006	551	3	xã	Canh Hiển
22009	551	3	xã	Canh Thuận
22012	551	3	xã	Canh Hòa
54		1	tỉnh	Phú Yên
555	54	2	thành phố	Tuy Hoà
22015	555	3	phường	1
22018	555	3	phường	2
22024	555	3	phường	9
22030	555	3	phường	4
22033	555	3	phường	5
22036	555	3	phường	7
22040	555	3	phường	Phú Thạnh
22041	555	3	phường	Phú Đông
22042	555	3	xã	Hòa Kiến
22045	555	3	xã	Bình Kiến
22162	555	3	xã	An Phú
22240	555	3	phường	Phú Lâm
557	54	2	thị xã	Sông Cầu
22051	557	3	phường	Xuân Phú
22052	557	3	xã	Xuân Lâm
22053	557	3	phường	Xuân Thành
22054	557	3	xã	Xuân Hải
22057	557	3	xã	Xuân Lộc
22060	557	3	xã	Xuân Bình
22066	557	3	xã	Xuân Cảnh
22069	557	3	xã	Xuân Thịnh
22072	557	3	xã	Xuân Phương
22073	557	3	phường	Xuân Yên
22075	557	3	xã	Xuân Thọ 1
22076	557	3	phường	Xuân Đài
22078	557	3	xã	Xuân Thọ 2
558	54	2	huyện	Đồng Xuân
22081	558	3	thị trấn	La Hai
22084	558	3	xã	Đa Lộc
22087	558	3	xã	Phú Mỡ
22090	558	3	xã	Xuân Lãnh
22093	558	3	xã	Xuân Long
22096	558	3	xã	Xuân Quang 1
22099	558	3	xã	Xuân Sơn Bắc
22102	558	3	xã	Xuân Quang 2
22105	558	3	xã	Xuân Sơn Nam
22108	558	3	xã	Xuân Quang 3
22111	558	3	xã	Xuân Phước
559	54	2	huyện	Tuy An
22114	559	3	thị trấn	Chí Thạnh
22117	559	3	xã	An Dân
22120	559	3	xã	An Ninh Tây
22123	559	3	xã	An Ninh Đông
22126	559	3	xã	An Thạch
22129	559	3	xã	An Định
22132	559	3	xã	An Nghiệp
22138	559	3	xã	An Cư
22141	559	3	xã	An Xuân
22144	559	3	xã	An Lĩnh
22147	559	3	xã	An Hòa Hải
22150	559	3	xã	An Hiệp
22153	559	3	xã	An Mỹ
22156	559	3	xã	An Chấn
22159	559	3	xã	An Thọ
560	54	2	huyện	Sơn Hòa
22165	560	3	thị trấn	Củng Sơn
22168	560	3	xã	Phước Tân
22171	560	3	xã	Sơn Hội
22174	560	3	xã	Sơn Định
22177	560	3	xã	Sơn Long
22180	560	3	xã	Cà Lúi
22183	560	3	xã	Sơn Phước
22186	560	3	xã	Sơn Xuân
22189	560	3	xã	Sơn Nguyên
22192	560	3	xã	Eachà Rang
22195	560	3	xã	Krông Pa
22198	560	3	xã	Suối Bạc
22201	560	3	xã	Sơn Hà
22204	560	3	xã	Suối Trai
561	54	2	huyện	Sông Hinh
22207	561	3	thị trấn	Hai Riêng
22210	561	3	xã	Ea Lâm
22213	561	3	xã	Đức Bình Tây
22216	561	3	xã	Ea Bá
22219	561	3	xã	Sơn Giang
22222	561	3	xã	Đức Bình Đông
22225	561	3	xã	EaBar
22228	561	3	xã	EaBia
22231	561	3	xã	EaTrol
22234	561	3	xã	Sông Hinh
22237	561	3	xã	Ealy
562	54	2	huyện	Tây Hoà
22249	562	3	xã	Sơn Thành Tây
22250	562	3	xã	Sơn Thành Đông
22252	562	3	xã	Hòa Bình 1
22255	562	3	thị trấn	Phú Thứ
22264	562	3	xã	Hòa Phong
22270	562	3	xã	Hòa Phú
22273	562	3	xã	Hòa Tân Tây
22276	562	3	xã	Hòa Đồng
22285	562	3	xã	Hòa Mỹ Đông
22288	562	3	xã	Hòa Mỹ Tây
22294	562	3	xã	Hòa Thịnh
563	54	2	huyện	Phú Hoà
22303	563	3	xã	Hòa Quang Bắc
22306	563	3	xã	Hòa Quang Nam
22309	563	3	xã	Hòa Hội
22312	563	3	xã	Hòa Trị
22315	563	3	xã	Hòa An
22318	563	3	xã	Hòa Định Đông
22319	563	3	thị trấn	Phú Hoà
22321	563	3	xã	Hòa Định Tây
22324	563	3	xã	Hòa Thắng
564	54	2	thị xã	Đông Hòa
22243	564	3	xã	Hòa Thành
22246	564	3	phường	Hòa Hiệp Bắc
22258	564	3	phường	Hoà Vinh
22261	564	3	phường	Hoà Hiệp Trung
22267	564	3	xã	Hòa Tân Đông
22279	564	3	phường	Hòa Xuân Tây
22282	564	3	phường	Hòa Hiệp Nam
22291	564	3	xã	Hòa Xuân Đông
22297	564	3	xã	Hòa Tâm
22300	564	3	xã	Hòa Xuân Nam
56		1	tỉnh	Khánh Hòa
568	56	2	thành phố	Nha Trang
22327	568	3	phường	Vĩnh Hòa
22330	568	3	phường	Vĩnh Hải
22333	568	3	phường	Vĩnh Phước
22336	568	3	phường	Ngọc Hiệp
22339	568	3	phường	Vĩnh Thọ
22348	568	3	phường	Vạn Thạnh
22351	568	3	phường	Phương Sài
22357	568	3	phường	Phước Hải
22363	568	3	phường	Lộc Thọ
22366	568	3	phường	Tân Tiến
22372	568	3	phường	Phước Hòa
22375	568	3	phường	Vĩnh Nguyên
22378	568	3	phường	Phước Long
22381	568	3	phường	Vĩnh Trường
22384	568	3	xã	Vĩnh Lương
22387	568	3	xã	Vĩnh Phương
22390	568	3	xã	Vĩnh Ngọc
22393	568	3	xã	Vĩnh Thạnh
22396	568	3	xã	Vĩnh Trung
22399	568	3	xã	Vĩnh Hiệp
22402	568	3	xã	Vĩnh Thái
22405	568	3	xã	Phước Đồng
569	56	2	thành phố	Cam Ranh
22408	569	3	phường	Cam Nghĩa
22411	569	3	phường	Cam Phúc Bắc
22414	569	3	phường	Cam Phúc Nam
22417	569	3	phường	Cam Lộc
22420	569	3	phường	Cam Phú
22423	569	3	phường	Ba Ngòi
22426	569	3	phường	Cam Thuận
22429	569	3	phường	Cam Lợi
22432	569	3	phường	Cam Linh
22468	569	3	xã	Cam Thành Nam
22474	569	3	xã	Cam Phước Đông
22477	569	3	xã	Cam Thịnh Tây
22480	569	3	xã	Cam Thịnh Đông
22483	569	3	xã	Cam Lập
22486	569	3	xã	Cam Bình
570	56	2	huyện	Cam Lâm
22435	570	3	xã	Cam Tân
22438	570	3	xã	Cam Hòa
22441	570	3	xã	Cam Hải Đông
22444	570	3	xã	Cam Hải Tây
22447	570	3	xã	Sơn Tân
22450	570	3	xã	Cam Hiệp Bắc
22453	570	3	thị trấn	Cam Đức
22456	570	3	xã	Cam Hiệp Nam
22459	570	3	xã	Cam Phước Tây
22462	570	3	xã	Cam Thành Bắc
22465	570	3	xã	Cam An Bắc
22471	570	3	xã	Cam An Nam
22708	570	3	xã	Suối Cát
22711	570	3	xã	Suối Tân
571	56	2	huyện	Vạn Ninh
22489	571	3	thị trấn	Vạn Giã
22492	571	3	xã	Đại Lãnh
22495	571	3	xã	Vạn Phước
22498	571	3	xã	Vạn Long
22501	571	3	xã	Vạn Bình
22504	571	3	xã	Vạn Thọ
22507	571	3	xã	Vạn Khánh
22510	571	3	xã	Vạn Phú
22513	571	3	xã	Vạn Lương
22516	571	3	xã	Vạn Thắng
22519	571	3	xã	Vạn Thạnh
22522	571	3	xã	Xuân Sơn
22525	571	3	xã	Vạn Hưng
572	56	2	thị xã	Ninh Hòa
22528	572	3	phường	Ninh Hiệp
22531	572	3	xã	Ninh Sơn
22534	572	3	xã	Ninh Tây
22537	572	3	xã	Ninh Thượng
22540	572	3	xã	Ninh An
22543	572	3	phường	Ninh Hải
22546	572	3	xã	Ninh Thọ
22549	572	3	xã	Ninh Trung
22552	572	3	xã	Ninh Sim
22555	572	3	xã	Ninh Xuân
22558	572	3	xã	Ninh Thân
22561	572	3	phường	Ninh Diêm
22564	572	3	xã	Ninh Đông
22567	572	3	phường	Ninh Thủy
22570	572	3	phường	Ninh Đa
22573	572	3	xã	Ninh Phụng
22576	572	3	xã	Ninh Bình
22582	572	3	xã	Ninh Phú
22585	572	3	xã	Ninh Tân
22588	572	3	xã	Ninh Quang
22591	572	3	phường	Ninh Giang
22594	572	3	phường	Ninh Hà
22597	572	3	xã	Ninh Hưng
22600	572	3	xã	Ninh Lộc
22603	572	3	xã	Ninh Ích
22606	572	3	xã	Ninh Phước
573	56	2	huyện	Khánh Vĩnh
22609	573	3	thị trấn	Khánh Vĩnh
22612	573	3	xã	Khánh Hiệp
22615	573	3	xã	Khánh Bình
22618	573	3	xã	Khánh Trung
22621	573	3	xã	Khánh Đông
22624	573	3	xã	Khánh Thượng
22627	573	3	xã	Khánh Nam
22630	573	3	xã	Sông Cầu
22633	573	3	xã	Giang Ly
22636	573	3	xã	Cầu Bà
22639	573	3	xã	Liên Sang
22642	573	3	xã	Khánh Thành
22645	573	3	xã	Khánh Phú
22648	573	3	xã	Sơn Thái
574	56	2	huyện	Diên Khánh
22651	574	3	thị trấn	Diên Khánh
22654	574	3	xã	Diên Lâm
22657	574	3	xã	Diên Điền
22660	574	3	xã	Xuân Đồng
22663	574	3	xã	Diên Sơn
22669	574	3	xã	Diên Phú
22672	574	3	xã	Diên Thọ
22675	574	3	xã	Diên Phước
22678	574	3	xã	Diên Lạc
22681	574	3	xã	Diên Tân
22684	574	3	xã	Diên Hòa
22687	574	3	xã	Diên Thạnh
22690	574	3	xã	Diên Toàn
22693	574	3	xã	Diên An
22696	574	3	xã	Bình Lộc
22702	574	3	xã	Suối Hiệp
22705	574	3	xã	Suối Tiên
575	56	2	huyện	Khánh Sơn
22714	575	3	thị trấn	Tô Hạp
22717	575	3	xã	Thành Sơn
22720	575	3	xã	Sơn Lâm
22723	575	3	xã	Sơn Hiệp
22726	575	3	xã	Sơn Bình
22729	575	3	xã	Sơn Trung
22732	575	3	xã	Ba Cụm Bắc
22735	575	3	xã	Ba Cụm Nam
576	56	2	huyện	Trường Sa
22736	576	3	thị trấn	Trường Sa
22737	576	3	xã	Song Tử Tây
22739	576	3	xã	Sinh Tồn
58		1	tỉnh	Ninh Thuận
582	58	2	thành phố	Phan Rang-Tháp Chàm
22738	582	3	phường	Đô Vinh
22741	582	3	phường	Phước Mỹ
22744	582	3	phường	Bảo An
22750	582	3	phường	Phủ Hà
22759	582	3	phường	Kinh Dinh
22762	582	3	phường	Đạo Long
22765	582	3	phường	Đài Sơn
22768	582	3	phường	Đông Hải
22771	582	3	phường	Mỹ Đông
22774	582	3	xã	Thành Hải
22777	582	3	phường	Văn Hải
22779	582	3	phường	Mỹ Bình
22780	582	3	phường	Mỹ Hải
584	58	2	huyện	Bác Ái
22783	584	3	xã	Phước Bình
22786	584	3	xã	Phước Hòa
22789	584	3	xã	Phước Tân
22792	584	3	xã	Phước Tiến
22795	584	3	xã	Phước Thắng
22798	584	3	xã	Phước Thành
22801	584	3	xã	Phước Đại
22804	584	3	xã	Phước Chính
22807	584	3	xã	Phước Trung
585	58	2	huyện	Ninh Sơn
22810	585	3	thị trấn	Tân Sơn
22813	585	3	xã	Lâm Sơn
22816	585	3	xã	Lương Sơn
22819	585	3	xã	Quảng Sơn
22822	585	3	xã	Mỹ Sơn
22825	585	3	xã	Hòa Sơn
22828	585	3	xã	Ma Nới
22831	585	3	xã	Nhơn Sơn
586	58	2	huyện	Ninh Hải
22834	586	3	thị trấn	Khánh Hải
22846	586	3	xã	Vĩnh Hải
22852	586	3	xã	Phương Hải
22855	586	3	xã	Tân Hải
22858	586	3	xã	Xuân Hải
22861	586	3	xã	Hộ Hải
22864	586	3	xã	Tri Hải
22867	586	3	xã	Nhơn Hải
22868	586	3	xã	Thanh Hải
587	58	2	huyện	Ninh Phước
22870	587	3	thị trấn	Phước Dân
22873	587	3	xã	Phước Sơn
22876	587	3	xã	Phước Thái
22879	587	3	xã	Phước Hậu
22882	587	3	xã	Phước Thuận
22888	587	3	xã	An Hải
22891	587	3	xã	Phước Hữu
22894	587	3	xã	Phước Hải
22912	587	3	xã	Phước Vinh
588	58	2	huyện	Thuận Bắc
22837	588	3	xã	Phước Chiến
22840	588	3	xã	Công Hải
22843	588	3	xã	Phước Kháng
22849	588	3	xã	Lợi Hải
22853	588	3	xã	Bắc Sơn
22856	588	3	xã	Bắc Phong
589	58	2	huyện	Thuận Nam
22885	589	3	xã	Phước Hà
22897	589	3	xã	Phước Nam
22898	589	3	xã	Phước Ninh
22900	589	3	xã	Nhị Hà
22903	589	3	xã	Phước Dinh
22906	589	3	xã	Phước Minh
22909	589	3	xã	Phước Diêm
22910	589	3	xã	Cà Ná
60		1	tỉnh	Bình Thuận
593	60	2	thành phố	Phan Thiết
22915	593	3	phường	Mũi Né
22918	593	3	phường	Hàm Tiến
22921	593	3	phường	Phú Hài
22924	593	3	phường	Phú Thủy
22927	593	3	phường	Phú Tài
22930	593	3	phường	Phú Trinh
22933	593	3	phường	Xuân An
22936	593	3	phường	Thanh Hải
22945	593	3	phường	Lạc Đạo
22951	593	3	phường	Bình Hưng
22954	593	3	phường	Đức Long
22957	593	3	xã	Thiện Nghiệp
22960	593	3	xã	Phong Nẫm
22963	593	3	xã	Tiến Lợi
22966	593	3	xã	Tiến Thành
594	60	2	thị xã	La Gi
23231	594	3	phường	Phước Hội
23232	594	3	phường	Phước Lộc
23234	594	3	phường	Tân Thiện
23235	594	3	phường	Tân An
23237	594	3	phường	Bình Tân
23245	594	3	xã	Tân Hải
23246	594	3	xã	Tân Tiến
23248	594	3	xã	Tân Bình
23268	594	3	xã	Tân Phước
595	60	2	huyện	Tuy Phong
22969	595	3	thị trấn	Liên Hương
22972	595	3	thị trấn	Phan Rí Cửa
22975	595	3	xã	Phan Dũng
22978	595	3	xã	Phong Phú
22981	595	3	xã	Vĩnh Hảo
22984	595	3	xã	Vĩnh Tân
22987	595	3	xã	Phú Lạc
22990	595	3	xã	Phước Thể
22993	595	3	xã	Hòa Minh
22996	595	3	xã	Chí Công
22999	595	3	xã	Bình Thạnh
596	60	2	huyện	Bắc Bình
23005	596	3	thị trấn	Chợ Lầu
23008	596	3	xã	Phan Sơn
23011	596	3	xã	Phan Lâm
23014	596	3	xã	Bình An
23017	596	3	xã	Phan Điền
23020	596	3	xã	Hải Ninh
23023	596	3	xã	Sông Lũy
23026	596	3	xã	Phan Tiến
23029	596	3	xã	Sông Bình
23032	596	3	thị trấn	Lương Sơn
23035	596	3	xã	Phan Hòa
23038	596	3	xã	Phan Thanh
23041	596	3	xã	Hồng Thái
23044	596	3	xã	Phan Hiệp
23047	596	3	xã	Bình Tân
23050	596	3	xã	Phan Rí Thành
23053	596	3	xã	Hòa Thắng
23056	596	3	xã	Hồng Phong
597	60	2	huyện	Hàm Thuận Bắc
23059	597	3	thị trấn	Ma Lâm
23062	597	3	thị trấn	Phú Long
23065	597	3	xã	La Dạ
23068	597	3	xã	Đông Tiến
23071	597	3	xã	Thuận Hòa
23074	597	3	xã	Đông Giang
23077	597	3	xã	Hàm Phú
23080	597	3	xã	Hồng Liêm
23083	597	3	xã	Thuận Minh
23086	597	3	xã	Hồng Sơn
23089	597	3	xã	Hàm Trí
23092	597	3	xã	Hàm Đức
23095	597	3	xã	Hàm Liêm
23098	597	3	xã	Hàm Chính
23101	597	3	xã	Hàm Hiệp
23104	597	3	xã	Hàm Thắng
23107	597	3	xã	Đa Mi
598	60	2	huyện	Hàm Thuận Nam
23110	598	3	thị trấn	Thuận Nam
23113	598	3	xã	Mỹ Thạnh
23116	598	3	xã	Hàm Cần
23119	598	3	xã	Mương Mán
23122	598	3	xã	Hàm Thạnh
23125	598	3	xã	Hàm Kiệm
23128	598	3	xã	Hàm Cường
23131	598	3	xã	Hàm Mỹ
23134	598	3	xã	Tân Lập
23137	598	3	xã	Hàm Minh
23140	598	3	xã	Thuận Quí
23143	598	3	xã	Tân Thuận
23146	598	3	xã	Tân Thành
599	60	2	huyện	Tánh Linh
23149	599	3	thị trấn	Lạc Tánh
23152	599	3	xã	Bắc Ruộng
23158	599	3	xã	Nghị Đức
23161	599	3	xã	La Ngâu
23164	599	3	xã	Huy Khiêm
23167	599	3	xã	Măng Tố
23170	599	3	xã	Đức Phú
23173	599	3	xã	Đồng Kho
23176	599	3	xã	Gia An
23179	599	3	xã	Đức Bình
23182	599	3	xã	Gia Huynh
23185	599	3	xã	Đức Thuận
23188	599	3	xã	Suối Kiết
600	60	2	huyện	Đức Linh
23191	600	3	thị trấn	Võ Xu
23194	600	3	thị trấn	Đức Tài
23197	600	3	xã	Đa Kai
23200	600	3	xã	Sùng Nhơn
23203	600	3	xã	Mê Pu
23206	600	3	xã	Nam Chính
23212	600	3	xã	Đức Hạnh
23215	600	3	xã	Đức Tín
23218	600	3	xã	Vũ Hoà
23221	600	3	xã	Tân Hà
23224	600	3	xã	Đông Hà
23227	600	3	xã	Trà Tân
601	60	2	huyện	Hàm Tân
23230	601	3	thị trấn	Tân Minh
23236	601	3	thị trấn	Tân Nghĩa
23239	601	3	xã	Sông Phan
23242	601	3	xã	Tân Phúc
23251	601	3	xã	Tân Đức
23254	601	3	xã	Tân Thắng
23255	601	3	xã	Thắng Hải
23257	601	3	xã	Tân Hà
23260	601	3	xã	Tân Xuân
23266	601	3	xã	Sơn Mỹ
602	60	2	huyện	Phú Quí
23272	602	3	xã	Ngũ Phụng
23275	602	3	xã	Long Hải
23278	602	3	xã	Tam Thanh
62		1	tỉnh	Kon Tum
608	62	2	thành phố	Kon Tum
23281	608	3	phường	Quang Trung
23284	608	3	phường	Duy Tân
23287	608	3	phường	Quyết Thắng
23290	608	3	phường	Trường Chinh
23293	608	3	phường	Thắng Lợi
23296	608	3	phường	Ngô Mây
23299	608	3	phường	Thống Nhất
23302	608	3	phường	Lê Lợi
23305	608	3	phường	Nguyễn Trãi
23308	608	3	phường	Trần Hưng Đạo
23311	608	3	xã	Đắk Cấm
23314	608	3	xã	Kroong
23317	608	3	xã	Ngọk Bay
23320	608	3	xã	Vinh Quang
23323	608	3	xã	Đắk Blà
23326	608	3	xã	Ia Chim
23327	608	3	xã	Đăk Năng
23329	608	3	xã	Đoàn Kết
23332	608	3	xã	Chư Hreng
23335	608	3	xã	Đắk Rơ Wa
23338	608	3	xã	Hòa Bình
610	62	2	huyện	Đắk Glei
23341	610	3	thị trấn	Đắk Glei
23344	610	3	xã	Đắk Blô
23347	610	3	xã	Đắk Man
23350	610	3	xã	Đắk Nhoong
23353	610	3	xã	Đắk Pék
23356	610	3	xã	Đắk Choong
23359	610	3	xã	Xốp
23362	610	3	xã	Mường Hoong
23365	610	3	xã	Ngọc Linh
23368	610	3	xã	Đắk Long
23371	610	3	xã	Đắk KRoong
23374	610	3	xã	Đắk Môn
611	62	2	huyện	Ngọc Hồi
23377	611	3	thị trấn	Plei Kần
23380	611	3	xã	Đắk Ang
23383	611	3	xã	Đắk Dục
23386	611	3	xã	Đắk Nông
23389	611	3	xã	Đắk Xú
23392	611	3	xã	Đắk Kan
23395	611	3	xã	Bờ Y
23398	611	3	xã	Sa Loong
612	62	2	huyện	Đắk Tô
23401	612	3	thị trấn	Đắk Tô
23427	612	3	xã	Đắk Rơ Nga
23428	612	3	xã	Ngọk Tụ
23430	612	3	xã	Đắk Trăm
23431	612	3	xã	Văn Lem
23434	612	3	xã	Kon Đào
23437	612	3	xã	Tân Cảnh
23440	612	3	xã	Diên Bình
23443	612	3	xã	Pô Kô
613	62	2	huyện	Kon Plông
23452	613	3	xã	Đắk Nên
23455	613	3	xã	Đắk Ring
23458	613	3	xã	Măng Buk
23461	613	3	xã	Đắk Tăng
23464	613	3	xã	Ngok Tem
23467	613	3	xã	Pờ Ê
23470	613	3	xã	Măng Cành
23473	613	3	thị trấn	Măng Đen
23476	613	3	xã	Hiếu
614	62	2	huyện	Kon Rẫy
23479	614	3	thị trấn	Đắk Rve
23482	614	3	xã	Đắk Kôi
23485	614	3	xã	Đắk Tơ Lung
23488	614	3	xã	Đắk Ruồng
23491	614	3	xã	Đắk Pne
23494	614	3	xã	Đắk Tờ Re
23497	614	3	xã	Tân Lập
615	62	2	huyện	Đắk Hà
23500	615	3	thị trấn	Đắk Hà
23503	615	3	xã	Đắk PXi
23504	615	3	xã	Đăk Long
23506	615	3	xã	Đắk HRing
23509	615	3	xã	Đắk Ui
23510	615	3	xã	Đăk Ngọk
23512	615	3	xã	Đắk Mar
23515	615	3	xã	Ngok Wang
23518	615	3	xã	Ngok Réo
23521	615	3	xã	Hà Mòn
23524	615	3	xã	Đắk La
616	62	2	huyện	Sa Thầy
23527	616	3	thị trấn	Sa Thầy
23530	616	3	xã	Rơ Kơi
23533	616	3	xã	Sa Nhơn
23534	616	3	xã	Hơ Moong
23536	616	3	xã	Mô Rai
23539	616	3	xã	Sa Sơn
23542	616	3	xã	Sa Nghĩa
23545	616	3	xã	Sa Bình
23548	616	3	xã	Ya Xiêr
23551	616	3	xã	Ya Tăng
23554	616	3	xã	Ya ly
617	62	2	huyện	Tu Mơ Rông
23404	617	3	xã	Ngọc Lây
23407	617	3	xã	Đắk Na
23410	617	3	xã	Măng Ri
23413	617	3	xã	Ngọc Yêu
23416	617	3	xã	Đắk Sao
23417	617	3	xã	Đắk Rơ Ông
23419	617	3	xã	Đắk Tờ Kan
23422	617	3	xã	Tu Mơ Rông
23425	617	3	xã	Đắk Hà
23446	617	3	xã	Tê Xăng
23449	617	3	xã	Văn Xuôi
618	62	2	huyện	Ia H' Drai
23535	618	3	xã	Ia Đal
23537	618	3	xã	Ia Dom
23538	618	3	xã	Ia Tơi
64		1	tỉnh	Gia Lai
622	64	2	thành phố	Pleiku
23557	622	3	phường	Yên Đỗ
23560	622	3	phường	Diên Hồng
23563	622	3	phường	Ia Kring
23566	622	3	phường	Hội Thương
23569	622	3	phường	Hội Phú
23570	622	3	phường	Phù Đổng
23572	622	3	phường	Hoa Lư
23575	622	3	phường	Tây Sơn
23578	622	3	phường	Thống Nhất
23579	622	3	phường	Đống Đa
23581	622	3	phường	Trà Bá
23582	622	3	phường	Thắng Lợi
23584	622	3	phường	Yên Thế
23586	622	3	phường	Chi Lăng
23590	622	3	xã	Biển Hồ
23596	622	3	xã	Trà Đa
23599	622	3	xã	Chư Á
23602	622	3	xã	An Phú
23605	622	3	xã	Diên Phú
23608	622	3	xã	Ia Kênh
23611	622	3	xã	Gào
623	64	2	thị xã	An Khê
23614	623	3	phường	An Bình
23617	623	3	phường	Tây Sơn
23620	623	3	phường	An Phú
23623	623	3	phường	An Tân
23626	623	3	xã	Tú An
23627	623	3	xã	Xuân An
23629	623	3	xã	Cửu An
23630	623	3	phường	An Phước
23632	623	3	xã	Song An
23633	623	3	phường	Ngô Mây
23635	623	3	xã	Thành An
624	64	2	thị xã	Ayun Pa
24041	624	3	phường	Cheo Reo
24042	624	3	phường	Hòa Bình
24044	624	3	phường	Đoàn Kết
24045	624	3	phường	Sông Bờ
24064	624	3	xã	Ia RBol
24065	624	3	xã	Chư Băh
24070	624	3	xã	Ia RTô
24073	624	3	xã	Ia Sao
625	64	2	huyện	KBang
23638	625	3	thị trấn	KBang
23641	625	3	xã	Kon Pne
23644	625	3	xã	Đăk Roong
23647	625	3	xã	Sơn Lang
23650	625	3	xã	KRong
23653	625	3	xã	Sơ Pai
23656	625	3	xã	Lơ Ku
23659	625	3	xã	Đông
23660	625	3	xã	Đak SMar
23662	625	3	xã	Nghĩa An
23665	625	3	xã	Tơ Tung
23668	625	3	xã	Kông Lơng Khơng
23674	625	3	xã	Kông Bơ La
626	64	2	huyện	Đăk Đoa
23677	626	3	thị trấn	Đăk Đoa
23680	626	3	xã	Hà Đông
23683	626	3	xã	Đăk Sơmei
23684	626	3	xã	Đăk Krong
23686	626	3	xã	Hải Yang
23689	626	3	xã	Kon Gang
23692	626	3	xã	Hà Bầu
23695	626	3	xã	Nam Yang
23698	626	3	xã	K' Dang
23701	626	3	xã	H' Neng
23704	626	3	xã	Tân Bình
23707	626	3	xã	Glar
23710	626	3	xã	A Dơk
23713	626	3	xã	Trang
23714	626	3	xã	HNol
23716	626	3	xã	Ia Pết
23719	626	3	xã	Ia Băng
627	64	2	huyện	Chư Păh
23722	627	3	thị trấn	Phú Hòa
23725	627	3	xã	Hà Tây
23728	627	3	xã	Ia Khươl
23731	627	3	xã	Ia Phí
23734	627	3	thị trấn	Ia Ly
23737	627	3	xã	Ia Mơ Nông
23738	627	3	xã	Ia Kreng
23740	627	3	xã	Đăk Tơ Ver
23743	627	3	xã	Hòa Phú
23746	627	3	xã	Chư Đăng Ya
23749	627	3	xã	Ia Ka
23752	627	3	xã	Ia Nhin
23755	627	3	xã	Nghĩa Hòa
23761	627	3	xã	Nghĩa Hưng
628	64	2	huyện	Ia Grai
23764	628	3	thị trấn	Ia Kha
23767	628	3	xã	Ia Sao
23768	628	3	xã	Ia Yok
23770	628	3	xã	Ia Hrung
23771	628	3	xã	Ia Bă
23773	628	3	xã	Ia Khai
23776	628	3	xã	Ia KRai
23778	628	3	xã	Ia Grăng
23779	628	3	xã	Ia Tô
23782	628	3	xã	Ia O
23785	628	3	xã	Ia Dêr
23788	628	3	xã	Ia Chia
23791	628	3	xã	Ia Pếch
629	64	2	huyện	Mang Yang
23794	629	3	thị trấn	Kon Dơng
23797	629	3	xã	Ayun
23798	629	3	xã	Đak Jơ Ta
23799	629	3	xã	Đak Ta Ley
23800	629	3	xã	Hra
23803	629	3	xã	Đăk Yă
23806	629	3	xã	Đăk Djrăng
23809	629	3	xã	Lơ Pang
23812	629	3	xã	Kon Thụp
23815	629	3	xã	Đê Ar
23818	629	3	xã	Kon Chiêng
23821	629	3	xã	Đăk Trôi
630	64	2	huyện	Kông Chro
23824	630	3	thị trấn	Kông Chro
23827	630	3	xã	Chư Krêy
23830	630	3	xã	An Trung
23833	630	3	xã	Kông Yang
23836	630	3	xã	Đăk Tơ Pang
23839	630	3	xã	SRó
23840	630	3	xã	Đắk Kơ Ning
23842	630	3	xã	Đăk Song
23843	630	3	xã	Đăk Pling
23845	630	3	xã	Yang Trung
23846	630	3	xã	Đăk Pơ Pho
23848	630	3	xã	Ya Ma
23851	630	3	xã	Chơ Long
23854	630	3	xã	Yang Nam
631	64	2	huyện	Đức Cơ
23857	631	3	thị trấn	Chư Ty
23860	631	3	xã	Ia Dơk
23863	631	3	xã	Ia Krêl
23866	631	3	xã	Ia Din
23869	631	3	xã	Ia Kla
23872	631	3	xã	Ia Dom
23875	631	3	xã	Ia Lang
23878	631	3	xã	Ia Kriêng
23881	631	3	xã	Ia Pnôn
23884	631	3	xã	Ia Nan
632	64	2	huyện	Chư Prông
23887	632	3	thị trấn	Chư Prông
23888	632	3	xã	Ia Kly
23890	632	3	xã	Bình Giáo
23893	632	3	xã	Ia Drăng
23896	632	3	xã	Thăng Hưng
23899	632	3	xã	Bàu Cạn
23902	632	3	xã	Ia Phìn
23905	632	3	xã	Ia Băng
23908	632	3	xã	Ia Tôr
23911	632	3	xã	Ia Boòng
23914	632	3	xã	Ia O
23917	632	3	xã	Ia Púch
23920	632	3	xã	Ia Me
23923	632	3	xã	Ia Vê
23924	632	3	xã	Ia Bang
23926	632	3	xã	Ia Pia
23929	632	3	xã	Ia Ga
23932	632	3	xã	Ia Lâu
23935	632	3	xã	Ia Piơr
23938	632	3	xã	Ia Mơ
633	64	2	huyện	Chư Sê
23941	633	3	thị trấn	Chư Sê
23944	633	3	xã	Ia Tiêm
23945	633	3	xã	Chư Pơng
23946	633	3	xã	Bar Măih
23947	633	3	xã	Bờ Ngoong
23950	633	3	xã	Ia Glai
23953	633	3	xã	AL Bá
23954	633	3	xã	Kông HTok
23956	633	3	xã	AYun
23959	633	3	xã	Ia HLốp
23962	633	3	xã	Ia Blang
23965	633	3	xã	Dun
23966	633	3	xã	Ia Pal
23968	633	3	xã	H Bông
23977	633	3	xã	Ia Ko
634	64	2	huyện	Đăk Pơ
23989	634	3	xã	Hà Tam
23992	634	3	xã	An Thành
23995	634	3	thị trấn	Đak Pơ
23998	634	3	xã	Yang Bắc
24001	634	3	xã	Cư An
24004	634	3	xã	Tân An
24007	634	3	xã	Phú An
24010	634	3	xã	Ya Hội
635	64	2	huyện	Ia Pa
24013	635	3	xã	Pờ Tó
24016	635	3	xã	Chư Răng
24019	635	3	xã	Ia KDăm
24022	635	3	xã	Kim Tân
24025	635	3	xã	Chư Mố
24028	635	3	xã	Ia Tul
24031	635	3	xã	Ia Ma Rơn
24034	635	3	xã	Ia Broăi
24037	635	3	xã	Ia Trok
637	64	2	huyện	Krông Pa
24076	637	3	thị trấn	Phú Túc
24079	637	3	xã	Ia RSai
24082	637	3	xã	Ia RSươm
24085	637	3	xã	Chư Gu
24088	637	3	xã	Đất Bằng
24091	637	3	xã	Ia Mláh
24094	637	3	xã	Chư Drăng
24097	637	3	xã	Phú Cần
24100	637	3	xã	Ia HDreh
24103	637	3	xã	Ia RMok
24106	637	3	xã	Chư Ngọc
24109	637	3	xã	Uar
24112	637	3	xã	Chư Rcăm
24115	637	3	xã	Krông Năng
638	64	2	huyện	Phú Thiện
24043	638	3	thị trấn	Phú Thiện
24046	638	3	xã	Chư A Thai
24048	638	3	xã	Ayun Hạ
24049	638	3	xã	Ia Ake
24052	638	3	xã	Ia Sol
24055	638	3	xã	Ia Piar
24058	638	3	xã	Ia Peng
24060	638	3	xã	Chrôh Pơnan
24061	638	3	xã	Ia Hiao
24067	638	3	xã	Ia Yeng
639	64	2	huyện	Chư Pưh
23942	639	3	thị trấn	Nhơn Hoà
23971	639	3	xã	Ia Hrú
23972	639	3	xã	Ia Rong
23974	639	3	xã	Ia Dreng
23978	639	3	xã	Ia Hla
23980	639	3	xã	Chư Don
23983	639	3	xã	Ia Phang
23986	639	3	xã	Ia Le
23987	639	3	xã	Ia BLứ
66		1	tỉnh	Đắk Lắk
643	66	2	thành phố	Buôn Ma Thuột
24118	643	3	phường	Tân Lập
24121	643	3	phường	Tân Hòa
24124	643	3	phường	Tân An
24130	643	3	phường	Thành Nhất
24133	643	3	phường	Thành Công
24136	643	3	phường	Tân Lợi
24142	643	3	phường	Tân Thành
24145	643	3	phường	Tân Tiến
24148	643	3	phường	Tự An
24151	643	3	phường	Ea Tam
24154	643	3	phường	Khánh Xuân
24157	643	3	xã	Hòa Thuận
24160	643	3	xã	Cư ÊBur
24163	643	3	xã	Ea Tu
24166	643	3	xã	Hòa Thắng
24169	643	3	xã	Ea Kao
24172	643	3	xã	Hòa Phú
24175	643	3	xã	Hòa Khánh
24178	643	3	xã	Hòa Xuân
644	66	2	thị xã	Buôn Hồ
24305	644	3	phường	An Lạc
24308	644	3	phường	An Bình
24311	644	3	phường	Thiện An
24318	644	3	phường	Đạt Hiếu
24322	644	3	phường	Đoàn Kết
24328	644	3	xã	Ea Drông
24331	644	3	phường	Thống Nhất
24332	644	3	phường	Bình Tân
24334	644	3	xã	Ea Siên
24337	644	3	xã	Bình Thuận
24340	644	3	xã	Cư Bao
645	66	2	huyện	Ea H'leo
24181	645	3	thị trấn	Ea Drăng
24184	645	3	xã	Ea H'leo
24187	645	3	xã	Ea Sol
24190	645	3	xã	Ea Ral
24193	645	3	xã	Ea Wy
24194	645	3	xã	Cư A Mung
24196	645	3	xã	Cư Mốt
24199	645	3	xã	Ea Hiao
24202	645	3	xã	Ea Khal
24205	645	3	xã	Dliê Yang
24207	645	3	xã	Ea Tir
24208	645	3	xã	Ea Nam
646	66	2	huyện	Ea Súp
24211	646	3	thị trấn	Ea Súp
24214	646	3	xã	Ia Lốp
24215	646	3	xã	Ia JLơi
24217	646	3	xã	Ea Rốk
24220	646	3	xã	Ya Tờ Mốt
24221	646	3	xã	Ia RVê
24223	646	3	xã	Ea Lê
24226	646	3	xã	Cư KBang
24229	646	3	xã	Ea Bung
24232	646	3	xã	Cư M'Lan
647	66	2	huyện	Buôn Đôn
24235	647	3	xã	Krông Na
24238	647	3	xã	Ea Huar
24241	647	3	xã	Ea Wer
24244	647	3	xã	Tân Hoà
24247	647	3	xã	Cuôr KNia
24250	647	3	xã	Ea Bar
24253	647	3	xã	Ea Nuôl
648	66	2	huyện	Cư M'gar
24256	648	3	thị trấn	Ea Pốk
24259	648	3	thị trấn	Quảng Phú
24262	648	3	xã	Quảng Tiến
24264	648	3	xã	Ea Kuêh
24265	648	3	xã	Ea Kiết
24268	648	3	xã	Ea Tar
24271	648	3	xã	Cư Dliê M'nông
24274	648	3	xã	Ea H'đinh
24277	648	3	xã	Ea Tul
24280	648	3	xã	Ea KPam
24283	648	3	xã	Ea M'DRóh
24286	648	3	xã	Quảng Hiệp
24289	648	3	xã	Cư M'gar
24292	648	3	xã	Ea D'Rơng
24295	648	3	xã	Ea M'nang
24298	648	3	xã	Cư Suê
24301	648	3	xã	Cuor Đăng
649	66	2	huyện	Krông Búk
24307	649	3	xã	Cư Né
24310	649	3	xã	Chư KBô
24313	649	3	xã	Cư Pơng
24314	649	3	xã	Ea Sin
24316	649	3	thị trấn	Pơng Drang
24317	649	3	xã	Tân Lập
24319	649	3	xã	Ea Ngai
650	66	2	huyện	Krông Năng
24343	650	3	thị trấn	Krông Năng
24346	650	3	xã	ĐLiê Ya
24349	650	3	xã	Ea Tóh
24352	650	3	xã	Ea Tam
24355	650	3	xã	Phú Lộc
24358	650	3	xã	Tam Giang
24359	650	3	xã	Ea Puk
24360	650	3	xã	Ea Dăh
24361	650	3	xã	Ea Hồ
24364	650	3	xã	Phú Xuân
24367	650	3	xã	Cư Klông
24370	650	3	xã	Ea Tân
651	66	2	huyện	Ea Kar
24373	651	3	thị trấn	Ea Kar
24376	651	3	thị trấn	Ea Knốp
24379	651	3	xã	Ea Sô
24380	651	3	xã	Ea Sar
24382	651	3	xã	Xuân Phú
24385	651	3	xã	Cư Huê
24388	651	3	xã	Ea Tih
24391	651	3	xã	Ea Đar
24394	651	3	xã	Ea Kmút
24397	651	3	xã	Cư Ni
24400	651	3	xã	Ea Păl
24401	651	3	xã	Cư Prông
24403	651	3	xã	Ea Ô
24404	651	3	xã	Cư ELang
24406	651	3	xã	Cư Bông
24409	651	3	xã	Cư Jang
652	66	2	huyện	M'Đrắk
24412	652	3	thị trấn	M'Đrắk
24415	652	3	xã	Cư Prao
24418	652	3	xã	Ea Pil
24421	652	3	xã	Ea Lai
24424	652	3	xã	Ea H'MLay
24427	652	3	xã	Krông Jing
24430	652	3	xã	Ea M' Doal
24433	652	3	xã	Ea Riêng
24436	652	3	xã	Cư M'ta
24439	652	3	xã	Cư K Róa
24442	652	3	xã	Krông Á
24444	652	3	xã	Cư San
24445	652	3	xã	Ea Trang
653	66	2	huyện	Krông Bông
24448	653	3	thị trấn	Krông Kmar
24451	653	3	xã	Dang Kang
24454	653	3	xã	Cư KTy
24457	653	3	xã	Hòa Thành
24463	653	3	xã	Hòa Phong
24466	653	3	xã	Hòa Lễ
24469	653	3	xã	Yang Reh
24472	653	3	xã	Ea Trul
24475	653	3	xã	Khuê Ngọc Điền
24478	653	3	xã	Cư Pui
24481	653	3	xã	Hòa Sơn
24484	653	3	xã	Cư Drăm
24487	653	3	xã	Yang Mao
654	66	2	huyện	Krông Pắc
24490	654	3	thị trấn	Phước An
24493	654	3	xã	KRông Búk
24496	654	3	xã	Ea Kly
24499	654	3	xã	Ea Kênh
24502	654	3	xã	Ea Phê
24505	654	3	xã	Ea KNuec
24508	654	3	xã	Ea Yông
24511	654	3	xã	Hòa An
24514	654	3	xã	Ea Kuăng
24517	654	3	xã	Hòa Đông
24520	654	3	xã	Ea Hiu
24523	654	3	xã	Hòa Tiến
24526	654	3	xã	Tân Tiến
24529	654	3	xã	Vụ Bổn
24532	654	3	xã	Ea Uy
24535	654	3	xã	Ea Yiêng
655	66	2	huyện	Krông A Na
24538	655	3	thị trấn	Buôn Trấp
24556	655	3	xã	Dray Sáp
24559	655	3	xã	Ea Na
24565	655	3	xã	Ea Bông
24568	655	3	xã	Băng A Drênh
24571	655	3	xã	Dur KMăl
24574	655	3	xã	Bình Hòa
24577	655	3	xã	Quảng Điền
656	66	2	huyện	Lắk
24580	656	3	thị trấn	Liên Sơn
24583	656	3	xã	Yang Tao
24586	656	3	xã	Bông Krang
24589	656	3	xã	Đắk Liêng
24592	656	3	xã	Buôn Triết
24595	656	3	xã	Buôn Tría
24598	656	3	xã	Đắk Phơi
24601	656	3	xã	Đắk Nuê
24604	656	3	xã	Krông Nô
24607	656	3	xã	Nam Ka
24610	656	3	xã	Ea R'Bin
657	66	2	huyện	Cư Kuin
24540	657	3	xã	Ea Ning
24541	657	3	xã	Cư Ê Wi
24544	657	3	xã	Ea Ktur
24547	657	3	xã	Ea Tiêu
24550	657	3	xã	Ea BHốk
24553	657	3	xã	Ea Hu
24561	657	3	xã	Dray Bhăng
24562	657	3	xã	Hòa Hiệp
67		1	tỉnh	Đắk Nông
660	67	2	thành phố	Gia Nghĩa
24611	660	3	phường	Nghĩa Đức
24612	660	3	phường	Nghĩa Thành
24614	660	3	phường	Nghĩa Phú
24615	660	3	phường	Nghĩa Tân
24617	660	3	phường	Nghĩa Trung
24618	660	3	xã	Đăk R'Moan
24619	660	3	phường	Quảng Thành
24628	660	3	xã	Đắk Nia
661	67	2	huyện	Đăk Glong
24616	661	3	xã	Quảng Sơn
24620	661	3	xã	Quảng Hoà
24622	661	3	xã	Đắk Ha
24625	661	3	xã	Đắk R'Măng
24631	661	3	xã	Quảng Khê
24634	661	3	xã	Đắk Plao
24637	661	3	xã	Đắk Som
662	67	2	huyện	Cư Jút
24640	662	3	thị trấn	Ea T'Ling
24643	662	3	xã	Đắk Wil
24646	662	3	xã	Ea Pô
24649	662	3	xã	Nam Dong
24652	662	3	xã	Đắk DRông
24655	662	3	xã	Tâm Thắng
24658	662	3	xã	Cư Knia
24661	662	3	xã	Trúc Sơn
663	67	2	huyện	Đắk Mil
24664	663	3	thị trấn	Đắk Mil
24667	663	3	xã	 Đắk Lao
24670	663	3	xã	Đắk R'La
24673	663	3	xã	Đắk Gằn
24676	663	3	xã	Đức Mạnh
24677	663	3	xã	Đắk N'Drót
24678	663	3	xã	Long Sơn
24679	663	3	xã	Đắk Sắk
24682	663	3	xã	Thuận An
24685	663	3	xã	Đức Minh
664	67	2	huyện	Krông Nô
24688	664	3	thị trấn	Đắk Mâm
24691	664	3	xã	Đắk Sôr
24692	664	3	xã	Nam Xuân
24694	664	3	xã	Buôn Choah
24697	664	3	xã	Nam Đà
24699	664	3	xã	Tân Thành
24700	664	3	xã	Đắk Drô
24703	664	3	xã	Nâm Nung
24706	664	3	xã	Đức Xuyên
24709	664	3	xã	Đắk Nang
24712	664	3	xã	Quảng Phú
24715	664	3	xã	Nâm N'Đir
665	67	2	huyện	Đắk Song
24717	665	3	thị trấn	Đức An
24718	665	3	xã	Đắk Môl
24719	665	3	xã	Đắk Hòa
24721	665	3	xã	Nam Bình
24722	665	3	xã	Thuận Hà
24724	665	3	xã	Thuận Hạnh
24727	665	3	xã	Đắk N'Dung
24728	665	3	xã	Nâm N'Jang
24730	665	3	xã	Trường Xuân
666	67	2	huyện	Đắk R'Lấp
24733	666	3	thị trấn	Kiến Đức
24745	666	3	xã	Quảng Tín
24750	666	3	xã	Đắk Wer
24751	666	3	xã	Nhân Cơ
24754	666	3	xã	Kiến Thành
24756	666	3	xã	Nghĩa Thắng
24757	666	3	xã	Đạo Nghĩa
24760	666	3	xã	Đắk Sin
24761	666	3	xã	Hưng Bình
24763	666	3	xã	Đắk Ru
24766	666	3	xã	Nhân Đạo
667	67	2	huyện	Tuy Đức
24736	667	3	xã	Quảng Trực
24739	667	3	xã	Đắk Búk So
24740	667	3	xã	Quảng Tâm
24742	667	3	xã	Đắk R'Tíh
24746	667	3	xã	Đắk Ngo
24748	667	3	xã	Quảng Tân
68		1	tỉnh	Lâm Đồng
672	68	2	thành phố	Đà Lạt
24769	672	3	phường	7
24772	672	3	phường	8
24775	672	3	phường	12
24778	672	3	phường	9
24781	672	3	phường	2
24784	672	3	phường	1
24787	672	3	phường	6
24790	672	3	phường	5
24793	672	3	phường	4
24796	672	3	phường	10
24799	672	3	phường	11
24802	672	3	phường	3
24805	672	3	xã	Xuân Thọ
24808	672	3	xã	Tà Nung
24810	672	3	xã	Trạm Hành
24811	672	3	xã	Xuân Trường
673	68	2	thành phố	Bảo Lộc
24814	673	3	phường	Lộc Phát
24817	673	3	phường	Lộc Tiến
24820	673	3	phường	2
24823	673	3	phường	1
24826	673	3	phường	B'lao
24829	673	3	phường	Lộc Sơn
24832	673	3	xã	Đạm Bri
24835	673	3	xã	Lộc Thanh
24838	673	3	xã	Lộc Nga
24841	673	3	xã	Lộc Châu
24844	673	3	xã	Đại Lào
674	68	2	huyện	Đam Rông
24853	674	3	xã	Đạ Tông
24856	674	3	xã	Đạ Long
24859	674	3	xã	Đạ M' Rong
24874	674	3	xã	Liêng Srônh
24875	674	3	xã	Đạ Rsal
24877	674	3	xã	Rô Men
24886	674	3	xã	Phi Liêng
24889	674	3	xã	Đạ K' Nàng
675	68	2	huyện	Lạc Dương
24846	675	3	thị trấn	Lạc Dương
24847	675	3	xã	Đạ Chais
24848	675	3	xã	Đạ Nhim
24850	675	3	xã	Đưng KNớ
24862	675	3	xã	Lát
24865	675	3	xã	Đạ Sar
676	68	2	huyện	Lâm Hà
24868	676	3	thị trấn	Nam Ban
24871	676	3	thị trấn	Đinh Văn
24880	676	3	xã	Phú Sơn
24883	676	3	xã	Phi Tô
24892	676	3	xã	Mê Linh
24895	676	3	xã	Đạ Đờn
24898	676	3	xã	Phúc Thọ
24901	676	3	xã	Đông Thanh
24904	676	3	xã	Gia Lâm
24907	676	3	xã	Tân Thanh
24910	676	3	xã	Tân Văn
24913	676	3	xã	Hoài Đức
24916	676	3	xã	Tân Hà
24919	676	3	xã	Liên Hà
24922	676	3	xã	Đan Phượng
24925	676	3	xã	Nam Hà
677	68	2	huyện	Đơn Dương
24928	677	3	thị trấn	D'Ran
24931	677	3	thị trấn	Thạnh Mỹ
24934	677	3	xã	Lạc Xuân
24937	677	3	xã	Đạ Ròn
24940	677	3	xã	Lạc Lâm
24943	677	3	xã	Ka Đô
24949	677	3	xã	Ka Đơn
24952	677	3	xã	Tu Tra
24955	677	3	xã	Quảng Lập
678	68	2	huyện	Đức Trọng
24958	678	3	thị trấn	Liên Nghĩa
24961	678	3	xã	Hiệp An
24964	678	3	xã	Liên Hiệp
24967	678	3	xã	Hiệp Thạnh
24970	678	3	xã	Bình Thạnh
24973	678	3	xã	N'Thol Hạ
24976	678	3	xã	Tân Hội
24979	678	3	xã	Tân Thành
24982	678	3	xã	Phú Hội
24985	678	3	xã	Ninh Gia
24988	678	3	xã	Tà Năng
24989	678	3	xã	Đa Quyn
24991	678	3	xã	Tà Hine
24994	678	3	xã	Đà Loan
24997	678	3	xã	Ninh Loan
679	68	2	huyện	Di Linh
25000	679	3	thị trấn	Di Linh
25003	679	3	xã	Đinh Trang Thượng
25006	679	3	xã	Tân Thượng
25007	679	3	xã	Tân Lâm
25009	679	3	xã	Tân Châu
25012	679	3	xã	Tân Nghĩa
25015	679	3	xã	Gia Hiệp
25018	679	3	xã	Đinh Lạc
25021	679	3	xã	Tam Bố
25024	679	3	xã	Đinh Trang Hòa
25027	679	3	xã	Liên Đầm
25030	679	3	xã	Gung Ré
25033	679	3	xã	Bảo Thuận
25036	679	3	xã	Hòa Ninh
25039	679	3	xã	Hòa Trung
25042	679	3	xã	Hòa Nam
25045	679	3	xã	Hòa Bắc
25048	679	3	xã	Sơn Điền
25051	679	3	xã	Gia Bắc
680	68	2	huyện	Bảo Lâm
25054	680	3	thị trấn	Lộc Thắng
25057	680	3	xã	Lộc Bảo
25060	680	3	xã	Lộc Lâm
25063	680	3	xã	Lộc Phú
25066	680	3	xã	Lộc Bắc
25069	680	3	xã	B' Lá
25072	680	3	xã	Lộc Ngãi
25075	680	3	xã	Lộc Quảng
25078	680	3	xã	Lộc Tân
25081	680	3	xã	Lộc Đức
25084	680	3	xã	Lộc An
25087	680	3	xã	Tân Lạc
25090	680	3	xã	Lộc Thành
25093	680	3	xã	Lộc Nam
682	68	2	huyện	Đạ Huoai
25096	682	3	thị trấn	Đạ M'ri
25099	682	3	thị trấn	Ma Đa Guôi
25102	682	3	xã	Đạ M'ri
25105	682	3	xã	Hà Lâm
25111	682	3	xã	Đạ Oai
25114	682	3	xã	Bà Gia
25117	682	3	xã	Ma Đa Guôi
25126	682	3	thị trấn	Đạ Tẻh
25129	682	3	xã	An Nhơn
25132	682	3	xã	Quốc Oai
25135	682	3	xã	Mỹ Đức
25138	682	3	xã	Quảng Trị
25141	682	3	xã	Đạ Lây
25153	682	3	xã	Đạ Kho
25156	682	3	xã	Đạ Pal
25159	682	3	thị trấn	Cát Tiên
25162	682	3	xã	Tiên Hoàng
25165	682	3	xã	Phước Cát 2
25168	682	3	xã	Gia Viễn
25171	682	3	xã	Nam Ninh
25174	682	3	xã	Mỹ Lâm
25177	682	3	xã	Tư Nghĩa
25180	682	3	thị trấn	Phước Cát 
25183	682	3	xã	Đức Phổ
25186	682	3	xã	Phù Mỹ
25189	682	3	xã	Quảng Ngãi
25192	682	3	xã	Đồng Nai Thượng
70		1	tỉnh	Bình Phước
688	70	2	thị xã	Phước Long
25216	688	3	phường	Thác Mơ
25217	688	3	phường	Long Thủy
25219	688	3	phường	Phước Bình
25220	688	3	phường	Long Phước
25237	688	3	phường	Sơn Giang
25245	688	3	xã	Long Giang
25249	688	3	xã	Phước Tín
689	70	2	thành phố	Đồng Xoài
25195	689	3	phường	Tân Phú
25198	689	3	phường	Tân Đồng
25201	689	3	phường	Tân Bình
25204	689	3	phường	Tân Xuân
25205	689	3	phường	Tân Thiện
25207	689	3	xã	Tân Thành
25210	689	3	phường	Tiến Thành
25213	689	3	xã	Tiến Hưng
690	70	2	thị xã	Bình Long
25320	690	3	phường	Hưng Chiến
25324	690	3	phường	An Lộc
25325	690	3	phường	Phú Thịnh
25326	690	3	phường	Phú Đức
25333	690	3	xã	Thanh Lương
25336	690	3	xã	Thanh Phú
691	70	2	huyện	Bù Gia Mập
25222	691	3	xã	Bù Gia Mập
25225	691	3	xã	Đak Ơ
25228	691	3	xã	Đức Hạnh
25229	691	3	xã	Phú Văn
25231	691	3	xã	Đa Kia
25232	691	3	xã	Phước Minh
25234	691	3	xã	Bình Thắng
25267	691	3	xã	Phú Nghĩa
692	70	2	huyện	Lộc Ninh
25270	692	3	thị trấn	Lộc Ninh
25273	692	3	xã	Lộc Hòa
25276	692	3	xã	Lộc An
25279	692	3	xã	Lộc Tấn
25280	692	3	xã	Lộc Thạnh
25282	692	3	xã	Lộc Hiệp
25285	692	3	xã	Lộc Thiện
25288	692	3	xã	Lộc Thuận
25291	692	3	xã	Lộc Quang
25292	692	3	xã	Lộc Phú
25294	692	3	xã	Lộc Thành
25297	692	3	xã	Lộc Thái
25300	692	3	xã	Lộc Điền
25303	692	3	xã	Lộc Hưng
25305	692	3	xã	Lộc Thịnh
25306	692	3	xã	Lộc Khánh
693	70	2	huyện	Bù Đốp
25308	693	3	thị trấn	Thanh Bình
25309	693	3	xã	Hưng Phước
25310	693	3	xã	Phước Thiện
25312	693	3	xã	Thiện Hưng
25315	693	3	xã	Thanh Hòa
25318	693	3	xã	Tân Thành
25321	693	3	xã	Tân Tiến
694	70	2	huyện	Hớn Quản
25327	694	3	xã	Thanh An
25330	694	3	xã	An Khương
25339	694	3	xã	An Phú
25342	694	3	xã	Tân Lợi
25345	694	3	xã	Tân Hưng
25348	694	3	xã	Minh Đức
25349	694	3	xã	Minh Tâm
25351	694	3	xã	Phước An
25354	694	3	xã	Thanh Bình
25357	694	3	thị trấn	Tân Khai
25360	694	3	xã	Đồng Nơ
25361	694	3	xã	Tân Hiệp
25438	694	3	xã	Tân Quan
695	70	2	huyện	Đồng Phú
25363	695	3	thị trấn	Tân Phú
25366	695	3	xã	Thuận Lợi
25369	695	3	xã	Đồng Tâm
25372	695	3	xã	Tân Phước
25375	695	3	xã	Tân Hưng
25378	695	3	xã	Tân Lợi
25381	695	3	xã	Tân Lập
25384	695	3	xã	Tân Hòa
25387	695	3	xã	Thuận Phú
25390	695	3	xã	Đồng Tiến
25393	695	3	xã	Tân Tiến
696	70	2	huyện	Bù Đăng
25396	696	3	thị trấn	Đức Phong
25398	696	3	xã	Đường 10
25399	696	3	xã	Đak Nhau
25400	696	3	xã	Phú Sơn
25402	696	3	xã	Thọ Sơn
25404	696	3	xã	Bình Minh
25405	696	3	xã	Bom Bo
25408	696	3	xã	Minh Hưng
25411	696	3	xã	Đoàn Kết
25414	696	3	xã	Đồng Nai
25417	696	3	xã	Đức Liễu
25420	696	3	xã	Thống Nhất
25423	696	3	xã	Nghĩa Trung
25424	696	3	xã	Nghĩa Bình
25426	696	3	xã	Đăng Hà
25429	696	3	xã	Phước Sơn
697	70	2	thị xã	Chơn Thành
25432	697	3	phường	Hưng Long
25433	697	3	phường	Thành Tâm
25435	697	3	xã	Minh Lập
25439	697	3	xã	Quang Minh
25441	697	3	phường	Minh Hưng
25444	697	3	phường	Minh Long
25447	697	3	phường	Minh Thành
25450	697	3	xã	Nha Bích
25453	697	3	xã	Minh Thắng
698	70	2	huyện	Phú Riềng
25240	698	3	xã	Long Bình
25243	698	3	xã	Bình Tân
25244	698	3	xã	Bình Sơn
25246	698	3	xã	Long Hưng
25250	698	3	xã	Phước Tân
25252	698	3	xã	Bù Nho
25255	698	3	xã	Long Hà
25258	698	3	xã	Long Tân
25261	698	3	xã	Phú Trung
25264	698	3	xã	Phú Riềng
72		1	tỉnh	Tây Ninh
703	72	2	thành phố	Tây Ninh
25456	703	3	phường	1
25459	703	3	phường	3
25462	703	3	phường	4
25465	703	3	phường	Hiệp Ninh
25468	703	3	phường	2
25471	703	3	xã	Thạnh Tân
25474	703	3	xã	Tân Bình
25477	703	3	xã	Bình Minh
25480	703	3	phường	Ninh Sơn
25483	703	3	phường	Ninh Thạnh
705	72	2	huyện	Tân Biên
25486	705	3	thị trấn	Tân Biên
25489	705	3	xã	Tân Lập
25492	705	3	xã	Thạnh Bắc
25495	705	3	xã	Tân Bình
25498	705	3	xã	Thạnh Bình
25501	705	3	xã	Thạnh Tây
25504	705	3	xã	Hòa Hiệp
25507	705	3	xã	Tân Phong
25510	705	3	xã	Mỏ Công
25513	705	3	xã	Trà Vong
706	72	2	huyện	Tân Châu
25516	706	3	thị trấn	Tân Châu
25519	706	3	xã	Tân Hà
25522	706	3	xã	Tân Đông
25525	706	3	xã	Tân Hội
25528	706	3	xã	Tân Hòa
25531	706	3	xã	Suối Ngô
25534	706	3	xã	Suối Dây
25537	706	3	xã	Tân Hiệp
25540	706	3	xã	Thạnh Đông
25543	706	3	xã	Tân Thành
25546	706	3	xã	Tân Phú
25549	706	3	xã	Tân Hưng
707	72	2	huyện	Dương Minh Châu
25552	707	3	thị trấn	Dương Minh Châu
25555	707	3	xã	Suối Đá
25558	707	3	xã	Phan
25561	707	3	xã	Phước Ninh
25564	707	3	xã	Phước Minh
25567	707	3	xã	Bàu Năng
25570	707	3	xã	Chà Là
25573	707	3	xã	Cầu Khởi
25576	707	3	xã	Bến Củi
25579	707	3	xã	Lộc Ninh
25582	707	3	xã	Truông Mít
708	72	2	huyện	Châu Thành
25585	708	3	thị trấn	Châu Thành
25588	708	3	xã	Hảo Đước
25591	708	3	xã	Phước Vinh
25594	708	3	xã	Đồng Khởi
25597	708	3	xã	Thái Bình
25600	708	3	xã	An Cơ
25603	708	3	xã	Biên Giới
25606	708	3	xã	Hòa Thạnh
25609	708	3	xã	Trí Bình
25612	708	3	xã	Hòa Hội
25615	708	3	xã	An Bình
25618	708	3	xã	Thanh Điền
25621	708	3	xã	Thành Long
25624	708	3	xã	Ninh Điền
25627	708	3	xã	Long Vĩnh
709	72	2	thị xã	Hòa Thành
25630	709	3	phường	Long Hoa
25633	709	3	phường	Hiệp Tân
25636	709	3	phường	Long Thành Bắc
25639	709	3	xã	Trường Hòa
25642	709	3	xã	Trường Đông
25645	709	3	phường	Long Thành Trung
25648	709	3	xã	Trường Tây
25651	709	3	xã	Long Thành Nam
710	72	2	huyện	Gò Dầu
25654	710	3	thị trấn	Gò Dầu
25657	710	3	xã	Thạnh Đức
25660	710	3	xã	Cẩm Giang
25663	710	3	xã	Hiệp Thạnh
25666	710	3	xã	Bàu Đồn
25669	710	3	xã	Phước Thạnh
25672	710	3	xã	Phước Đông
25675	710	3	xã	Phước Trạch
25678	710	3	xã	Thanh Phước
711	72	2	huyện	Bến Cầu
25681	711	3	thị trấn	Bến Cầu
25684	711	3	xã	Long Chữ
25687	711	3	xã	Long Phước
25690	711	3	xã	Long Giang
25693	711	3	xã	Tiên Thuận
25696	711	3	xã	Long Khánh
25699	711	3	xã	Lợi Thuận
25702	711	3	xã	Long Thuận
25705	711	3	xã	An Thạnh
712	72	2	thị xã	Trảng Bàng
25708	712	3	phường	Trảng Bàng
25711	712	3	xã	Đôn Thuận
25714	712	3	xã	Hưng Thuận
25717	712	3	phường	Lộc Hưng
25720	712	3	phường	Gia Lộc
25723	712	3	phường	Gia Bình
25729	712	3	xã	Phước Bình
25732	712	3	phường	An Tịnh
25735	712	3	phường	An Hòa
25738	712	3	xã	Phước Chỉ
74		1	tỉnh	Bình Dương
718	74	2	thành phố	Thủ Dầu Một
25741	718	3	phường	Hiệp Thành
25744	718	3	phường	Phú Lợi
25747	718	3	phường	Phú Cường
25750	718	3	phường	Phú Hòa
25753	718	3	phường	Phú Thọ
25756	718	3	phường	Chánh Nghĩa
25759	718	3	phường	Định Hoà
25760	718	3	phường	Hoà Phú
25762	718	3	phường	Phú Mỹ
25763	718	3	phường	Phú Tân
25765	718	3	phường	Tân An
25768	718	3	phường	Hiệp An
25771	718	3	phường	Tương Bình Hiệp
25774	718	3	phường	Chánh Mỹ
719	74	2	huyện	Bàu Bàng
25816	719	3	xã	Trừ Văn Thố
25819	719	3	xã	Cây Trường II
25822	719	3	thị trấn	Lai Uyên
25825	719	3	xã	Tân Hưng
25828	719	3	xã	Long Nguyên
25831	719	3	xã	Hưng Hòa
25834	719	3	xã	Lai Hưng
720	74	2	huyện	Dầu Tiếng
25777	720	3	thị trấn	Dầu Tiếng
25780	720	3	xã	Minh Hoà
25783	720	3	xã	Minh Thạnh
25786	720	3	xã	Minh Tân
25789	720	3	xã	Định An
25792	720	3	xã	Long Hoà
25795	720	3	xã	Định Thành
25798	720	3	xã	Định Hiệp
25801	720	3	xã	An Lập
25804	720	3	xã	Long Tân
25807	720	3	xã	Thanh An
25810	720	3	xã	Thanh Tuyền
721	74	2	thành phố	Bến Cát
25813	721	3	phường	Mỹ Phước
25837	721	3	phường	Chánh Phú Hòa
25840	721	3	phường	An Điền
25843	721	3	phường	An Tây
25846	721	3	phường	Thới Hòa
25849	721	3	phường	Hòa Lợi
25852	721	3	phường	Tân Định
25855	721	3	xã	Phú An
722	74	2	huyện	Phú Giáo
25858	722	3	thị trấn	Phước Vĩnh
25861	722	3	xã	An Linh
25864	722	3	xã	Phước Sang
25865	722	3	xã	An Thái
25867	722	3	xã	An Long
25870	722	3	xã	An Bình
25873	722	3	xã	Tân Hiệp
25876	722	3	xã	Tam Lập
25879	722	3	xã	Tân Long
25882	722	3	xã	Vĩnh Hoà
25885	722	3	xã	Phước Hoà
723	74	2	thành phố	Tân Uyên
25888	723	3	phường	Uyên Hưng
25891	723	3	phường	Tân Phước Khánh
25912	723	3	phường	Vĩnh Tân
25915	723	3	phường	Hội Nghĩa
25920	723	3	phường	Tân Hiệp
25921	723	3	phường	Khánh Bình
25924	723	3	phường	Phú Chánh
25930	723	3	xã	Bạch Đằng
25933	723	3	phường	Tân Vĩnh Hiệp
25936	723	3	phường	Thạnh Phước
25937	723	3	xã	Thạnh Hội
25939	723	3	phường	Thái Hòa
724	74	2	thành phố	Dĩ An
25942	724	3	phường	Dĩ An
25945	724	3	phường	Tân Bình
25948	724	3	phường	Tân Đông Hiệp
25951	724	3	phường	Bình An
25954	724	3	phường	Bình Thắng
25957	724	3	phường	Đông Hòa
25960	724	3	phường	An Bình
725	74	2	thành phố	Thuận An
25963	725	3	phường	An Thạnh
25966	725	3	phường	Lái Thiêu
25969	725	3	phường	Bình Chuẩn
25972	725	3	phường	Thuận Giao
25975	725	3	phường	An Phú
25978	725	3	phường	Hưng Định
25981	725	3	xã	An Sơn
25984	725	3	phường	Bình Nhâm
25987	725	3	phường	Bình Hòa
25990	725	3	phường	Vĩnh Phú
726	74	2	huyện	Bắc Tân Uyên
25894	726	3	xã	Tân Định
25897	726	3	xã	Bình Mỹ
25900	726	3	thị trấn	Tân Bình
25903	726	3	xã	Tân Lập
25906	726	3	thị trấn	Tân Thành
25907	726	3	xã	Đất Cuốc
25908	726	3	xã	Hiếu Liêm
25909	726	3	xã	Lạc An
25918	726	3	xã	Tân Mỹ
25927	726	3	xã	Thường Tân
75		1	tỉnh	Đồng Nai
731	75	2	thành phố	Biên Hòa
25993	731	3	phường	Trảng Dài
25996	731	3	phường	Tân Phong
25999	731	3	phường	Tân Biên
26002	731	3	phường	Hố Nai
26005	731	3	phường	Tân Hòa
26008	731	3	phường	Tân Hiệp
26011	731	3	phường	Bửu Long
26014	731	3	phường	Tân Mai
26017	731	3	phường	Tam Hiệp
26020	731	3	phường	Long Bình
26023	731	3	phường	Quang Vinh
26029	731	3	phường	Thống Nhất
26041	731	3	phường	Trung Dũng
26047	731	3	phường	Bình Đa
26050	731	3	phường	An Bình
26053	731	3	phường	Bửu Hòa
26056	731	3	phường	Long Bình Tân
26059	731	3	phường	Tân Vạn
26062	731	3	phường	Tân Hạnh
26065	731	3	phường	Hiệp Hòa
26068	731	3	phường	Hóa An
26371	731	3	phường	An Hòa
26374	731	3	phường	Tam Phước
26377	731	3	phường	Phước Tân
26380	731	3	xã	Long Hưng
732	75	2	thành phố	Long Khánh
26077	732	3	phường	Xuân Bình
26080	732	3	phường	Xuân An
26083	732	3	phường	Xuân Hoà
26086	732	3	phường	Phú Bình
26089	732	3	xã	Bình Lộc
26092	732	3	xã	Bảo Quang
26095	732	3	phường	Suối Tre
26098	732	3	phường	Bảo Vinh
26101	732	3	phường	Xuân Lập
26104	732	3	phường	Bàu Sen
26107	732	3	xã	Bàu Trâm
26110	732	3	phường	Xuân Tân
26113	732	3	xã	Hàng Gòn
734	75	2	huyện	Tân Phú
26116	734	3	thị trấn	Tân Phú
26119	734	3	xã	Dak Lua
26122	734	3	xã	Nam Cát Tiên
26125	734	3	xã	Phú An
26131	734	3	xã	Tà Lài
26134	734	3	xã	Phú Lập
26140	734	3	xã	Phú Thịnh
26143	734	3	xã	Thanh Sơn
26146	734	3	xã	Phú Sơn
26149	734	3	xã	Phú Xuân
26152	734	3	xã	Phú Lộc
26155	734	3	xã	Phú Lâm
26158	734	3	xã	Phú Bình
26161	734	3	xã	Phú Thanh
26164	734	3	xã	Trà Cổ
26167	734	3	xã	Phú Điền
735	75	2	huyện	Vĩnh Cửu
26170	735	3	thị trấn	Vĩnh An
26173	735	3	xã	Phú Lý
26176	735	3	xã	Trị An
26179	735	3	xã	Tân An
26182	735	3	xã	Vĩnh Tân
26185	735	3	xã	Bình Lợi
26188	735	3	xã	Thạnh Phú
26191	735	3	xã	Thiện Tân
26194	735	3	xã	Tân Bình
26200	735	3	xã	Mã Đà
736	75	2	huyện	Định Quán
26206	736	3	thị trấn	Định Quán
26209	736	3	xã	Thanh Sơn
26212	736	3	xã	Phú Tân
26215	736	3	xã	Phú Vinh
26218	736	3	xã	Phú Lợi
26221	736	3	xã	Phú Hòa
26224	736	3	xã	Ngọc Định
26227	736	3	xã	La Ngà
26230	736	3	xã	Gia Canh
26233	736	3	xã	Phú Ngọc
26236	736	3	xã	Phú Cường
26239	736	3	xã	Túc Trưng
26242	736	3	xã	Phú Túc
26245	736	3	xã	Suối Nho
737	75	2	huyện	Trảng Bom
26248	737	3	thị trấn	Trảng Bom
26251	737	3	xã	Thanh Bình
26254	737	3	xã	Cây Gáo
26257	737	3	xã	Bàu Hàm
26260	737	3	xã	Sông Thao
26263	737	3	xã	Sông Trầu
26266	737	3	xã	Đông Hoà
26269	737	3	xã	Bắc Sơn
26272	737	3	xã	Hố Nai 3
26275	737	3	xã	Tây Hoà
26278	737	3	xã	Bình Minh
26281	737	3	xã	Trung Hoà
26284	737	3	xã	Đồi 61
26287	737	3	xã	Hưng Thịnh
26290	737	3	xã	Quảng Tiến
26293	737	3	xã	Giang Điền
26296	737	3	xã	An Viễn
738	75	2	huyện	Thống Nhất
26299	738	3	xã	Gia Tân 1
26302	738	3	xã	Gia Tân 2
26305	738	3	xã	Gia Tân 3
26308	738	3	xã	Gia Kiệm
26311	738	3	xã	Quang Trung
26314	738	3	xã	Bàu Hàm 2
26317	738	3	xã	Hưng Lộc
26320	738	3	xã	Lộ 25
26323	738	3	xã	Xuân Thiện
26326	738	3	thị trấn	Dầu Giây
739	75	2	huyện	Cẩm Mỹ
26329	739	3	xã	Sông Nhạn
26332	739	3	xã	Xuân Quế
26335	739	3	xã	Nhân Nghĩa
26338	739	3	xã	Xuân Đường
26341	739	3	thị trấn	Long Giao
26344	739	3	xã	Xuân Mỹ
26347	739	3	xã	Thừa Đức
26350	739	3	xã	Bảo Bình
26353	739	3	xã	Xuân Bảo
26356	739	3	xã	Xuân Tây
26359	739	3	xã	Xuân Đông
26362	739	3	xã	Sông Ray
26365	739	3	xã	Lâm San
740	75	2	huyện	Long Thành
26368	740	3	thị trấn	Long Thành
26383	740	3	xã	An Phước
26386	740	3	xã	Bình An
26389	740	3	xã	Long Đức
26392	740	3	xã	Lộc An
26395	740	3	xã	Bình Sơn
26398	740	3	xã	Tam An
26401	740	3	xã	Cẩm Đường
26404	740	3	xã	Long An
26410	740	3	xã	Bàu Cạn
26413	740	3	xã	Long Phước
26416	740	3	xã	Phước Bình
26419	740	3	xã	Tân Hiệp
26422	740	3	xã	Phước Thái
741	75	2	huyện	Xuân Lộc
26425	741	3	thị trấn	Gia Ray
26428	741	3	xã	Xuân Bắc
26431	741	3	xã	Suối Cao
26434	741	3	xã	Xuân Thành
26437	741	3	xã	Xuân Thọ
26440	741	3	xã	Xuân Trường
26443	741	3	xã	Xuân Hòa
26446	741	3	xã	Xuân Hưng
26449	741	3	xã	Xuân Tâm
26452	741	3	xã	Suối Cát
26455	741	3	xã	Xuân Hiệp
26458	741	3	xã	Xuân Phú
26461	741	3	xã	Xuân Định
26464	741	3	xã	Bảo Hoà
26467	741	3	xã	Lang Minh
742	75	2	huyện	Nhơn Trạch
26470	742	3	xã	Phước Thiền
26473	742	3	xã	Long Tân
26476	742	3	xã	Đại Phước
26479	742	3	thị trấn	Hiệp Phước
26482	742	3	xã	Phú Hữu
26485	742	3	xã	Phú Hội
26488	742	3	xã	Phú Thạnh
26491	742	3	xã	Phú Đông
26494	742	3	xã	Long Thọ
26497	742	3	xã	Vĩnh Thanh
26500	742	3	xã	Phước Khánh
26503	742	3	xã	Phước An
77		1	tỉnh	Bà Rịa - Vũng Tàu
747	77	2	thành phố	Vũng Tàu
26506	747	3	phường	1
26508	747	3	phường	Thắng Tam
26509	747	3	phường	2
26512	747	3	phường	3
26515	747	3	phường	4
26518	747	3	phường	5
26521	747	3	phường	Thắng Nhì
26524	747	3	phường	7
26526	747	3	phường	Nguyễn An Ninh
26527	747	3	phường	8
26530	747	3	phường	9
26533	747	3	phường	Thắng Nhất
26535	747	3	phường	Rạch Dừa
26536	747	3	phường	10
26539	747	3	phường	11
26542	747	3	phường	12
26545	747	3	xã	Long Sơn
748	77	2	thành phố	Bà Rịa
26548	748	3	phường	Phước Hưng
26554	748	3	phường	Phước Nguyên
26557	748	3	phường	Long Toàn
26558	748	3	phường	Long Tâm
26560	748	3	phường	Phước Trung
26563	748	3	phường	Long Hương
26566	748	3	phường	Kim Dinh
26567	748	3	xã	Tân Hưng
26569	748	3	xã	Long Phước
26572	748	3	xã	Hoà Long
750	77	2	huyện	Châu Đức
26574	750	3	xã	Bàu Chinh
26575	750	3	thị trấn	Ngãi Giao
26578	750	3	xã	Bình Ba
26581	750	3	xã	Suối Nghệ
26584	750	3	xã	Xuân Sơn
26587	750	3	xã	Sơn Bình
26590	750	3	xã	Bình Giã
26593	750	3	xã	Bình Trung
26596	750	3	xã	Xà Bang
26599	750	3	xã	Cù Bị
26602	750	3	xã	Láng Lớn
26605	750	3	xã	Quảng Thành
26608	750	3	thị trấn	Kim Long
26611	750	3	xã	Suối Rao
26614	750	3	xã	Đá Bạc
26617	750	3	xã	Nghĩa Thành
751	77	2	huyện	Xuyên Mộc
26620	751	3	thị trấn	Phước Bửu
26623	751	3	xã	Phước Thuận
26626	751	3	xã	Phước Tân
26629	751	3	xã	Xuyên Mộc
26632	751	3	xã	Bông Trang
26635	751	3	xã	Tân Lâm
26638	751	3	xã	Bàu Lâm
26641	751	3	xã	Hòa Bình
26644	751	3	xã	Hòa Hưng
26647	751	3	xã	Hòa Hiệp
26650	751	3	xã	Hòa Hội
26653	751	3	xã	Bưng Riềng
26656	751	3	xã	Bình Châu
753	77	2	huyện	Long Đất
26659	753	3	thị trấn	Long Điền
26662	753	3	thị trấn	Long Hải
26668	753	3	xã	Tam An
26674	753	3	xã	Phước Tỉnh
26677	753	3	xã	Phước Hưng
26680	753	3	thị trấn	Đất Đỏ
26683	753	3	xã	Phước Long Thọ
26686	753	3	xã	Phước Hội
26689	753	3	thị trấn	Phước Hải
26695	753	3	xã	Long Tân
26698	753	3	xã	Láng Dài
754	77	2	thành phố	Phú Mỹ
26704	754	3	phường	Phú Mỹ
26707	754	3	phường	Tân Hoà
26710	754	3	phường	Tân Hải
26713	754	3	phường	Phước Hoà
26716	754	3	phường	Tân Phước
26719	754	3	phường	Mỹ Xuân
26722	754	3	xã	Sông Xoài
26725	754	3	phường	Hắc Dịch
26728	754	3	xã	Châu Pha
26731	754	3	xã	Tóc Tiên
755	77	2	huyện	Côn Đảo
79		1	thành phố	Hồ Chí Minh
760	79	2	quận	1
26734	760	3	phường	Tân Định
26737	760	3	phường	Đa Kao
26740	760	3	phường	Bến Nghé
26743	760	3	phường	Bến Thành
26746	760	3	phường	Nguyễn Thái Bình
26749	760	3	phường	Phạm Ngũ Lão
26752	760	3	phường	Cầu Ông Lãnh
26755	760	3	phường	Cô Giang
26758	760	3	phường	Nguyễn Cư Trinh
26761	760	3	phường	Cầu Kho
761	79	2	quận	12
26764	761	3	phường	Thạnh Xuân
26767	761	3	phường	Thạnh Lộc
26770	761	3	phường	Hiệp Thành
26773	761	3	phường	Thới An
26776	761	3	phường	Tân Chánh Hiệp
26779	761	3	phường	An Phú Đông
26782	761	3	phường	Tân Thới Hiệp
26785	761	3	phường	Trung Mỹ Tây
26787	761	3	phường	Tân Hưng Thuận
26788	761	3	phường	Đông Hưng Thuận
26791	761	3	phường	Tân Thới Nhất
764	79	2	quận	Gò Vấp
26872	764	3	phường	15
26875	764	3	phường	17
26876	764	3	phường	6
26878	764	3	phường	16
26881	764	3	phường	12
26882	764	3	phường	14
26884	764	3	phường	10
26887	764	3	phường	5
26890	764	3	phường	1
26898	764	3	phường	8
26899	764	3	phường	11
26902	764	3	phường	3
765	79	2	quận	Bình Thạnh
26905	765	3	phường	13
26908	765	3	phường	11
26911	765	3	phường	27
26914	765	3	phường	26
26917	765	3	phường	12
26920	765	3	phường	25
26923	765	3	phường	5
26926	765	3	phường	7
26929	765	3	phường	14
26941	765	3	phường	2
26944	765	3	phường	1
26950	765	3	phường	17
26953	765	3	phường	19
26956	765	3	phường	22
26962	765	3	phường	28
766	79	2	quận	Tân Bình
26965	766	3	phường	2
26968	766	3	phường	4
26971	766	3	phường	12
26974	766	3	phường	13
26977	766	3	phường	1
26980	766	3	phường	3
26983	766	3	phường	11
26986	766	3	phường	7
26989	766	3	phường	5
26992	766	3	phường	10
26995	766	3	phường	6
26998	766	3	phường	8
27001	766	3	phường	9
27004	766	3	phường	14
27007	766	3	phường	15
767	79	2	quận	Tân Phú
27010	767	3	phường	Tân Sơn Nhì
27013	767	3	phường	Tây Thạnh
27016	767	3	phường	Sơn Kỳ
27019	767	3	phường	Tân Quý
27022	767	3	phường	Tân Thành
27025	767	3	phường	Phú Thọ Hòa
27028	767	3	phường	Phú Thạnh
27031	767	3	phường	Phú Trung
27034	767	3	phường	Hòa Thạnh
27037	767	3	phường	Hiệp Tân
27040	767	3	phường	Tân Thới Hòa
768	79	2	quận	Phú Nhuận
27043	768	3	phường	4
27046	768	3	phường	5
27049	768	3	phường	9
27052	768	3	phường	7
27058	768	3	phường	1
27061	768	3	phường	2
27064	768	3	phường	8
27070	768	3	phường	10
27073	768	3	phường	11
27076	768	3	phường	15
27085	768	3	phường	13
769	79	2	thành phố	Thủ Đức
26794	769	3	phường	Linh Xuân
26797	769	3	phường	Bình Chiểu
26800	769	3	phường	Linh Trung
26803	769	3	phường	Tam Bình
26806	769	3	phường	Tam Phú
26809	769	3	phường	Hiệp Bình Phước
26812	769	3	phường	Hiệp Bình Chánh
26815	769	3	phường	Linh Chiểu
26818	769	3	phường	Linh Tây
26821	769	3	phường	Linh Đông
26824	769	3	phường	Bình Thọ
26827	769	3	phường	Trường Thọ
26830	769	3	phường	Long Bình
26833	769	3	phường	Long Thạnh Mỹ
26836	769	3	phường	Tân Phú
26839	769	3	phường	Hiệp Phú
26842	769	3	phường	Tăng Nhơn Phú A
26845	769	3	phường	Tăng Nhơn Phú B
26848	769	3	phường	Phước Long B
26851	769	3	phường	Phước Long A
26854	769	3	phường	Trường Thạnh
26857	769	3	phường	Long Phước
26860	769	3	phường	Long Trường
26863	769	3	phường	Phước Bình
26866	769	3	phường	Phú Hữu
27088	769	3	phường	Thảo Điền
27091	769	3	phường	An Phú
27094	769	3	phường	An Khánh
27097	769	3	phường	Bình Trưng Đông
27100	769	3	phường	Bình Trưng Tây
27109	769	3	phường	Cát Lái
27112	769	3	phường	Thạnh Mỹ Lợi
27115	769	3	phường	An Lợi Đông
27118	769	3	phường	Thủ Thiêm
770	79	2	quận	3
27127	770	3	phường	14
27130	770	3	phường	12
27133	770	3	phường	11
27139	770	3	phường	Võ Thị Sáu
27142	770	3	phường	9
27148	770	3	phường	4
27151	770	3	phường	5
27154	770	3	phường	3
27157	770	3	phường	2
27160	770	3	phường	1
771	79	2	quận	10
27163	771	3	phường	15
27166	771	3	phường	13
27169	771	3	phường	14
27172	771	3	phường	12
27178	771	3	phường	10
27181	771	3	phường	9
27184	771	3	phường	1
27187	771	3	phường	8
27190	771	3	phường	2
27193	771	3	phường	4
27202	771	3	phường	6
772	79	2	quận	11
27208	772	3	phường	15
27211	772	3	phường	5
27214	772	3	phường	14
27220	772	3	phường	3
27226	772	3	phường	11
27229	772	3	phường	8
27232	772	3	phường	10
27238	772	3	phường	7
27247	772	3	phường	1
27253	772	3	phường	16
773	79	2	quận	4
27259	773	3	phường	13
27265	773	3	phường	9
27271	773	3	phường	8
27277	773	3	phường	18
27283	773	3	phường	4
27286	773	3	phường	3
27289	773	3	phường	16
27292	773	3	phường	2
27295	773	3	phường	15
27298	773	3	phường	1
774	79	2	quận	5
27301	774	3	phường	4
27304	774	3	phường	9
27307	774	3	phường	2
27310	774	3	phường	12
27316	774	3	phường	7
27325	774	3	phường	1
27328	774	3	phường	11
27331	774	3	phường	14
27334	774	3	phường	5
27343	774	3	phường	13
775	79	2	quận	6
27346	775	3	phường	14
27349	775	3	phường	13
27352	775	3	phường	9
27358	775	3	phường	12
27364	775	3	phường	11
27367	775	3	phường	2
27373	775	3	phường	1
27376	775	3	phường	8
27382	775	3	phường	7
27385	775	3	phường	10
776	79	2	quận	8
27397	776	3	phường	Rạch Ông
27403	776	3	phường	Hưng Phú
27409	776	3	phường	4
27415	776	3	phường	Xóm Củi
27418	776	3	phường	5
27421	776	3	phường	14
27424	776	3	phường	6
27427	776	3	phường	15
27430	776	3	phường	16
27433	776	3	phường	7
777	79	2	quận	Bình Tân
27436	777	3	phường	Bình Hưng Hòa
27439	777	3	phường	Bình Hưng Hoà A
27442	777	3	phường	Bình Hưng Hoà B
27445	777	3	phường	Bình Trị Đông
27448	777	3	phường	Bình Trị Đông A
27451	777	3	phường	Bình Trị Đông B
27454	777	3	phường	Tân Tạo
27457	777	3	phường	Tân Tạo A
27460	777	3	phường	An Lạc
27463	777	3	phường	An Lạc A
778	79	2	quận	7
27466	778	3	phường	Tân Thuận Đông
27469	778	3	phường	Tân Thuận Tây
27472	778	3	phường	Tân Kiểng
27475	778	3	phường	Tân Hưng
27478	778	3	phường	Bình Thuận
27481	778	3	phường	Tân Quy
27484	778	3	phường	Phú Thuận
27487	778	3	phường	Tân Phú
27490	778	3	phường	Tân Phong
27493	778	3	phường	Phú Mỹ
783	79	2	huyện	Củ Chi
27496	783	3	thị trấn	Củ Chi
27499	783	3	xã	Phú Mỹ Hưng
27502	783	3	xã	An Phú
27505	783	3	xã	Trung Lập Thượng
27508	783	3	xã	An Nhơn Tây
27511	783	3	xã	Nhuận Đức
27514	783	3	xã	Phạm Văn Cội
27517	783	3	xã	Phú Hòa Đông
27520	783	3	xã	Trung Lập Hạ
27523	783	3	xã	Trung An
27526	783	3	xã	Phước Thạnh
27529	783	3	xã	Phước Hiệp
27532	783	3	xã	Tân An Hội
27535	783	3	xã	Phước Vĩnh An
27538	783	3	xã	Thái Mỹ
27541	783	3	xã	Tân Thạnh Tây
27544	783	3	xã	Hòa Phú
27547	783	3	xã	Tân Thạnh Đông
27550	783	3	xã	Bình Mỹ
27553	783	3	xã	Tân Phú Trung
27556	783	3	xã	Tân Thông Hội
784	79	2	huyện	Hóc Môn
27559	784	3	thị trấn	Hóc Môn
27562	784	3	xã	Tân Hiệp
27565	784	3	xã	Nhị Bình
27568	784	3	xã	Đông Thạnh
27571	784	3	xã	Tân Thới Nhì
27574	784	3	xã	Thới Tam Thôn
27577	784	3	xã	Xuân Thới Sơn
27580	784	3	xã	Tân Xuân
27583	784	3	xã	Xuân Thới Đông
27586	784	3	xã	Trung Chánh
27589	784	3	xã	Xuân Thới Thượng
27592	784	3	xã	Bà Điểm
785	79	2	huyện	Bình Chánh
27595	785	3	thị trấn	Tân Túc
27598	785	3	xã	Phạm Văn Hai
27601	785	3	xã	Vĩnh Lộc A
27604	785	3	xã	Vĩnh Lộc B
27607	785	3	xã	Bình Lợi
27610	785	3	xã	Lê Minh Xuân
27613	785	3	xã	Tân Nhựt
27616	785	3	xã	Tân Kiên
27619	785	3	xã	Bình Hưng
27622	785	3	xã	Phong Phú
27625	785	3	xã	An Phú Tây
27628	785	3	xã	Hưng Long
27631	785	3	xã	Đa Phước
27634	785	3	xã	Tân Quý Tây
27637	785	3	xã	Bình Chánh
27640	785	3	xã	Quy Đức
786	79	2	huyện	Nhà Bè
27643	786	3	thị trấn	Nhà Bè
27646	786	3	xã	Phước Kiển
27649	786	3	xã	Phước Lộc
27652	786	3	xã	Nhơn Đức
27655	786	3	xã	Phú Xuân
27658	786	3	xã	Long Thới
27661	786	3	xã	Hiệp Phước
787	79	2	huyện	Cần Giờ
27664	787	3	thị trấn	Cần Thạnh
27667	787	3	xã	Bình Khánh
27670	787	3	xã	Tam Thôn Hiệp
27673	787	3	xã	An Thới Đông
27676	787	3	xã	Thạnh An
27679	787	3	xã	Long Hòa
27682	787	3	xã	Lý Nhơn
80		1	tỉnh	Long An
794	80	2	thành phố	Tân An
27685	794	3	phường	5
27691	794	3	phường	4
27692	794	3	phường	Tân Khánh
27694	794	3	phường	1
27697	794	3	phường	3
27698	794	3	phường	7
27700	794	3	phường	6
27703	794	3	xã	Hướng Thọ Phú
27706	794	3	xã	Nhơn Thạnh Trung
27709	794	3	xã	Lợi Bình Nhơn
27712	794	3	xã	Bình Tâm
27715	794	3	phường	Khánh Hậu
27718	794	3	xã	An Vĩnh Ngãi
795	80	2	thị xã	Kiến Tường
27787	795	3	phường	1
27788	795	3	phường	2
27790	795	3	xã	Thạnh Trị
27793	795	3	xã	Bình Hiệp
27799	795	3	xã	Bình Tân
27805	795	3	xã	Tuyên Thạnh
27806	795	3	phường	3
27817	795	3	xã	Thạnh Hưng
796	80	2	huyện	Tân Hưng
27721	796	3	thị trấn	Tân Hưng
27724	796	3	xã	Hưng Hà
27727	796	3	xã	Hưng Điền B
27730	796	3	xã	Hưng Điền
27733	796	3	xã	Thạnh Hưng
27736	796	3	xã	Hưng Thạnh
27739	796	3	xã	Vĩnh Thạnh
27742	796	3	xã	Vĩnh Châu B
27745	796	3	xã	Vĩnh Lợi
27748	796	3	xã	Vĩnh Đại
27751	796	3	xã	Vĩnh Châu A
27754	796	3	xã	Vĩnh Bửu
797	80	2	huyện	Vĩnh Hưng
27757	797	3	thị trấn	Vĩnh Hưng
27760	797	3	xã	Hưng Điền A
27763	797	3	xã	Khánh Hưng
27766	797	3	xã	Thái Trị
27769	797	3	xã	Vĩnh Trị
27772	797	3	xã	Thái Bình Trung
27775	797	3	xã	Vĩnh Bình
27778	797	3	xã	Vĩnh Thuận
27781	797	3	xã	Tuyên Bình
27784	797	3	xã	Tuyên Bình Tây
798	80	2	huyện	Mộc Hóa
27796	798	3	xã	Bình Hòa Tây
27802	798	3	xã	Bình Thạnh
27808	798	3	xã	Bình Hòa Trung
27811	798	3	xã	Bình Hòa Đông
27814	798	3	thị trấn	Bình Phong Thạnh
27820	798	3	xã	Tân Lập
27823	798	3	xã	Tân Thành
799	80	2	huyện	Tân Thạnh
27826	799	3	thị trấn	Tân Thạnh
27829	799	3	xã	Bắc Hòa
27832	799	3	xã	Hậu Thạnh Tây
27835	799	3	xã	Nhơn Hòa Lập
27838	799	3	xã	Tân Lập
27841	799	3	xã	Hậu Thạnh Đông
27844	799	3	xã	Nhơn Hoà
27847	799	3	xã	Kiến Bình
27850	799	3	xã	Tân Thành
27853	799	3	xã	Tân Bình
27856	799	3	xã	Tân Ninh
27859	799	3	xã	Nhơn Ninh
27862	799	3	xã	Tân Hòa
800	80	2	huyện	Thạnh Hóa
27865	800	3	thị trấn	Thạnh Hóa
27868	800	3	xã	Tân Hiệp
27871	800	3	xã	Thuận Bình
27874	800	3	xã	Thạnh Phước
27877	800	3	xã	Thạnh Phú
27880	800	3	xã	Thuận Nghĩa Hòa
27883	800	3	xã	Thủy Đông
27886	800	3	xã	Thủy Tây
27889	800	3	xã	Tân Tây
27892	800	3	xã	Tân Đông
27895	800	3	xã	Thạnh An
801	80	2	huyện	Đức Huệ
27898	801	3	thị trấn	Đông Thành
27901	801	3	xã	Mỹ Quý Đông
27904	801	3	xã	Mỹ Thạnh Bắc
27907	801	3	xã	Mỹ Quý Tây
27910	801	3	xã	Mỹ Thạnh Tây
27913	801	3	xã	Mỹ Thạnh Đông
27916	801	3	xã	Bình Thành
27919	801	3	xã	Bình Hòa Bắc
27922	801	3	xã	Bình Hòa Hưng
27925	801	3	xã	Bình Hòa Nam
27928	801	3	xã	Mỹ Bình
802	80	2	huyện	Đức Hòa
27931	802	3	thị trấn	Hậu Nghĩa
27934	802	3	thị trấn	Hiệp Hòa
27937	802	3	thị trấn	Đức Hòa
27940	802	3	xã	Lộc Giang
27943	802	3	xã	An Ninh Đông
27946	802	3	xã	An Ninh Tây
27949	802	3	xã	Tân Mỹ
27952	802	3	xã	Hiệp Hòa
27955	802	3	xã	Đức Lập Thượng
27958	802	3	xã	Đức Lập Hạ
27961	802	3	xã	Tân Phú
27964	802	3	xã	Mỹ Hạnh Bắc
27967	802	3	xã	Đức Hòa Thượng
27970	802	3	xã	Hòa Khánh Tây
27973	802	3	xã	Hòa Khánh Đông
27976	802	3	xã	Mỹ Hạnh Nam
27979	802	3	xã	Hòa Khánh Nam
27982	802	3	xã	Đức Hòa Đông
27985	802	3	xã	Đức Hòa Hạ
27988	802	3	xã	Hựu Thạnh
803	80	2	huyện	Bến Lức
27991	803	3	thị trấn	Bến Lức
27994	803	3	xã	Thạnh Lợi
27997	803	3	xã	Lương Bình
28000	803	3	xã	Thạnh Hòa
28003	803	3	xã	Lương Hòa
28009	803	3	xã	Tân Bửu
28012	803	3	xã	An Thạnh
28015	803	3	xã	Bình Đức
28018	803	3	xã	Mỹ Yên
28021	803	3	xã	Thanh Phú
28024	803	3	xã	Long Hiệp
28027	803	3	xã	Thạnh Đức
28030	803	3	xã	Phước Lợi
28033	803	3	xã	Nhựt Chánh
804	80	2	huyện	Thủ Thừa
28036	804	3	thị trấn	Thủ Thừa
28039	804	3	xã	Long Thạnh
28042	804	3	xã	Tân Thành
28045	804	3	xã	Long Thuận
28048	804	3	xã	Mỹ Lạc
28051	804	3	xã	Mỹ Thạnh
28054	804	3	xã	Bình An
28057	804	3	xã	Nhị Thành
28060	804	3	xã	Mỹ An
28063	804	3	xã	Bình Thạnh
28066	804	3	xã	Mỹ Phú
28072	804	3	xã	Tân Long
805	80	2	huyện	Tân Trụ
28075	805	3	thị trấn	Tân Trụ
28078	805	3	xã	Tân Bình
28084	805	3	xã	Quê Mỹ Thạnh
28087	805	3	xã	Lạc Tấn
28090	805	3	xã	Bình Trinh Đông
28093	805	3	xã	Tân Phước Tây
28096	805	3	xã	Bình Lãng
28099	805	3	xã	Bình Tịnh
28102	805	3	xã	Đức Tân
28105	805	3	xã	Nhựt Ninh
806	80	2	huyện	Cần Đước
28108	806	3	thị trấn	Cần Đước
28111	806	3	xã	Long Trạch
28114	806	3	xã	Long Khê
28117	806	3	xã	Long Định
28120	806	3	xã	Phước Vân
28123	806	3	xã	Long Hòa
28126	806	3	xã	Long Cang
28129	806	3	xã	Long Sơn
28132	806	3	xã	Tân Trạch
28135	806	3	xã	Mỹ Lệ
28138	806	3	xã	Tân Lân
28141	806	3	xã	Phước Tuy
28144	806	3	xã	Long Hựu Đông
28147	806	3	xã	Tân Ân
28150	806	3	xã	Phước Đông
28153	806	3	xã	Long Hựu Tây
28156	806	3	xã	Tân Chánh
807	80	2	huyện	Cần Giuộc
28159	807	3	thị trấn	Cần Giuộc
28162	807	3	xã	Phước Lý
28165	807	3	xã	Long Thượng
28168	807	3	xã	Long Hậu
28174	807	3	xã	Phước Hậu
28177	807	3	xã	Mỹ Lộc
28180	807	3	xã	Phước Lại
28183	807	3	xã	Phước Lâm
28189	807	3	xã	Thuận Thành
28192	807	3	xã	Phước Vĩnh Tây
28195	807	3	xã	Phước Vĩnh Đông
28198	807	3	xã	Long An
28201	807	3	xã	Long Phụng
28204	807	3	xã	Đông Thạnh
28207	807	3	xã	Tân Tập
808	80	2	huyện	Châu Thành
28210	808	3	thị trấn	Tầm Vu
28213	808	3	xã	Bình Quới
28216	808	3	xã	Hòa Phú
28219	808	3	xã	Phú Ngãi Trị
28222	808	3	xã	Vĩnh Công
28225	808	3	xã	Thuận Mỹ
28228	808	3	xã	Hiệp Thạnh
28231	808	3	xã	Phước Tân Hưng
28234	808	3	xã	Thanh Phú Long
28237	808	3	xã	Dương Xuân Hội
28240	808	3	xã	An Lục Long
28243	808	3	xã	Long Trì
28246	808	3	xã	Thanh Vĩnh Đông
82		1	tỉnh	Tiền Giang
815	82	2	thành phố	Mỹ Tho
28249	815	3	phường	5
28252	815	3	phường	4
28261	815	3	phường	1
28264	815	3	phường	2
28270	815	3	phường	6
28273	815	3	phường	9
28276	815	3	phường	10
28279	815	3	phường	Tân Long
28282	815	3	xã	Đạo Thạnh
28285	815	3	xã	Trung An
28288	815	3	xã	Mỹ Phong
28291	815	3	xã	Tân Mỹ Chánh
28567	815	3	xã	Phước Thạnh
28591	815	3	xã	Thới Sơn
816	82	2	thành phố	Gò Công
28297	816	3	phường	2
28300	816	3	phường	1
28306	816	3	phường	5
28309	816	3	phường	Long Hưng
28312	816	3	phường	Long Thuận
28315	816	3	phường	Long Chánh
28318	816	3	phường	Long Hòa
28708	816	3	xã	Bình Đông
28717	816	3	xã	Bình Xuân
28729	816	3	xã	Tân Trung
817	82	2	thị xã	Cai Lậy
28435	817	3	phường	1
28436	817	3	phường	2
28437	817	3	phường	3
28439	817	3	phường	4
28440	817	3	phường	5
28447	817	3	xã	Mỹ Phước Tây
28450	817	3	xã	Mỹ Hạnh Đông
28453	817	3	xã	Mỹ Hạnh Trung
28459	817	3	xã	Tân Phú
28462	817	3	xã	Tân Bình
28468	817	3	xã	Tân Hội
28474	817	3	phường	Nhị Mỹ
28477	817	3	xã	Nhị Quý
28480	817	3	xã	Thanh Hòa
28483	817	3	xã	Phú Quý
28486	817	3	xã	Long Khánh
818	82	2	huyện	Tân Phước
28321	818	3	thị trấn	Mỹ Phước
28324	818	3	xã	Tân Hòa Đông
28327	818	3	xã	Thạnh Tân
28330	818	3	xã	Thạnh Mỹ
28333	818	3	xã	Thạnh Hoà
28336	818	3	xã	Phú Mỹ
28339	818	3	xã	Tân Hòa Thành
28342	818	3	xã	Hưng Thạnh
28345	818	3	xã	Tân Lập 1
28348	818	3	xã	Tân Hòa Tây
28354	818	3	xã	Tân Lập 2
28357	818	3	xã	Phước Lập
819	82	2	huyện	Cái Bè
28360	819	3	thị trấn	Cái Bè
28363	819	3	xã	Hậu Mỹ Bắc B
28366	819	3	xã	Hậu Mỹ Bắc A
28369	819	3	xã	Mỹ Trung
28372	819	3	xã	Hậu Mỹ Trinh
28375	819	3	xã	Hậu Mỹ Phú
28378	819	3	xã	Mỹ Tân
28381	819	3	xã	Mỹ Lợi B
28384	819	3	xã	Thiện Trung
28387	819	3	xã	Mỹ Hội
28390	819	3	xã	An Cư
28393	819	3	xã	Hậu Thành
28396	819	3	xã	Mỹ Lợi A
28399	819	3	xã	Hòa Khánh
28402	819	3	xã	Thiện Trí
28405	819	3	xã	Mỹ Đức Đông
28408	819	3	xã	Mỹ Đức Tây
28411	819	3	xã	Đông Hòa Hiệp
28414	819	3	xã	An Thái Đông
28417	819	3	xã	Tân Hưng
28420	819	3	xã	Mỹ Lương
28423	819	3	xã	Tân Thanh
28426	819	3	xã	An Thái Trung
28429	819	3	xã	An Hữu
28432	819	3	xã	Hòa Hưng
820	82	2	huyện	Cai Lậy
28438	820	3	xã	Thạnh Lộc
28441	820	3	xã	Mỹ Thành Bắc
28444	820	3	xã	Phú Cường
28456	820	3	xã	Mỹ Thành Nam
28465	820	3	xã	Phú Nhuận
28471	820	3	thị trấn	Bình Phú
28489	820	3	xã	Cẩm Sơn
28492	820	3	xã	Phú An
28495	820	3	xã	Mỹ Long
28498	820	3	xã	Long Tiên
28501	820	3	xã	Hiệp Đức
28504	820	3	xã	Long Trung
28507	820	3	xã	Hội Xuân
28510	820	3	xã	Tân Phong
28513	820	3	xã	Tam Bình
28516	820	3	xã	Ngũ Hiệp
821	82	2	huyện	Châu Thành
28519	821	3	thị trấn	Tân Hiệp
28522	821	3	xã	Tân Hội Đông
28525	821	3	xã	Tân Hương
28528	821	3	xã	Tân Lý Đông
28534	821	3	xã	Thân Cửu Nghĩa
28537	821	3	xã	Tam Hiệp
28540	821	3	xã	Điềm Hy
28543	821	3	xã	Nhị Bình
28549	821	3	xã	Đông Hòa
28552	821	3	xã	Long Định
28558	821	3	xã	Long An
28561	821	3	xã	Long Hưng
28564	821	3	xã	Bình Trưng
28570	821	3	xã	Thạnh Phú
28573	821	3	xã	Bàn Long
28576	821	3	xã	Vĩnh Kim
28579	821	3	xã	Bình Đức
28582	821	3	xã	Song Thuận
28585	821	3	xã	Kim Sơn
28588	821	3	xã	Phú Phong
822	82	2	huyện	Chợ Gạo
28594	822	3	thị trấn	Chợ Gạo
28597	822	3	xã	Trung Hòa
28600	822	3	xã	Hòa Tịnh
28603	822	3	xã	Mỹ Tịnh An
28606	822	3	xã	Tân Bình Thạnh
28609	822	3	xã	Phú Kiết
28612	822	3	xã	Lương Hòa Lạc
28615	822	3	xã	Thanh Bình
28618	822	3	xã	Quơn Long
28621	822	3	xã	Bình Phục Nhứt
28624	822	3	xã	Đăng Hưng Phước
28627	822	3	xã	Tân Thuận Bình
28630	822	3	xã	Song Bình
28633	822	3	xã	Bình Phan
28636	822	3	xã	Long Bình Điền
28639	822	3	xã	An Thạnh Thủy
28642	822	3	xã	Xuân Đông
28645	822	3	xã	Hòa Định
28648	822	3	xã	Bình Ninh
823	82	2	huyện	Gò Công Tây
28651	823	3	thị trấn	Vĩnh Bình
28654	823	3	xã	Đồng Sơn
28657	823	3	xã	Bình Phú
28660	823	3	xã	Đồng Thạnh
28663	823	3	xã	Thành Công
28666	823	3	xã	Bình Nhì
28669	823	3	xã	Yên Luông
28672	823	3	xã	Thạnh Trị
28675	823	3	xã	Thạnh Nhựt
28678	823	3	xã	Long Vĩnh
28681	823	3	xã	Bình Tân
28684	823	3	xã	Vĩnh Hựu
28687	823	3	xã	Long Bình
824	82	2	huyện	Gò Công Đông
28702	824	3	thị trấn	Tân Hòa
28705	824	3	xã	Tăng Hoà
28711	824	3	xã	Tân Phước
28714	824	3	xã	Gia Thuận
28720	824	3	thị trấn	Vàm Láng
28723	824	3	xã	Tân Tây
28726	824	3	xã	Kiểng Phước
28732	824	3	xã	Tân Đông
28735	824	3	xã	Bình Ân
28738	824	3	xã	Tân Điền
28741	824	3	xã	Bình Nghị
28744	824	3	xã	Phước Trung
28747	824	3	xã	Tân Thành
825	82	2	huyện	Tân Phú Đông
28690	825	3	xã	Tân Thới
28693	825	3	xã	Tân Phú
28696	825	3	xã	Phú Thạnh
28699	825	3	xã	Tân Thạnh
28750	825	3	xã	Phú Đông
28753	825	3	xã	Phú Tân
83		1	tỉnh	Bến Tre
829	83	2	thành phố	Bến Tre
28756	829	3	phường	Phú Khương
28757	829	3	phường	Phú Tân
28759	829	3	phường	8
28762	829	3	phường	6
28777	829	3	phường	An Hội
28780	829	3	phường	7
28783	829	3	xã	Sơn Đông
28786	829	3	xã	Phú Hưng
28789	829	3	xã	Bình Phú
28792	829	3	xã	Mỹ Thạnh An
28795	829	3	xã	Nhơn Thạnh
28798	829	3	xã	Phú Nhuận
831	83	2	huyện	Châu Thành
28804	831	3	xã	Tân Thạch
28807	831	3	xã	Qưới Sơn
28810	831	3	thị trấn	Châu Thành
28813	831	3	xã	Giao Long
28819	831	3	xã	Phú Túc
28822	831	3	xã	Phú Đức
28828	831	3	xã	An Phước
28831	831	3	xã	Tam Phước
28834	831	3	xã	Thành Triệu
28840	831	3	xã	Tân Phú
28843	831	3	xã	Quới Thành
28846	831	3	xã	Phước Thạnh
28852	831	3	xã	Tiên Long
28855	831	3	xã	Tường Đa
28858	831	3	xã	Hữu Định
28861	831	3	thị trấn	Tiên Thủy
832	83	2	huyện	Chợ Lách
28870	832	3	thị trấn	Chợ Lách
28873	832	3	xã	Phú Phụng
28876	832	3	xã	Sơn Định
28879	832	3	xã	Vĩnh Bình
28882	832	3	xã	Hòa Nghĩa
28885	832	3	xã	Long Thới
28888	832	3	xã	Phú Sơn
28891	832	3	xã	Tân Thiềng
28894	832	3	xã	Vĩnh Thành
28897	832	3	xã	Vĩnh Hòa
28900	832	3	xã	Hưng Khánh Trung B
833	83	2	huyện	Mỏ Cày Nam
28903	833	3	thị trấn	Mỏ Cày
28930	833	3	xã	Định Thủy
28939	833	3	xã	Đa Phước Hội
28940	833	3	xã	Tân Hội
28942	833	3	xã	Phước Hiệp
28945	833	3	xã	Bình Khánh 
28951	833	3	xã	An Thạnh
28957	833	3	xã	An Định
28960	833	3	xã	Thành Thới B
28963	833	3	xã	Tân Trung
28966	833	3	xã	An Thới
28969	833	3	xã	Thành Thới A
28972	833	3	xã	Minh Đức
28975	833	3	xã	Ngãi Đăng
28978	833	3	xã	Cẩm Sơn
28981	833	3	xã	Hương Mỹ
834	83	2	huyện	Giồng Trôm
28984	834	3	thị trấn	Giồng Trôm
28987	834	3	xã	Phong Nẫm
28993	834	3	xã	Mỹ Thạnh
28996	834	3	xã	Châu Hòa
28999	834	3	xã	Lương Hòa
29002	834	3	xã	Lương Quới
29005	834	3	xã	Lương Phú
29008	834	3	xã	Châu Bình
29011	834	3	xã	Thuận Điền
29014	834	3	xã	Sơn Phú
29017	834	3	xã	Bình Hoà
29020	834	3	xã	Phước Long
29023	834	3	xã	Hưng Phong
29026	834	3	xã	Long Mỹ
29029	834	3	xã	Tân Hào
29032	834	3	xã	Bình Thành
29035	834	3	xã	Tân Thanh
29038	834	3	xã	Tân Lợi Thạnh
29041	834	3	xã	Thạnh Phú Đông
29044	834	3	xã	Hưng Nhượng
29047	834	3	xã	Hưng Lễ
835	83	2	huyện	Bình Đại
29050	835	3	thị trấn	Bình Đại
29053	835	3	xã	Tam Hiệp
29056	835	3	xã	Long Định
29059	835	3	xã	Long Hòa
29062	835	3	xã	Phú Thuận
29065	835	3	xã	Vang Quới Tây
29068	835	3	xã	Vang Quới Đông
29071	835	3	xã	Châu Hưng
29077	835	3	xã	Lộc Thuận
29080	835	3	xã	Định Trung
29083	835	3	xã	Thới Lai
29086	835	3	xã	Bình Thới
29089	835	3	xã	Phú Long
29092	835	3	xã	Bình Thắng
29095	835	3	xã	Thạnh Trị
29098	835	3	xã	Đại Hòa Lộc
29101	835	3	xã	Thừa Đức
29104	835	3	xã	Thạnh Phước
29107	835	3	xã	Thới Thuận
836	83	2	huyện	Ba Tri
29110	836	3	thị trấn	Ba Tri
29116	836	3	xã	Mỹ Hòa
29119	836	3	xã	Tân Xuân
29122	836	3	xã	Mỹ Chánh
29125	836	3	xã	Bảo Thạnh
29128	836	3	xã	An Phú Trung
29131	836	3	xã	Mỹ Thạnh
29134	836	3	xã	Mỹ Nhơn
29137	836	3	xã	Phước Ngãi
29143	836	3	xã	An Ngãi Trung
29146	836	3	xã	Phú Lễ
29149	836	3	xã	An Bình Tây
29152	836	3	xã	Bảo Thuận
29155	836	3	xã	Tân Hưng
29158	836	3	xã	An Ngãi Tây
29161	836	3	xã	An Hiệp
29164	836	3	xã	Vĩnh Hòa
29167	836	3	xã	Tân Thủy
29170	836	3	xã	Vĩnh An
29173	836	3	xã	An Đức
29176	836	3	xã	An Hòa Tây
29179	836	3	thị trấn	Tiệm Tôm
837	83	2	huyện	Thạnh Phú
29182	837	3	thị trấn	Thạnh Phú
29185	837	3	xã	Phú Khánh
29188	837	3	xã	Đại Điền
29191	837	3	xã	Quới Điền
29194	837	3	xã	Tân Phong
29197	837	3	xã	Mỹ Hưng
29200	837	3	xã	An Thạnh
29203	837	3	xã	Thới Thạnh
29206	837	3	xã	Hòa Lợi
29209	837	3	xã	An Điền
29212	837	3	xã	Bình Thạnh
29215	837	3	xã	An Thuận
29218	837	3	xã	An Quy
29221	837	3	xã	Thạnh Hải
29224	837	3	xã	An Nhơn
29227	837	3	xã	Giao Thạnh
29230	837	3	xã	Thạnh Phong
29233	837	3	xã	Mỹ An
838	83	2	huyện	Mỏ Cày Bắc
28889	838	3	xã	Phú Mỹ
28901	838	3	xã	Hưng Khánh Trung A
28906	838	3	xã	Thanh Tân
28909	838	3	xã	Thạnh Ngãi
28912	838	3	xã	Tân Phú Tây
28915	838	3	thị trấn	Phước Mỹ Trung
28918	838	3	xã	Tân Thành Bình
28921	838	3	xã	Thành An
28924	838	3	xã	Hòa Lộc
28927	838	3	xã	Tân Thanh Tây
28933	838	3	xã	Tân Bình
28936	838	3	xã	Nhuận Phú Tân
28948	838	3	xã	Khánh Thạnh Tân
84		1	tỉnh	Trà Vinh
842	84	2	thành phố	Trà Vinh
29236	842	3	phường	4
29239	842	3	phường	1
29242	842	3	phường	3
29248	842	3	phường	5
29254	842	3	phường	7
29257	842	3	phường	8
29260	842	3	phường	9
29263	842	3	xã	Long Đức
844	84	2	huyện	Càng Long
29266	844	3	thị trấn	Càng Long
29269	844	3	xã	Mỹ Cẩm
29272	844	3	xã	An Trường A
29275	844	3	xã	An Trường
29278	844	3	xã	Huyền Hội
29281	844	3	xã	Tân An
29284	844	3	xã	Tân Bình
29287	844	3	xã	Bình Phú
29290	844	3	xã	Phương Thạnh
29293	844	3	xã	Đại Phúc
29296	844	3	xã	Đại Phước
29299	844	3	xã	Nhị Long Phú
29302	844	3	xã	Nhị Long
29305	844	3	xã	Đức Mỹ
845	84	2	huyện	Cầu Kè
29308	845	3	thị trấn	Cầu Kè
29311	845	3	xã	Hòa Ân
29314	845	3	xã	Châu Điền
29317	845	3	xã	An Phú Tân
29320	845	3	xã	Hoà Tân
29323	845	3	xã	Ninh Thới
29326	845	3	xã	Phong Phú
29329	845	3	xã	Phong Thạnh
29332	845	3	xã	Tam Ngãi
29335	845	3	xã	Thông Hòa
29338	845	3	xã	Thạnh Phú
846	84	2	huyện	Tiểu Cần
29341	846	3	thị trấn	Tiểu Cần
29344	846	3	thị trấn	Cầu Quan
29347	846	3	xã	Phú Cần
29350	846	3	xã	Hiếu Tử
29353	846	3	xã	Hiếu Trung
29356	846	3	xã	Long Thới
29359	846	3	xã	Hùng Hòa
29362	846	3	xã	Tân Hùng
29365	846	3	xã	Tập Ngãi
29368	846	3	xã	Ngãi Hùng
29371	846	3	xã	Tân Hòa
847	84	2	huyện	Châu Thành
29374	847	3	thị trấn	Châu Thành
29377	847	3	xã	Đa Lộc
29380	847	3	xã	Mỹ Chánh
29383	847	3	xã	Thanh Mỹ
29386	847	3	xã	Lương Hoà A
29389	847	3	xã	Lương Hòa
29392	847	3	xã	Song Lộc
29395	847	3	xã	Nguyệt Hóa
29398	847	3	xã	Hòa Thuận
29401	847	3	xã	Hòa Lợi
29404	847	3	xã	Phước Hảo
29407	847	3	xã	Hưng Mỹ
29410	847	3	xã	Hòa Minh
29413	847	3	xã	Long Hòa
848	84	2	huyện	Cầu Ngang
29416	848	3	thị trấn	Cầu Ngang
29419	848	3	thị trấn	Mỹ Long
29422	848	3	xã	Mỹ Long Bắc
29425	848	3	xã	Mỹ Long Nam
29428	848	3	xã	Mỹ Hòa
29431	848	3	xã	Vĩnh Kim
29434	848	3	xã	Kim Hòa
29437	848	3	xã	Hiệp Hòa
29440	848	3	xã	Thuận Hòa
29443	848	3	xã	Long Sơn
29446	848	3	xã	Nhị Trường
29449	848	3	xã	Trường Thọ
29452	848	3	xã	Hiệp Mỹ Đông
29455	848	3	xã	Hiệp Mỹ Tây
29458	848	3	xã	Thạnh Hòa Sơn
849	84	2	huyện	Trà Cú
29461	849	3	thị trấn	Trà Cú
29462	849	3	thị trấn	Định An
29464	849	3	xã	Phước Hưng
29467	849	3	xã	Tập Sơn
29470	849	3	xã	Tân Sơn
29473	849	3	xã	An Quảng Hữu
29476	849	3	xã	Lưu Nghiệp Anh
29479	849	3	xã	Ngãi Xuyên
29482	849	3	xã	Kim Sơn
29485	849	3	xã	Thanh Sơn
29488	849	3	xã	Hàm Giang
29489	849	3	xã	Hàm Tân
29491	849	3	xã	Đại An
29494	849	3	xã	Định An
29503	849	3	xã	Ngọc Biên
29506	849	3	xã	Long Hiệp
29509	849	3	xã	Tân Hiệp
850	84	2	huyện	Duyên Hải
29497	850	3	xã	Đôn Xuân
29500	850	3	xã	Đôn Châu
29513	850	3	thị trấn	Long Thành
29521	850	3	xã	Long Khánh
29530	850	3	xã	Ngũ Lạc
29533	850	3	xã	Long Vĩnh
29536	850	3	xã	Đông Hải
851	84	2	thị xã	Duyên Hải
29512	851	3	phường	1
29515	851	3	xã	Long Toàn
29516	851	3	phường	2
29518	851	3	xã	Long Hữu
29524	851	3	xã	Dân Thành
29527	851	3	xã	Trường Long Hòa
29539	851	3	xã	Hiệp Thạnh
86		1	tỉnh	Vĩnh Long
855	86	2	thành phố	Vĩnh Long
29542	855	3	phường	9
29545	855	3	phường	5
29551	855	3	phường	1
29554	855	3	phường	4
29557	855	3	phường	3
29560	855	3	phường	8
29563	855	3	phường	Tân Ngãi
29566	855	3	phường	Tân Hòa
29569	855	3	phường	Tân Hội
29572	855	3	phường	Trường An
857	86	2	huyện	Long Hồ
29578	857	3	xã	Đồng Phú
29581	857	3	xã	Bình Hòa Phước
29584	857	3	xã	Hòa Ninh
29587	857	3	xã	An Bình
29590	857	3	xã	Thanh Đức
29593	857	3	xã	Tân Hạnh
29596	857	3	xã	Phước Hậu
29599	857	3	xã	Long Phước
29602	857	3	thị trấn	Long Hồ
29605	857	3	xã	Lộc Hòa
29608	857	3	xã	Long An
29611	857	3	xã	Phú Quới
29614	857	3	xã	Thạnh Quới
29617	857	3	xã	Hòa Phú
858	86	2	huyện	Mang Thít
29623	858	3	xã	Mỹ An
29626	858	3	xã	Mỹ Phước
29629	858	3	xã	An Phước
29632	858	3	xã	Nhơn Phú
29635	858	3	xã	Long Mỹ
29638	858	3	xã	Hòa Tịnh
29641	858	3	thị trấn	Cái Nhum
29644	858	3	xã	Bình Phước
29647	858	3	xã	Chánh An
29650	858	3	xã	Tân An Hội
29653	858	3	xã	Tân Long
29656	858	3	xã	Tân Long Hội
859	86	2	huyện	 Vũng Liêm
29659	859	3	thị trấn	Vũng Liêm
29662	859	3	xã	Tân Quới Trung
29665	859	3	xã	Quới Thiện
29668	859	3	xã	Quới An
29671	859	3	xã	Trung Chánh
29674	859	3	xã	Tân An Luông
29677	859	3	xã	Thanh Bình
29680	859	3	xã	Trung Thành Tây
29683	859	3	xã	Trung Hiệp
29686	859	3	xã	Hiếu Phụng
29689	859	3	xã	Trung Thành Đông
29692	859	3	xã	Trung Thành
29695	859	3	xã	Trung Hiếu
29698	859	3	xã	Trung Ngãi
29701	859	3	xã	Hiếu Thuận
29704	859	3	xã	Trung Nghĩa
29707	859	3	xã	Trung An
29710	859	3	xã	Hiếu Nhơn
29713	859	3	xã	Hiếu Thành
29716	859	3	xã	Hiếu Nghĩa
860	86	2	huyện	Tam Bình
29719	860	3	thị trấn	Tam Bình
29722	860	3	xã	Tân Lộc
29725	860	3	xã	Phú Thịnh
29728	860	3	xã	Hậu Lộc
29731	860	3	xã	Hòa Thạnh
29734	860	3	xã	Hoà Lộc
29737	860	3	xã	Phú Lộc
29740	860	3	xã	Song Phú
29743	860	3	xã	Hòa Hiệp
29746	860	3	xã	Mỹ Lộc
29749	860	3	xã	Tân Phú
29752	860	3	xã	Long Phú
29755	860	3	xã	Mỹ Thạnh Trung
29761	860	3	xã	Loan Mỹ
29764	860	3	xã	Ngãi Tứ
29767	860	3	xã	Bình Ninh
861	86	2	thị xã	Bình Minh
29770	861	3	phường	Cái Vồn
29771	861	3	phường	Thành Phước
29806	861	3	xã	Thuận An
29809	861	3	xã	Đông Thạnh
29812	861	3	xã	Đông Bình
29813	861	3	phường	Đông Thuận
29815	861	3	xã	Mỹ Hòa
29818	861	3	xã	Đông Thành
862	86	2	huyện	Trà Ôn
29821	862	3	thị trấn	Trà Ôn
29824	862	3	xã	Xuân Hiệp
29827	862	3	xã	Nhơn Bình
29830	862	3	xã	Hòa Bình
29833	862	3	xã	Thới Hòa
29836	862	3	xã	Trà Côn
29839	862	3	xã	Tân Mỹ
29842	862	3	xã	Hựu Thành
29845	862	3	xã	Vĩnh Xuân
29848	862	3	xã	Thuận Thới
29851	862	3	xã	Phú Thành
29857	862	3	xã	Lục Sỹ Thành
29860	862	3	xã	Tích Thiện
863	86	2	huyện	Bình Tân
29776	863	3	xã	Tân Thành
29779	863	3	xã	Thành Trung
29782	863	3	xã	Tân An Thạnh
29785	863	3	xã	Tân Lược
29788	863	3	xã	Nguyễn Văn Thảnh
29791	863	3	xã	Thành Lợi
29794	863	3	xã	Mỹ Thuận
29797	863	3	xã	Tân Bình
29800	863	3	thị trấn	Tân Quới
87		1	tỉnh	Đồng Tháp
866	87	2	thành phố	Cao Lãnh
29869	866	3	phường	1
29872	866	3	phường	4
29875	866	3	phường	3
29878	866	3	phường	6
29881	866	3	phường	Mỹ Ngãi
29884	866	3	xã	Mỹ Tân
29887	866	3	xã	Mỹ Trà
29888	866	3	phường	Mỹ Phú
29890	866	3	xã	Tân Thuận Tây
29892	866	3	phường	Hoà Thuận
29893	866	3	xã	Hòa An
29896	866	3	xã	Tân Thuận Đông
29899	866	3	xã	Tịnh Thới
867	87	2	thành phố	Sa Đéc
29902	867	3	phường	3
29905	867	3	phường	1
29908	867	3	phường	4
29911	867	3	phường	2
29914	867	3	xã	Tân Khánh Đông
29917	867	3	phường	Tân Quy Đông
29919	867	3	phường	An Hoà
29920	867	3	xã	Tân Quy Tây
29923	867	3	xã	Tân Phú Đông
868	87	2	thành phố	Hồng Ngự
29954	868	3	phường	An Lộc
29955	868	3	phường	An Thạnh
29959	868	3	xã	Bình Thạnh
29965	868	3	xã	Tân Hội
29978	868	3	phường	An Lạc
29986	868	3	phường	An Bình B
29989	868	3	phường	An Bình A
869	87	2	huyện	Tân Hồng
29926	869	3	thị trấn	Sa Rài
29929	869	3	xã	Tân Hộ Cơ
29932	869	3	xã	Thông Bình
29935	869	3	xã	Bình Phú
29938	869	3	xã	Tân Thành A
29941	869	3	xã	Tân Thành B
29944	869	3	xã	Tân Phước
29947	869	3	xã	Tân Công Chí
29950	869	3	xã	An Phước
870	87	2	huyện	Hồng Ngự
29956	870	3	xã	Thường Phước 1
29962	870	3	xã	Thường Thới Hậu A
29971	870	3	thị trấn	Thường Thới Tiền
29974	870	3	xã	Thường Phước 2
29977	870	3	xã	Thường Lạc
29980	870	3	xã	Long Khánh A
29983	870	3	xã	Long Khánh B
29992	870	3	xã	Long Thuận
29995	870	3	xã	Phú Thuận B
29998	870	3	xã	Phú Thuận A
871	87	2	huyện	Tam Nông
30001	871	3	thị trấn	Tràm Chim
30004	871	3	xã	Hoà Bình
30007	871	3	xã	Tân Công Sính
30010	871	3	xã	Phú Hiệp
30013	871	3	xã	Phú Đức
30016	871	3	xã	Phú Thành B
30019	871	3	xã	An Hòa
30022	871	3	xã	An Long
30025	871	3	xã	Phú Cường
30028	871	3	xã	Phú Ninh
30031	871	3	xã	Phú Thọ
30034	871	3	xã	Phú Thành A
872	87	2	huyện	Tháp Mười
30037	872	3	thị trấn	Mỹ An
30040	872	3	xã	Thạnh Lợi
30043	872	3	xã	Hưng Thạnh
30046	872	3	xã	Trường Xuân
30049	872	3	xã	Tân Kiều
30052	872	3	xã	Mỹ Hòa
30055	872	3	xã	Mỹ Quý
30058	872	3	xã	Mỹ Đông
30061	872	3	xã	Đốc Binh Kiều
30064	872	3	xã	Mỹ An
30067	872	3	xã	Phú Điền
30070	872	3	xã	Láng Biển
30073	872	3	xã	Thanh Mỹ
873	87	2	huyện	Cao Lãnh
30076	873	3	thị trấn	Mỹ Thọ
30079	873	3	xã	Gáo Giồng
30082	873	3	xã	Phương Thịnh
30085	873	3	xã	Ba Sao
30088	873	3	xã	Phong Mỹ
30091	873	3	xã	Tân Nghĩa
30094	873	3	xã	Phương Trà
30097	873	3	xã	Nhị Mỹ
30100	873	3	xã	Mỹ Thọ
30103	873	3	xã	Tân Hội Trung
30106	873	3	xã	An Bình
30109	873	3	xã	Mỹ Hội
30112	873	3	xã	Mỹ Hiệp
30115	873	3	xã	Mỹ Long
30118	873	3	xã	Bình Hàng Trung
30121	873	3	xã	Mỹ Xương
30124	873	3	xã	Bình Hàng Tây
30127	873	3	xã	Bình Thạnh
874	87	2	huyện	Thanh Bình
30130	874	3	thị trấn	Thanh Bình
30133	874	3	xã	Tân Quới
30136	874	3	xã	Tân Hòa
30139	874	3	xã	An Phong
30142	874	3	xã	Phú Lợi
30145	874	3	xã	Tân Mỹ
30148	874	3	xã	Bình Tấn
30151	874	3	xã	Tân Huề
30154	874	3	xã	Tân Bình
30157	874	3	xã	Tân Thạnh
30160	874	3	xã	Tân Phú
30163	874	3	xã	Bình Thành
30166	874	3	xã	Tân Long
875	87	2	huyện	Lấp Vò
30169	875	3	thị trấn	Lấp Vò
30172	875	3	xã	Mỹ An Hưng A
30175	875	3	xã	Tân Mỹ
30178	875	3	xã	Mỹ An Hưng B
30181	875	3	xã	Tân  Khánh Trung
30184	875	3	xã	Long Hưng A
30187	875	3	xã	Vĩnh Thạnh
30190	875	3	xã	Long Hưng B
30193	875	3	xã	Bình Thành
30196	875	3	xã	Định An
30199	875	3	xã	Định Yên
30202	875	3	xã	Hội An Đông
30205	875	3	xã	Bình Thạnh Trung
876	87	2	huyện	Lai Vung
30208	876	3	thị trấn	Lai Vung
30211	876	3	xã	Tân Dương
30214	876	3	xã	Hòa Thành
30217	876	3	xã	Long Hậu
30220	876	3	xã	Tân Phước
30223	876	3	xã	Hòa Long
30226	876	3	xã	Tân Thành
30229	876	3	xã	Long Thắng
30232	876	3	xã	Vĩnh Thới
30235	876	3	xã	Tân Hòa
30238	876	3	xã	Định Hòa
30241	876	3	xã	Phong Hòa
877	87	2	huyện	Châu Thành
30244	877	3	thị trấn	Cái Tàu Hạ
30247	877	3	xã	An Hiệp
30250	877	3	xã	An Nhơn
30253	877	3	xã	Tân Nhuận Đông
30256	877	3	xã	Tân Bình
30259	877	3	xã	Tân Phú Trung
30262	877	3	xã	Phú Long
30265	877	3	xã	An Phú Thuận
30268	877	3	xã	Phú Hựu
30271	877	3	xã	An Khánh
30274	877	3	xã	Tân Phú
30277	877	3	xã	Hòa Tân
89		1	tỉnh	An Giang
883	89	2	thành phố	Long Xuyên
30280	883	3	phường	Mỹ Bình
30283	883	3	phường	Mỹ Long
30286	883	3	phường	Mỹ Xuyên
30289	883	3	phường	Bình Đức
30292	883	3	phường	Bình Khánh
30295	883	3	phường	Mỹ Phước
30298	883	3	phường	Mỹ Quý
30301	883	3	phường	Mỹ Thới
30304	883	3	phường	Mỹ Thạnh
30307	883	3	phường	Mỹ Hòa
30310	883	3	xã	Mỹ Khánh
30313	883	3	xã	Mỹ Hoà Hưng
884	89	2	thành phố	Châu Đốc
30316	884	3	phường	Châu Phú B
30319	884	3	phường	Châu Phú A
30322	884	3	phường	Vĩnh Mỹ
30325	884	3	phường	Núi Sam
30328	884	3	phường	Vĩnh Ngươn
30331	884	3	xã	Vĩnh Tế
30334	884	3	xã	Vĩnh Châu
886	89	2	huyện	An Phú
30337	886	3	thị trấn	An Phú
30340	886	3	xã	Khánh An
30341	886	3	thị trấn	Long Bình
30343	886	3	xã	Khánh Bình
30346	886	3	xã	Quốc Thái
30349	886	3	xã	Nhơn Hội
30352	886	3	xã	Phú Hữu
30355	886	3	xã	Phú Hội
30358	886	3	xã	Phước Hưng
30361	886	3	xã	Vĩnh Lộc
30364	886	3	xã	Vĩnh Hậu
30367	886	3	xã	Vĩnh Trường
30370	886	3	xã	Vĩnh Hội Đông
30373	886	3	thị trấn	Đa Phước
887	89	2	thị xã	Tân Châu
30376	887	3	phường	Long Thạnh
30377	887	3	phường	Long Hưng
30378	887	3	phường	Long Châu
30379	887	3	xã	Phú Lộc
30382	887	3	xã	Vĩnh Xương
30385	887	3	xã	Vĩnh Hòa
30387	887	3	xã	Tân Thạnh
30388	887	3	xã	Tân An
30391	887	3	xã	Long An
30394	887	3	phường	Long Phú
30397	887	3	xã	Châu Phong
30400	887	3	xã	Phú Vĩnh
30403	887	3	xã	Lê Chánh
30412	887	3	phường	Long Sơn
888	89	2	huyện	Phú Tân
30406	888	3	thị trấn	Phú Mỹ
30409	888	3	thị trấn	Chợ Vàm
30415	888	3	xã	Long Hoà
30418	888	3	xã	Phú Long
30421	888	3	xã	Phú Lâm
30424	888	3	xã	Phú Hiệp
30427	888	3	xã	Phú Thạnh
30430	888	3	xã	Hoà Lạc
30433	888	3	xã	Phú Thành
30436	888	3	xã	Phú An
30439	888	3	xã	Phú Xuân
30442	888	3	xã	Hiệp Xương
30445	888	3	xã	Phú Bình
30448	888	3	xã	Phú Thọ
30451	888	3	xã	Phú Hưng
30454	888	3	xã	Bình Thạnh Đông
30457	888	3	xã	Tân Hòa
30460	888	3	xã	Tân Trung
889	89	2	huyện	Châu Phú
30463	889	3	thị trấn	Cái Dầu
30466	889	3	xã	Khánh Hòa
30469	889	3	xã	Mỹ Đức
30472	889	3	xã	Mỹ Phú
30475	889	3	xã	Ô Long Vỹ
30478	889	3	thị trấn	Vĩnh Thạnh Trung
30481	889	3	xã	Thạnh Mỹ Tây
30484	889	3	xã	Bình Long
30487	889	3	xã	Bình Mỹ
30490	889	3	xã	Bình Thủy
30493	889	3	xã	Đào Hữu Cảnh
30496	889	3	xã	Bình Phú
30499	889	3	xã	Bình Chánh
890	89	2	thị xã	Tịnh Biên
30502	890	3	phường	Nhà Bàng
30505	890	3	phường	Chi Lăng
30508	890	3	phường	Núi Voi
30511	890	3	phường	Nhơn Hưng
30514	890	3	phường	An Phú
30517	890	3	phường	Thới Sơn
30520	890	3	phường	Tịnh Biên
30523	890	3	xã	Văn Giáo
30526	890	3	xã	An Cư
30529	890	3	xã	An Nông
30532	890	3	xã	Vĩnh Trung
30535	890	3	xã	Tân Lợi
30538	890	3	xã	An Hảo
30541	890	3	xã	Tân Lập
891	89	2	huyện	Tri Tôn
30544	891	3	thị trấn	Tri Tôn
30547	891	3	thị trấn	Ba Chúc
30550	891	3	xã	Lạc Quới
30553	891	3	xã	Lê Trì
30556	891	3	xã	Vĩnh Gia
30559	891	3	xã	Vĩnh Phước
30562	891	3	xã	Châu Lăng
30565	891	3	xã	Lương Phi
30568	891	3	xã	Lương An Trà
30571	891	3	xã	Tà Đảnh
30574	891	3	xã	Núi Tô
30577	891	3	xã	An Tức
30580	891	3	thị trấn	Cô Tô
30583	891	3	xã	Tân Tuyến
30586	891	3	xã	Ô Lâm
892	89	2	huyện	Châu Thành
30589	892	3	thị trấn	An Châu
30592	892	3	xã	An Hòa
30595	892	3	xã	Cần Đăng
30598	892	3	xã	Vĩnh Hanh
30601	892	3	xã	Bình Thạnh
30604	892	3	thị trấn	Vĩnh Bình
30607	892	3	xã	Bình Hòa
30610	892	3	xã	Vĩnh An
30613	892	3	xã	Hòa Bình Thạnh
30616	892	3	xã	Vĩnh Lợi
30619	892	3	xã	Vĩnh Nhuận
30622	892	3	xã	Tân Phú
30625	892	3	xã	Vĩnh Thành
893	89	2	huyện	Chợ Mới
30628	893	3	thị trấn	Chợ Mới
30631	893	3	thị trấn	Mỹ Luông
30634	893	3	xã	Kiến An
30637	893	3	xã	Mỹ Hội Đông
30640	893	3	xã	Long Điền A
30643	893	3	xã	Tấn Mỹ
30646	893	3	xã	Long Điền B
30649	893	3	xã	Kiến Thành
30652	893	3	xã	Mỹ Hiệp
30655	893	3	xã	Mỹ An
30658	893	3	xã	Nhơn Mỹ
30661	893	3	xã	Long Giang
30664	893	3	xã	Long Kiến
30667	893	3	xã	Bình Phước Xuân
30670	893	3	xã	An Thạnh Trung
30673	893	3	thị trấn	Hội An
30676	893	3	xã	Hòa Bình
30679	893	3	xã	Hòa An
894	89	2	huyện	Thoại Sơn
30682	894	3	thị trấn	Núi Sập
30685	894	3	thị trấn	Phú Hoà
30688	894	3	thị trấn	Óc Eo
30691	894	3	xã	Tây Phú
30692	894	3	xã	An Bình
30694	894	3	xã	Vĩnh Phú
30697	894	3	xã	Vĩnh Trạch
30700	894	3	xã	Phú Thuận
30703	894	3	xã	Vĩnh Chánh
30706	894	3	xã	Định Mỹ
30709	894	3	xã	Định Thành
30712	894	3	xã	Mỹ Phú Đông
30715	894	3	xã	Vọng Đông
30718	894	3	xã	Vĩnh Khánh
30721	894	3	xã	Thoại Giang
30724	894	3	xã	Bình Thành
30727	894	3	xã	Vọng Thê
91		1	tỉnh	Kiên Giang
899	91	2	thành phố	Rạch Giá
30733	899	3	phường	Vĩnh Thanh
30736	899	3	phường	Vĩnh Quang
30739	899	3	phường	Vĩnh Hiệp
30742	899	3	phường	Vĩnh Thanh Vân
30745	899	3	phường	Vĩnh Lạc
30748	899	3	phường	An Hòa
30751	899	3	phường	An Bình
30754	899	3	phường	Rạch Sỏi
30757	899	3	phường	Vĩnh Lợi
30760	899	3	phường	Vĩnh Thông
30763	899	3	xã	Phi Thông
900	91	2	thành phố	Hà Tiên
30766	900	3	phường	Tô Châu
30769	900	3	phường	Đông Hồ
30772	900	3	phường	Bình San
30775	900	3	phường	Pháo Đài
30778	900	3	phường	Mỹ Đức
30781	900	3	xã	Tiên Hải
30784	900	3	xã	Thuận Yên
902	91	2	huyện	Kiên Lương
30787	902	3	thị trấn	Kiên Lương
30790	902	3	xã	Kiên Bình
30802	902	3	xã	Hòa Điền
30805	902	3	xã	Dương Hòa
30808	902	3	xã	Bình An
30809	902	3	xã	Bình Trị
30811	902	3	xã	Sơn Hải
30814	902	3	xã	Hòn Nghệ
903	91	2	huyện	Hòn Đất
30817	903	3	thị trấn	Hòn Đất
30820	903	3	thị trấn	Sóc Sơn
30823	903	3	xã	Bình Sơn
30826	903	3	xã	Bình Giang
30828	903	3	xã	Mỹ Thái
30829	903	3	xã	Nam Thái Sơn
30832	903	3	xã	Mỹ Hiệp Sơn
30835	903	3	xã	Sơn Kiên
30836	903	3	xã	Sơn Bình
30838	903	3	xã	Mỹ Thuận
30840	903	3	xã	Lình Huỳnh
30841	903	3	xã	Thổ Sơn
30844	903	3	xã	Mỹ Lâm
30847	903	3	xã	Mỹ Phước
904	91	2	huyện	Tân Hiệp
30850	904	3	thị trấn	Tân Hiệp
30853	904	3	xã	Tân Hội
30856	904	3	xã	Tân Thành
30859	904	3	xã	Tân Hiệp B
30860	904	3	xã	Tân Hoà
30862	904	3	xã	Thạnh Đông B
30865	904	3	xã	Thạnh Đông
30868	904	3	xã	Tân Hiệp A
30871	904	3	xã	Tân An
30874	904	3	xã	Thạnh Đông A
30877	904	3	xã	Thạnh Trị
905	91	2	huyện	Châu Thành
30880	905	3	thị trấn	Minh Lương
30883	905	3	xã	Mong Thọ A
30886	905	3	xã	Mong Thọ B
30887	905	3	xã	Mong Thọ
30889	905	3	xã	Giục Tượng
30892	905	3	xã	Vĩnh Hòa Hiệp
30893	905	3	xã	Vĩnh Hoà Phú
30895	905	3	xã	Minh Hòa
30898	905	3	xã	Bình An
30901	905	3	xã	Thạnh Lộc
906	91	2	huyện	Giồng Riềng
30904	906	3	thị trấn	Giồng Riềng
30907	906	3	xã	Thạnh Hưng
30910	906	3	xã	Thạnh Phước
30913	906	3	xã	Thạnh Lộc
30916	906	3	xã	Thạnh Hòa
30917	906	3	xã	Thạnh Bình
30919	906	3	xã	Bàn Thạch
30922	906	3	xã	Bàn Tân Định
30925	906	3	xã	Ngọc Thành
30928	906	3	xã	Ngọc Chúc
30931	906	3	xã	Ngọc Thuận
30934	906	3	xã	Hòa Hưng
30937	906	3	xã	Hoà Lợi
30940	906	3	xã	Hoà An
30943	906	3	xã	Long Thạnh
30946	906	3	xã	Vĩnh Thạnh
30947	906	3	xã	Vĩnh Phú
30949	906	3	xã	 Hòa Thuận
30950	906	3	xã	Ngọc Hoà
907	91	2	huyện	Gò Quao
30952	907	3	thị trấn	Gò Quao
30955	907	3	xã	Vĩnh Hòa Hưng Bắc
30958	907	3	xã	Định Hòa
30961	907	3	xã	Thới Quản
30964	907	3	xã	Định An
30967	907	3	xã	Thủy Liễu
30970	907	3	xã	Vĩnh Hòa Hưng Nam
30973	907	3	xã	Vĩnh Phước A
30976	907	3	xã	Vĩnh Phước B
30979	907	3	xã	Vĩnh Tuy
30982	907	3	xã	Vĩnh Thắng
908	91	2	huyện	An Biên
30985	908	3	thị trấn	Thứ Ba
30988	908	3	xã	Tây Yên
30991	908	3	xã	Tây Yên A
30994	908	3	xã	Nam Yên
30997	908	3	xã	Hưng Yên
31000	908	3	xã	Nam Thái
31003	908	3	xã	Nam Thái A
31006	908	3	xã	Đông Thái
31009	908	3	xã	Đông Yên
909	91	2	huyện	An Minh
31018	909	3	thị trấn	Thứ Mười Một
31021	909	3	xã	Thuận Hoà
31024	909	3	xã	Đông Hòa
31030	909	3	xã	Đông Thạnh
31031	909	3	xã	Tân Thạnh
31033	909	3	xã	Đông Hưng
31036	909	3	xã	Đông Hưng A
31039	909	3	xã	Đông Hưng B
31042	909	3	xã	Vân Khánh
31045	909	3	xã	Vân Khánh Đông
31048	909	3	xã	Vân Khánh Tây
910	91	2	huyện	Vĩnh Thuận
31051	910	3	thị trấn	Vĩnh Thuận
31060	910	3	xã	Vĩnh Bình Bắc
31063	910	3	xã	Vĩnh Bình Nam
31064	910	3	xã	Bình Minh
31069	910	3	xã	Vĩnh Thuận
31072	910	3	xã	Tân Thuận
31074	910	3	xã	Phong Đông
31075	910	3	xã	Vĩnh Phong
911	91	2	thành phố	Phú Quốc
31078	911	3	phường	Dương Đông
31081	911	3	phường	An Thới
31084	911	3	xã	Cửa Cạn
31087	911	3	xã	Gành Dầu
31090	911	3	xã	Cửa Dương
31093	911	3	xã	Hàm Ninh
31096	911	3	xã	Dương Tơ
31102	911	3	xã	Bãi Thơm
31105	911	3	xã	Thổ Châu
912	91	2	huyện	Kiên Hải
31108	912	3	xã	Hòn Tre
31111	912	3	xã	Lại Sơn
31114	912	3	xã	An Sơn
31115	912	3	xã	Nam Du
913	91	2	huyện	U Minh Thượng
31012	913	3	xã	Thạnh Yên
31015	913	3	xã	Thạnh Yên A
31027	913	3	xã	An Minh Bắc
31054	913	3	xã	Vĩnh Hòa
31057	913	3	xã	Hoà Chánh
31066	913	3	xã	Minh Thuận
914	91	2	huyện	Giang Thành
30791	914	3	xã	Vĩnh Phú
30793	914	3	xã	Vĩnh Điều
30796	914	3	xã	Tân Khánh Hòa
30797	914	3	xã	Phú Lợi
30799	914	3	xã	Phú Mỹ
92		1	thành phố	Cần Thơ
916	92	2	quận	Ninh Kiều
31117	916	3	phường	Cái Khế
31120	916	3	phường	An Hòa
31123	916	3	phường	Thới Bình
31135	916	3	phường	Tân An
31144	916	3	phường	Xuân Khánh
31147	916	3	phường	Hưng Lợi
31149	916	3	phường	An Khánh
31150	916	3	phường	An Bình
917	92	2	quận	Ô Môn
31153	917	3	phường	Châu Văn Liêm
31154	917	3	phường	Thới Hòa
31156	917	3	phường	Thới Long
31157	917	3	phường	Long Hưng
31159	917	3	phường	Thới An
31162	917	3	phường	Phước Thới
31165	917	3	phường	Trường Lạc
918	92	2	quận	Bình Thuỷ
31168	918	3	phường	Bình Thủy
31169	918	3	phường	Trà An
31171	918	3	phường	Trà Nóc
31174	918	3	phường	Thới An Đông
31177	918	3	phường	An Thới
31178	918	3	phường	Bùi Hữu Nghĩa
31180	918	3	phường	Long Hòa
31183	918	3	phường	Long Tuyền
919	92	2	quận	Cái Răng
31186	919	3	phường	Lê Bình
31189	919	3	phường	Hưng Phú
31192	919	3	phường	Hưng Thạnh
31195	919	3	phường	Ba Láng
31198	919	3	phường	Thường Thạnh
31201	919	3	phường	Phú Thứ
31204	919	3	phường	Tân Phú
923	92	2	quận	Thốt Nốt
31207	923	3	phường	Thốt Nốt
31210	923	3	phường	Thới Thuận
31212	923	3	phường	Thuận An
31213	923	3	phường	Tân Lộc
31216	923	3	phường	Trung Nhứt
31217	923	3	phường	Thạnh Hoà
31219	923	3	phường	Trung Kiên
31227	923	3	phường	Tân Hưng
31228	923	3	phường	Thuận Hưng
924	92	2	huyện	Vĩnh Thạnh
31211	924	3	xã	Vĩnh Bình
31231	924	3	thị trấn	Thanh An
31232	924	3	thị trấn	Vĩnh Thạnh
31234	924	3	xã	Thạnh Mỹ
31237	924	3	xã	Vĩnh Trinh
31240	924	3	xã	Thạnh An
31241	924	3	xã	Thạnh Tiến
31243	924	3	xã	Thạnh Thắng
31244	924	3	xã	Thạnh Lợi
31246	924	3	xã	Thạnh Qưới
31252	924	3	xã	Thạnh Lộc
925	92	2	huyện	Cờ Đỏ
31222	925	3	xã	Trung An
31225	925	3	xã	Trung Thạnh
31249	925	3	xã	Thạnh Phú
31255	925	3	xã	Trung Hưng
31261	925	3	thị trấn	Cờ Đỏ
31264	925	3	xã	Thới Hưng
31273	925	3	xã	Đông Hiệp
31274	925	3	xã	Đông Thắng
31276	925	3	xã	Thới Đông
31277	925	3	xã	Thới Xuân
926	92	2	huyện	Phong Điền
31299	926	3	thị trấn	Phong Điền
31300	926	3	xã	Nhơn Ái
31303	926	3	xã	Giai Xuân
31306	926	3	xã	Tân Thới
31309	926	3	xã	Trường Long
31312	926	3	xã	Mỹ Khánh
31315	926	3	xã	Nhơn Nghĩa
927	92	2	huyện	Thới Lai
31258	927	3	thị trấn	Thới Lai
31267	927	3	xã	Thới Thạnh
31268	927	3	xã	Tân Thạnh
31270	927	3	xã	Xuân Thắng
31279	927	3	xã	Đông Bình
31282	927	3	xã	Đông Thuận
31285	927	3	xã	Thới Tân
31286	927	3	xã	Trường Thắng
31288	927	3	xã	Định Môn
31291	927	3	xã	Trường Thành
31294	927	3	xã	Trường Xuân
31297	927	3	xã	Trường Xuân A
31298	927	3	xã	Trường Xuân B
93		1	tỉnh	Hậu Giang
930	93	2	thành phố	Vị Thanh
31318	930	3	phường	I
31321	930	3	phường	III
31324	930	3	phường	IV
31327	930	3	phường	V
31330	930	3	phường	VII
31333	930	3	xã	Vị Tân
31336	930	3	xã	Hoả Lựu
31338	930	3	xã	Tân Tiến
31339	930	3	xã	Hoả Tiến
931	93	2	thành phố	Ngã Bảy
31340	931	3	phường	Ngã Bảy
31341	931	3	phường	Lái Hiếu
31343	931	3	phường	Hiệp Thành
31344	931	3	phường	Hiệp Lợi
31411	931	3	xã	Đại Thành
31414	931	3	xã	Tân Thành
932	93	2	huyện	Châu Thành A
31342	932	3	thị trấn	Một Ngàn
31345	932	3	xã	Tân Hoà
31346	932	3	thị trấn	Bảy Ngàn
31348	932	3	xã	Trường Long Tây
31351	932	3	xã	Trường Long A
31357	932	3	xã	Nhơn Nghĩa A
31359	932	3	thị trấn	Rạch Gòi
31360	932	3	xã	Thạnh Xuân
31362	932	3	thị trấn	Cái Tắc
31363	932	3	xã	Tân Phú Thạnh
933	93	2	huyện	Châu Thành
31366	933	3	thị trấn	Ngã Sáu
31369	933	3	xã	Đông Thạnh
31375	933	3	xã	Đông Phú
31378	933	3	xã	Phú Hữu
31379	933	3	xã	Phú Tân
31381	933	3	thị trấn	Mái Dầm
31384	933	3	xã	Đông Phước
31387	933	3	xã	Đông Phước A
934	93	2	huyện	Phụng Hiệp
31393	934	3	thị trấn	Kinh Cùng
31396	934	3	thị trấn	Cây Dương
31399	934	3	xã	Tân Bình
31402	934	3	xã	Bình Thành
31405	934	3	xã	Thạnh Hòa
31408	934	3	xã	Long Thạnh
31417	934	3	xã	Phụng Hiệp
31420	934	3	xã	Hòa Mỹ
31423	934	3	xã	Hòa An
31426	934	3	xã	Phương Bình
31429	934	3	xã	Hiệp Hưng
31432	934	3	xã	Tân Phước Hưng
31433	934	3	thị trấn	Búng Tàu
31435	934	3	xã	Phương Phú
31438	934	3	xã	Tân Long
935	93	2	huyện	Vị Thuỷ
31441	935	3	thị trấn	Nàng Mau
31444	935	3	xã	Vị Trung
31447	935	3	xã	Vị Thuỷ
31450	935	3	xã	Vị Thắng
31453	935	3	xã	Vĩnh Thuận Tây
31456	935	3	xã	Vĩnh Trung
31459	935	3	xã	Vĩnh Tường
31462	935	3	xã	Vị Đông
31465	935	3	xã	Vị Thanh
31468	935	3	xã	Vị Bình
936	93	2	huyện	Long Mỹ
31483	936	3	xã	Thuận Hưng
31484	936	3	xã	Thuận Hòa
31486	936	3	xã	Vĩnh Thuận Đông
31489	936	3	thị trấn	Vĩnh Viễn
31490	936	3	xã	Vĩnh Viễn A
31492	936	3	xã	Lương Tâm
31493	936	3	xã	Lương Nghĩa
31495	936	3	xã	Xà Phiên
937	93	2	thị xã	Long Mỹ
31471	937	3	phường	Thuận An
31472	937	3	phường	Trà Lồng
31473	937	3	phường	Bình Thạnh
31474	937	3	xã	Long Bình
31475	937	3	phường	Vĩnh Tường
31477	937	3	xã	Long Trị
31478	937	3	xã	Long Trị A
31480	937	3	xã	Long Phú
31481	937	3	xã	Tân Phú
94		1	tỉnh	Sóc Trăng
941	94	2	thành phố	Sóc Trăng
31498	941	3	phường	5
31501	941	3	phường	7
31504	941	3	phường	8
31507	941	3	phường	6
31510	941	3	phường	2
31516	941	3	phường	4
31519	941	3	phường	3
31522	941	3	phường	1
31525	941	3	phường	10
942	94	2	huyện	Châu Thành
31569	942	3	thị trấn	Châu Thành
31570	942	3	xã	Hồ Đắc Kiện
31573	942	3	xã	Phú Tâm
31576	942	3	xã	Thuận Hòa
31582	942	3	xã	Phú Tân
31585	942	3	xã	Thiện Mỹ
31594	942	3	xã	An Hiệp
31600	942	3	xã	An Ninh
943	94	2	huyện	Kế Sách
31528	943	3	thị trấn	Kế Sách
31531	943	3	thị trấn	An Lạc Thôn
31534	943	3	xã	Xuân Hòa
31537	943	3	xã	Phong Nẫm
31540	943	3	xã	An Lạc Tây
31543	943	3	xã	Trinh Phú
31546	943	3	xã	Ba Trinh
31549	943	3	xã	Thới An Hội
31552	943	3	xã	Nhơn Mỹ
31555	943	3	xã	Kế Thành
31558	943	3	xã	Kế An
31561	943	3	xã	Đại Hải
31564	943	3	xã	An Mỹ
944	94	2	huyện	Mỹ Tú
31567	944	3	thị trấn	Huỳnh Hữu Nghĩa
31579	944	3	xã	Long Hưng
31588	944	3	xã	Hưng Phú
31591	944	3	xã	Mỹ Hương
31597	944	3	xã	Mỹ Tú
31603	944	3	xã	Mỹ Phước
31606	944	3	xã	Thuận Hưng
31609	944	3	xã	Mỹ Thuận
31612	944	3	xã	Phú Mỹ
945	94	2	huyện	Cù Lao Dung
31615	945	3	thị trấn	Cù Lao Dung
31618	945	3	xã	An Thạnh 1
31621	945	3	xã	An Thạnh Tây
31624	945	3	xã	An Thạnh Đông
31627	945	3	xã	Đại Ân 1
31630	945	3	xã	An Thạnh 2
31633	945	3	xã	An Thạnh 3
31636	945	3	xã	An Thạnh Nam
946	94	2	huyện	Long Phú
31639	946	3	thị trấn	Long Phú
31642	946	3	xã	Song Phụng
31645	946	3	thị trấn	Đại Ngãi
31648	946	3	xã	Hậu Thạnh
31651	946	3	xã	Long Đức
31654	946	3	xã	Trường Khánh
31657	946	3	xã	Phú Hữu
31660	946	3	xã	Tân Hưng
31663	946	3	xã	Châu Khánh
31666	946	3	xã	Tân Thạnh
31669	946	3	xã	Long Phú
947	94	2	huyện	Mỹ Xuyên
31684	947	3	thị trấn	Mỹ Xuyên
31690	947	3	xã	Đại Tâm
31693	947	3	xã	Tham Đôn
31708	947	3	xã	Thạnh Phú
31711	947	3	xã	Ngọc Đông
31714	947	3	xã	Thạnh Quới
31717	947	3	xã	Hòa Tú 1
31720	947	3	xã	Gia Hòa 1
31723	947	3	xã	Ngọc Tố
31726	947	3	xã	Gia Hòa 2
31729	947	3	xã	Hòa Tú II
948	94	2	thị xã	Ngã Năm
31732	948	3	phường	1
31735	948	3	phường	2
31738	948	3	xã	Vĩnh Quới
31741	948	3	xã	Tân Long
31744	948	3	xã	Long Bình
31747	948	3	phường	3
31750	948	3	xã	Mỹ Bình
31753	948	3	xã	Mỹ Quới
949	94	2	huyện	Thạnh Trị
31756	949	3	thị trấn	Phú Lộc
31757	949	3	thị trấn	Hưng Lợi
31759	949	3	xã	Lâm Tân
31762	949	3	xã	Thạnh Tân
31765	949	3	xã	Lâm Kiết
31768	949	3	xã	Tuân Tức
31771	949	3	xã	Vĩnh Thành
31774	949	3	xã	Thạnh Trị
31777	949	3	xã	Vĩnh Lợi
31780	949	3	xã	Châu Hưng
950	94	2	thị xã	Vĩnh Châu
31783	950	3	phường	1
31786	950	3	xã	Hòa Đông
31789	950	3	phường	Khánh Hòa
31792	950	3	xã	Vĩnh Hiệp
31795	950	3	xã	Vĩnh Hải
31798	950	3	xã	Lạc Hòa
31801	950	3	phường	2
31804	950	3	phường	Vĩnh Phước
31807	950	3	xã	Vĩnh Tân
31810	950	3	xã	Lai Hòa
951	94	2	huyện	Trần Đề
31672	951	3	xã	Đại Ân  2
31673	951	3	thị trấn	Trần Đề
31675	951	3	xã	Liêu Tú
31678	951	3	xã	Lịch Hội Thượng
31679	951	3	thị trấn	Lịch Hội Thượng
31681	951	3	xã	Trung Bình
31687	951	3	xã	Tài Văn
31696	951	3	xã	Viên An
31699	951	3	xã	Thạnh Thới An
31702	951	3	xã	Thạnh Thới Thuận
31705	951	3	xã	Viên Bình
95		1	tỉnh	Bạc Liêu
954	95	2	thành phố	Bạc Liêu
31813	954	3	phường	2
31816	954	3	phường	3
31819	954	3	phường	5
31822	954	3	phường	7
31825	954	3	phường	1
31828	954	3	phường	8
31831	954	3	phường	Nhà Mát
31834	954	3	xã	Vĩnh Trạch
31837	954	3	xã	Vĩnh Trạch Đông
31840	954	3	xã	Hiệp Thành
956	95	2	huyện	Hồng Dân
31843	956	3	thị trấn	Ngan Dừa
31846	956	3	xã	Ninh Quới
31849	956	3	xã	Ninh Quới A
31852	956	3	xã	Ninh Hòa
31855	956	3	xã	Lộc Ninh
31858	956	3	xã	Vĩnh Lộc
31861	956	3	xã	Vĩnh Lộc A
31863	956	3	xã	Ninh Thạnh Lợi A
31864	956	3	xã	Ninh Thạnh Lợi
957	95	2	huyện	Phước Long
31867	957	3	thị trấn	Phước Long
31870	957	3	xã	Vĩnh Phú Đông
31873	957	3	xã	Vĩnh Phú Tây
31876	957	3	xã	Phước Long
31879	957	3	xã	Hưng Phú
31882	957	3	xã	Vĩnh Thanh
31885	957	3	xã	Phong Thạnh Tây A
31888	957	3	xã	Phong Thạnh Tây B
958	95	2	huyện	Vĩnh Lợi
31894	958	3	xã	Vĩnh Hưng
31897	958	3	xã	Vĩnh Hưng A
31900	958	3	thị trấn	Châu Hưng
31903	958	3	xã	Châu Hưng A
31906	958	3	xã	Hưng Thành
31909	958	3	xã	Hưng Hội
31912	958	3	xã	Châu Thới
31921	958	3	xã	Long Thạnh
959	95	2	thị xã	Giá Rai
31942	959	3	phường	1
31945	959	3	phường	Hộ Phòng
31948	959	3	xã	Phong Thạnh Đông
31951	959	3	phường	Láng Tròn
31954	959	3	xã	Phong Tân
31957	959	3	xã	Tân Phong
31960	959	3	xã	Phong Thạnh
31963	959	3	xã	Phong Thạnh A
31966	959	3	xã	Phong Thạnh Tây
31969	959	3	xã	Tân Thạnh
960	95	2	huyện	Đông Hải
31972	960	3	thị trấn	Gành Hào
31975	960	3	xã	Long Điền Đông
31978	960	3	xã	Long Điền Đông A
31981	960	3	xã	Long Điền
31984	960	3	xã	Long Điền Tây
31985	960	3	xã	Điền Hải
31987	960	3	xã	An Trạch
31988	960	3	xã	An Trạch A
31990	960	3	xã	An Phúc
31993	960	3	xã	Định Thành
31996	960	3	xã	Định Thành A
961	95	2	huyện	Hoà Bình
31891	961	3	thị trấn	Hòa Bình
31915	961	3	xã	Minh Diệu
31918	961	3	xã	Vĩnh Bình
31924	961	3	xã	Vĩnh Mỹ B
31927	961	3	xã	Vĩnh Hậu
31930	961	3	xã	Vĩnh Hậu A
31933	961	3	xã	Vĩnh Mỹ A
31936	961	3	xã	Vĩnh Thịnh
96		1	tỉnh	Cà Mau
964	96	2	thành phố	Cà Mau
31999	964	3	phường	9
32002	964	3	phường	2
32005	964	3	phường	1
32008	964	3	phường	5
32014	964	3	phường	8
32017	964	3	phường	6
32020	964	3	phường	7
32022	964	3	phường	Tân Xuyên
32023	964	3	xã	An Xuyên
32025	964	3	phường	Tân Thành
32026	964	3	xã	Tân Thành
32029	964	3	xã	Tắc Vân
32032	964	3	xã	Lý Văn Lâm
32035	964	3	xã	Định Bình
32038	964	3	xã	Hòa Thành
32041	964	3	xã	Hòa Tân
966	96	2	huyện	U Minh
32044	966	3	thị trấn	U Minh
32047	966	3	xã	Khánh Hòa
32048	966	3	xã	Khánh Thuận
32050	966	3	xã	Khánh Tiến
32053	966	3	xã	Nguyễn Phích
32056	966	3	xã	Khánh Lâm
32059	966	3	xã	Khánh An
32062	966	3	xã	Khánh Hội
967	96	2	huyện	Thới Bình
32065	967	3	thị trấn	Thới Bình
32068	967	3	xã	Biển Bạch
32069	967	3	xã	Tân Bằng
32071	967	3	xã	Trí Phải
32072	967	3	xã	Trí Lực
32074	967	3	xã	Biển Bạch Đông
32077	967	3	xã	Thới Bình
32080	967	3	xã	Tân Phú
32083	967	3	xã	Tân Lộc Bắc
32086	967	3	xã	Tân Lộc
32089	967	3	xã	Tân Lộc Đông
32092	967	3	xã	Hồ Thị Kỷ
968	96	2	huyện	Trần Văn Thời
32095	968	3	thị trấn	Trần Văn Thời
32098	968	3	thị trấn	Sông Đốc
32101	968	3	xã	Khánh Bình Tây Bắc
32104	968	3	xã	Khánh Bình Tây
32107	968	3	xã	Trần Hợi
32108	968	3	xã	Khánh Lộc
32110	968	3	xã	Khánh Bình
32113	968	3	xã	Khánh Hưng
32116	968	3	xã	Khánh Bình Đông
32119	968	3	xã	Khánh Hải
32122	968	3	xã	Lợi An
32124	968	3	xã	Phong Điền
32125	968	3	xã	Phong Lạc
969	96	2	huyện	Cái Nước
32128	969	3	thị trấn	Cái Nước
32130	969	3	xã	Thạnh Phú
32131	969	3	xã	Lương Thế Trân
32134	969	3	xã	Phú Hưng
32137	969	3	xã	Tân Hưng
32140	969	3	xã	Hưng Mỹ
32141	969	3	xã	Hoà Mỹ
32142	969	3	xã	Đông Hưng
32143	969	3	xã	Đông Thới
32146	969	3	xã	Tân Hưng Đông
32149	969	3	xã	Trần Thới
970	96	2	huyện	Đầm Dơi
32152	970	3	thị trấn	Đầm Dơi
32155	970	3	xã	Tạ An Khương
32158	970	3	xã	Tạ An Khương  Đông
32161	970	3	xã	Trần Phán
32162	970	3	xã	Tân Trung
32164	970	3	xã	Tân Đức
32167	970	3	xã	Tân Thuận
32170	970	3	xã	Tạ An Khương  Nam
32173	970	3	xã	Tân Duyệt
32174	970	3	xã	Tân Dân
32176	970	3	xã	Tân Tiến
32179	970	3	xã	Quách Phẩm Bắc
32182	970	3	xã	Quách Phẩm
32185	970	3	xã	Thanh Tùng
32186	970	3	xã	Ngọc Chánh
32188	970	3	xã	Nguyễn Huân
971	96	2	huyện	Năm Căn
32191	971	3	thị trấn	Năm Căn
32194	971	3	xã	Hàm Rồng
32197	971	3	xã	Hiệp Tùng
32200	971	3	xã	Đất Mới
32201	971	3	xã	Lâm Hải
32203	971	3	xã	Hàng Vịnh
32206	971	3	xã	Tam Giang
32209	971	3	xã	Tam Giang Đông
972	96	2	huyện	Phú Tân
32212	972	3	thị trấn	Cái Đôi Vàm
32214	972	3	xã	Phú Thuận
32215	972	3	xã	Phú Mỹ
32218	972	3	xã	Phú Tân
32221	972	3	xã	Tân Hải
32224	972	3	xã	Việt Thắng
32227	972	3	xã	Tân Hưng Tây
32228	972	3	xã	Rạch Chèo
32230	972	3	xã	Nguyễn Việt Khái
973	96	2	huyện	Ngọc Hiển
32233	973	3	xã	Tam Giang Tây
32236	973	3	xã	Tân Ân Tây
32239	973	3	xã	Viên An Đông
32242	973	3	xã	Viên An
32244	973	3	thị trấn	Rạch Gốc
32245	973	3	xã	Tân Ân
32248	973	3	xã	Đất Mũi
